index	所属菜单		icon图集	多语言描述	事件类型	参数
index	tabId	sortIndex	icon	titleLang	eventType	param
5	2	1	set:plugin_video.json image:list_weather_sunny	gui.new_video.handle.type201	Weather	sunny
6	2	4	set:plugin_video.json image:list_weather_star	gui.new_video.handle.type204	Weather	star
7	2	5	set:plugin_video.json image:list_weather_sunset	gui.new_video.handle.type205	Weather	sunset
11	3	4	set:plugin_video.json image:list_eff_star	gui.new_video.handle.type304	UiEffect	camera_effect_white_star.effect
12	3	5	set:plugin_video.json image:list_eff_butterfly	gui.new_video.handle.type305	UiEffect	camera_effect_white_butterfly.effect
13	3	6	set:plugin_video.json image:list_eff_colordots	gui.new_video.handle.type306	UiEffect	camera_effect_warm_dots.effect
