农作物方块Id	种子ItemId	第一阶段时间（时间单位s）	第二阶段时间（时间单位s）	第三阶段时间（时间单位s）	第四阶段时间（时间单位s）	产品ItemId	产量
blockId	seedId	stageTime1	stageTime2	stageTime3	stageTime4	productId	productCount
1261	957	15	15	15	15	2298	1
1269	965	30	30	30	30	648	1
1262	958	60	60	60	60	2295	1
1263	959	75	75	75	75	647	1
1265	961	135	135	135	135	2299	1
1267	963	150	150	150	150	2297	1
1266	962	200	200	200	200	2296	1
1272	968	225	225	225	225	2300	1
