广告标签	活动Id	品质	图片	排序	执行动作	隐藏活动UI	参数
tag	activityId	quality	image	sort	action	hideUI	params
FreeRandomItem	42	2	set:advert_summary.json image:icon_ad_shop	5	OpenUI	1	GUIRandomShop#1
FinishTaskChain	42	3	set:advert_summary.json image:icon_ad_task	4	OpenUI	1	GUITaskChain
PassExp100	42	2	set:advert_summary.json image:icon_exp	6	OpenUI	1	GUIPass
OptionalLottery:2001	42	3	set:advert_summary.json image:icon_ticket_free_block	3	OpenUI	1	GUIOptionalLottery#2001
FreeReward:70003	42	4	#	2	OpenUI	0	GUIFreeRewardAdvert#FreeReward:70003
FreeReward:70001	42	4	#	1	OpenUI	0	GUIFreeRewardAdvert#FreeReward:70001
