id	组Id	游戏类型	刷新Cd（秒）	名称	模型名称	朝向	坐标	奖励Id	数量	最大次数	权重
id	groupId	gameType	cdTime	nameLang	actorName	actorYaw	actorPos	rewardId	rewardCount	maxTimes	weight
1	1	g1050	10	npc.kakamada	g1048_npc_kakamada.actor	180	-8.5,34,72.5	12001	50000	1	1000000
2	2	g1050	10	npc.noobPlayer	g1048_npc_noobplayer.actor	157	-6.5,34,71.5	41054	50	1	1000000
3	3	g1050	10	npc.jiang	g1048_npc_jiang.actor	135	-4.5,34,70.5	15001	10	1	1000000
101	1	g1050	10	npc.kakamada	g1048_npc_kakamada.actor	-45	-14.5,26,29.5	16104	1	-1	100
102	1	g1050	10	npc.kakamada	g1048_npc_kakamada.actor	-45	-13.5,29,-0.5	41484	16	1	100
103	1	g1050	10	npc.kakamada	g1048_npc_kakamada.actor	45	21.5,29,42.5	16104	1	-1	100
104	1	g1050	10	npc.kakamada	g1048_npc_kakamada.actor	90	38.5,42,66.5	16104	1	-1	100
105	1	g1050	10	npc.kakamada	g1048_npc_kakamada.actor	75	58.5,36,42.5	16104	1	-1	100
106	1	g1050	10	npc.kakamada	g1048_npc_kakamada.actor	0	45.5,39,0.5	16104	1	-1	100
107	1	g1050	10	npc.kakamada	g1048_npc_kakamada.actor	180	1.5,43,97.5	16104	1	-1	100
108	1	g1050	10	npc.kakamada	g1048_npc_kakamada.actor	150	-13.5,36,116.5	16104	1	-1	100
109	1	g1050	10	npc.kakamada	g1048_npc_kakamada.actor	-90	-64.5,43,82.5	16104	1	-1	100
110	1	g1050	10	npc.kakamada	g1048_npc_kakamada.actor	225	-58.5,42,57.5	41485	8	1	100
111	1	g1050	10	npc.kakamada	g1048_npc_kakamada.actor	180	-29,42,70.5	41486	1	1	100
112	1	g1050	10	npc.kakamada	g1048_npc_kakamada.actor	-30	-28.5,38,-11.5	16104	1	-1	100
113	1	g1050	10	npc.kakamada	g1048_npc_kakamada.actor	0	-10.5,38,-1.5	16104	1	-1	100
114	1	g1050	10	npc.kakamada	g1048_npc_kakamada.actor	45	21.5,45,-15.5	16104	1	-1	100
115	1	g1050	10	npc.kakamada	g1048_npc_kakamada.actor	45	29.5,42,14.5	16104	1	-1	100
201	2	g1050	10	npc.noobPlayer	g1048_npc_noobplayer.actor	270	-30.5,29,64.5	16105	1	-1	100
202	2	g1050	10	npc.noobPlayer	g1048_npc_noobplayer.actor	225	-30.5,35,79.5	41522	1	1	300
203	2	g1050	10	npc.noobPlayer	g1048_npc_noobplayer.actor	180	-0.5,30,75.5	16105	1	-1	100
204	2	g1050	10	npc.noobPlayer	g1048_npc_noobplayer.actor	90	46.5,43,77.5	16105	1	-1	100
205	2	g1050	10	npc.noobPlayer	g1048_npc_noobplayer.actor	225	14.5,39,121.5	16105	1	-1	100
206	2	g1050	10	npc.noobPlayer	g1048_npc_noobplayer.actor	-45	51.5,39,102.5	16105	1	-1	100
207	2	g1050	10	npc.noobPlayer	g1048_npc_noobplayer.actor	180	-12.5,42,81.5	16105	1	-1	100
208	2	g1050	10	npc.noobPlayer	g1048_npc_noobplayer.actor	225	-22.5,36,115.5	16105	1	-1	100
209	2	g1050	10	npc.noobPlayer	g1048_npc_noobplayer.actor	-225	-4.5,41,114.5	16105	1	-1	100
210	2	g1050	10	npc.noobPlayer	g1048_npc_noobplayer.actor	180	-42.5,43,118.5	41054	150	1	100
211	2	g1050	10	npc.noobPlayer	g1048_npc_noobplayer.actor	315	-57.5,37,75.5	16105	1	-1	100
212	2	g1050	10	npc.noobPlayer	g1048_npc_noobplayer.actor	-45	-56.5,35,48.5	16105	1	-1	100
213	2	g1050	10	npc.noobPlayer	g1048_npc_noobplayer.actor	180	-7.5,44,-14.5	41054	150	1	100
214	2	g1050	10	npc.noobPlayer	g1048_npc_noobplayer.actor	-115	-63.5,36,31.5	16105	1	-1	100
215	2	g1050	10	npc.noobPlayer	g1048_npc_noobplayer.actor	90	38.5,40,-8.5	16105	1	-1	100
301	3	g1050	10	npc.jiang	g1048_npc_jiang.actor	225	-19.5,29,15.5	16106	1	-1	100
302	3	g1050	10	npc.jiang	g1048_npc_jiang.actor	0	13,30,15.5	16106	1	-1	100
303	3	g1050	10	npc.jiang	g1048_npc_jiang.actor	90	23.5,29,69.5	16106	1	-1	100
304	3	g1050	10	npc.jiang	g1048_npc_jiang.actor	160	20.5,50,97.5	16106	1	-1	100
305	3	g1050	10	npc.jiang	g1048_npc_jiang.actor	160	29.5,42,117.5	16106	1	-1	100
306	3	g1050	10	npc.jiang	g1048_npc_jiang.actor	-45	57.5,39,74.5	16106	1	-1	100
307	3	g1050	10	npc.jiang	g1048_npc_jiang.actor	180	9.5,46,91.5	15001	20	1	100
308	3	g1050	10	npc.jiang	g1048_npc_jiang.actor	285	-23.5,36,106.5	16106	1	-1	100
309	3	g1050	10	npc.jiang	g1048_npc_jiang.actor	225	-32.3,43,98.3	16106	1	-1	100
310	3	g1050	10	npc.jiang	g1048_npc_jiang.actor	45	-47.5,39,96.5	16106	1	-1	100
311	3	g1050	10	npc.jiang	g1048_npc_jiang.actor	225	-47.5,44,69.5	15001	20	1	100
312	3	g1050	10	npc.jiang	g1048_npc_jiang.actor	300	-57.5,48,60.5	15001	20	1	100
313	3	g1050	10	npc.jiang	g1048_npc_jiang.actor	-30	-47.5,37,-7.5	16106	1	-1	100
314	3	g1050	10	npc.jiang	g1048_npc_jiang.actor	0	-7.5,44,-6.5	16106	1	-1	100
315	3	g1050	10	npc.jiang	g1048_npc_jiang.actor	-25	-24.5,42,3.5	16106	1	-1	100
