ID	礼包Id	活动Id	价格类型	价格	购买次数	标题	提示语	主图
index	giftBagId	activityId	priceType	price	buyTimes	title	hint	mainImage
1	1	1	1	588	1	halloween.activity.title	halloween.activity.hint	#
2	2	6	1	1388	1	halloween.activity.title	halloween.activity.hint	#
3	1011	10	1	58	1	pack.reforged.armor.title1	pack.reforged.armor.hint1	set:pack_event.json image:icon_0_refining_stone_pack1
4	1012	10	1	288	1	pack.reforged.armor.title2	pack.reforged.armor.hint2	set:pack_event.json image:icon_0_refining_stone_pack2
5	1013	10	1	488	1	pack.reforged.armor.title3	pack.reforged.armor.hint3	set:pack_event.json image:icon_0_refining_stone_pack3
6	1014	10	1	1888	1	pack.reforged.armor.title4	pack.reforged.armor.hint4	set:pack_event.json image:icon_0_refining_stone_pack4
7	1021	11	1	68	1	pack.reforged.weapon.title1	pack.reforged.weapon.hint1	set:pack_event.json image:icon_0_refining_stone_pack5
8	1022	11	1	298	1	pack.reforged.weapon.title2	pack.reforged.weapon.hint2	set:pack_event.json image:icon_0_refining_stone_pack6
9	1023	11	1	588	1	pack.reforged.weapon.title3	pack.reforged.weapon.hint3	set:pack_event.json image:icon_0_refining_stone_pack7
10	1024	11	1	988	1	pack.reforged.weapon.title4	pack.reforged.weapon.hint4	set:pack_event.json image:icon_0_refining_stone_pack8
11	1011	15	1	58	1	pack.reforged.armor.title1	pack.reforged.armor.hint1	set:pack_event.json image:icon_0_refining_stone_pack1
12	1012	15	1	288	1	pack.reforged.armor.title2	pack.reforged.armor.hint2	set:pack_event.json image:icon_0_refining_stone_pack2
13	1013	15	1	488	1	pack.reforged.armor.title3	pack.reforged.armor.hint3	set:pack_event.json image:icon_0_refining_stone_pack3
14	1014	15	1	768	1	pack.reforged.armor.title4	pack.reforged.armor.hint4	set:pack_event.json image:icon_0_refining_stone_pack4
15	1021	17	1	68	1	pack.reforged.weapon.title1	pack.reforged.weapon.hint1	set:pack_event.json image:icon_0_refining_stone_pack5
16	1022	17	1	298	1	pack.reforged.weapon.title2	pack.reforged.weapon.hint2	set:pack_event.json image:icon_0_refining_stone_pack6
17	1023	17	1	588	1	pack.reforged.weapon.title3	pack.reforged.weapon.hint3	set:pack_event.json image:icon_0_refining_stone_pack7
18	1024	17	1	988	1	pack.reforged.weapon.title4	pack.reforged.weapon.hint4	set:pack_event.json image:icon_0_refining_stone_pack8
19	1011	19	1	58	1	pack.reforged.armor.title1	pack.reforged.armor.hint1	set:pack_event.json image:icon_0_refining_stone_pack1
20	1012	19	1	288	1	pack.reforged.armor.title2	pack.reforged.armor.hint2	set:pack_event.json image:icon_0_refining_stone_pack2
21	1013	19	1	488	1	pack.reforged.armor.title3	pack.reforged.armor.hint3	set:pack_event.json image:icon_0_refining_stone_pack3
22	1014	19	1	768	1	pack.reforged.armor.title4	pack.reforged.armor.hint4	set:pack_event.json image:icon_0_refining_stone_pack4
23	1021	20	1	68	1	pack.reforged.weapon.title1	pack.reforged.weapon.hint1	set:pack_event.json image:icon_0_refining_stone_pack5
24	1022	20	1	298	1	pack.reforged.weapon.title2	pack.reforged.weapon.hint2	set:pack_event.json image:icon_0_refining_stone_pack6
25	1023	20	1	588	1	pack.reforged.weapon.title3	pack.reforged.weapon.hint3	set:pack_event.json image:icon_0_refining_stone_pack7
26	1024	20	1	988	1	pack.reforged.weapon.title4	pack.reforged.weapon.hint4	set:pack_event.json image:icon_0_refining_stone_pack8
27	1011	22	1	58	1	pack.reforged.armor.title1	pack.reforged.armor.hint1	set:pack_event.json image:icon_0_refining_stone_pack1
28	1012	22	1	288	1	pack.reforged.armor.title2	pack.reforged.armor.hint2	set:pack_event.json image:icon_0_refining_stone_pack2
29	1013	22	1	488	1	pack.reforged.armor.title3	pack.reforged.armor.hint3	set:pack_event.json image:icon_0_refining_stone_pack3
30	1014	22	1	768	1	pack.reforged.armor.title4	pack.reforged.armor.hint4	set:pack_event.json image:icon_0_refining_stone_pack4
31	1021	24	1	68	1	pack.reforged.weapon.title1	pack.reforged.weapon.hint1	set:pack_event.json image:icon_0_refining_stone_pack5
32	1022	24	1	298	1	pack.reforged.weapon.title2	pack.reforged.weapon.hint2	set:pack_event.json image:icon_0_refining_stone_pack6
33	1023	24	1	588	1	pack.reforged.weapon.title3	pack.reforged.weapon.hint3	set:pack_event.json image:icon_0_refining_stone_pack7
34	1024	24	1	988	1	pack.reforged.weapon.title4	pack.reforged.weapon.hint4	set:pack_event.json image:icon_0_refining_stone_pack8
35	1011	25	1	58	1	pack.reforged.armor.title1	pack.reforged.armor.hint1	set:pack_event.json image:icon_0_refining_stone_pack1
36	1012	25	1	288	1	pack.reforged.armor.title2	pack.reforged.armor.hint2	set:pack_event.json image:icon_0_refining_stone_pack2
37	1013	25	1	488	1	pack.reforged.armor.title3	pack.reforged.armor.hint3	set:pack_event.json image:icon_0_refining_stone_pack3
38	1014	25	1	768	2	pack.reforged.armor.title4	pack.reforged.armor.hint4	set:pack_event.json image:icon_0_refining_stone_pack4
39	1021	26	1	68	1	pack.reforged.weapon.title1	pack.reforged.weapon.hint1	set:pack_event.json image:icon_0_refining_stone_pack5
40	1022	26	1	298	1	pack.reforged.weapon.title2	pack.reforged.weapon.hint2	set:pack_event.json image:icon_0_refining_stone_pack6
41	1023	26	1	588	1	pack.reforged.weapon.title3	pack.reforged.weapon.hint3	set:pack_event.json image:icon_0_refining_stone_pack7
42	1024	26	1	988	2	pack.reforged.weapon.title4	pack.reforged.weapon.hint4	set:pack_event.json image:icon_0_refining_stone_pack8
43	1011	27	1	58	1	pack.reforged.armor.title1	pack.reforged.armor.hint1	set:pack_event.json image:icon_0_refining_stone_pack1
44	1012	27	1	288	1	pack.reforged.armor.title2	pack.reforged.armor.hint2	set:pack_event.json image:icon_0_refining_stone_pack2
45	1013	27	1	488	1	pack.reforged.armor.title3	pack.reforged.armor.hint3	set:pack_event.json image:icon_0_refining_stone_pack3
46	1014	27	1	768	2	pack.reforged.armor.title4	pack.reforged.armor.hint4	set:pack_event.json image:icon_0_refining_stone_pack4
47	1021	30	1	68	1	pack.reforged.weapon.title1	pack.reforged.weapon.hint1	set:pack_event.json image:icon_0_refining_stone_pack5
48	1022	30	1	298	1	pack.reforged.weapon.title2	pack.reforged.weapon.hint2	set:pack_event.json image:icon_0_refining_stone_pack6
49	1023	30	1	588	1	pack.reforged.weapon.title3	pack.reforged.weapon.hint3	set:pack_event.json image:icon_0_refining_stone_pack7
50	1024	30	1	988	2	pack.reforged.weapon.title4	pack.reforged.weapon.hint4	set:pack_event.json image:icon_0_refining_stone_pack8
51	1011	32	1	58	1	pack.reforged.armor.title1	pack.reforged.armor.hint1	set:pack_event.json image:icon_0_refining_stone_pack1
52	1012	32	1	288	1	pack.reforged.armor.title2	pack.reforged.armor.hint2	set:pack_event.json image:icon_0_refining_stone_pack2
53	1013	32	1	488	1	pack.reforged.armor.title3	pack.reforged.armor.hint3	set:pack_event.json image:icon_0_refining_stone_pack3
54	1014	32	1	768	2	pack.reforged.armor.title4	pack.reforged.armor.hint4	set:pack_event.json image:icon_0_refining_stone_pack4
55	1021	35	1	68	1	pack.reforged.weapon.title1	pack.reforged.weapon.hint1	set:pack_event.json image:icon_0_refining_stone_pack5
56	1022	35	1	298	1	pack.reforged.weapon.title2	pack.reforged.weapon.hint2	set:pack_event.json image:icon_0_refining_stone_pack6
57	1023	35	1	588	1	pack.reforged.weapon.title3	pack.reforged.weapon.hint3	set:pack_event.json image:icon_0_refining_stone_pack7
58	1024	35	1	988	2	pack.reforged.weapon.title4	pack.reforged.weapon.hint4	set:pack_event.json image:icon_0_refining_stone_pack8
59	1011	36	1	58	1	pack.reforged.armor.title1	pack.reforged.armor.hint1	set:pack_event.json image:icon_0_refining_stone_pack1
60	1012	36	1	288	1	pack.reforged.armor.title2	pack.reforged.armor.hint2	set:pack_event.json image:icon_0_refining_stone_pack2
61	1013	36	1	488	1	pack.reforged.armor.title3	pack.reforged.armor.hint3	set:pack_event.json image:icon_0_refining_stone_pack3
62	1014	36	1	768	2	pack.reforged.armor.title4	pack.reforged.armor.hint4	set:pack_event.json image:icon_0_refining_stone_pack4
63	1021	38	1	68	1	pack.reforged.weapon.title1	pack.reforged.weapon.hint1	set:pack_event.json image:icon_0_refining_stone_pack5
64	1022	38	1	298	1	pack.reforged.weapon.title2	pack.reforged.weapon.hint2	set:pack_event.json image:icon_0_refining_stone_pack6
65	1023	38	1	588	1	pack.reforged.weapon.title3	pack.reforged.weapon.hint3	set:pack_event.json image:icon_0_refining_stone_pack7
66	1024	38	1	988	2	pack.reforged.weapon.title4	pack.reforged.weapon.hint4	set:pack_event.json image:icon_0_refining_stone_pack8
67	1011	39	1	58	1	pack.reforged.armor.title1	pack.reforged.armor.hint1	set:pack_event.json image:icon_0_refining_stone_pack1
68	1012	39	1	288	1	pack.reforged.armor.title2	pack.reforged.armor.hint2	set:pack_event.json image:icon_0_refining_stone_pack2
69	1013	39	1	488	1	pack.reforged.armor.title3	pack.reforged.armor.hint3	set:pack_event.json image:icon_0_refining_stone_pack3
70	1014	39	1	768	9	pack.reforged.armor.title4	pack.reforged.armor.hint4	set:pack_event.json image:icon_0_refining_stone_pack4
71	1021	41	1	68	1	pack.reforged.weapon.title1	pack.reforged.weapon.hint1	set:pack_event.json image:icon_0_refining_stone_pack5
72	1022	41	1	298	1	pack.reforged.weapon.title2	pack.reforged.weapon.hint2	set:pack_event.json image:icon_0_refining_stone_pack6
73	1023	41	1	588	1	pack.reforged.weapon.title3	pack.reforged.weapon.hint3	set:pack_event.json image:icon_0_refining_stone_pack7
74	1024	41	1	988	9	pack.reforged.weapon.title4	pack.reforged.weapon.hint4	set:pack_event.json image:icon_0_refining_stone_pack8
75	1011	44	1	58	1	pack.reforged.armor.title1	pack.reforged.armor.hint1	set:pack_event.json image:icon_0_refining_stone_pack1
76	1012	44	1	288	1	pack.reforged.armor.title2	pack.reforged.armor.hint2	set:pack_event.json image:icon_0_refining_stone_pack2
77	1013	44	1	488	1	pack.reforged.armor.title3	pack.reforged.armor.hint3	set:pack_event.json image:icon_0_refining_stone_pack3
78	1014	44	1	768	3	pack.reforged.armor.title4	pack.reforged.armor.hint4	set:pack_event.json image:icon_0_refining_stone_pack4
79	1021	46	1	68	1	pack.reforged.weapon.title1	pack.reforged.weapon.hint1	set:pack_event.json image:icon_0_refining_stone_pack5
80	1022	46	1	298	1	pack.reforged.weapon.title2	pack.reforged.weapon.hint2	set:pack_event.json image:icon_0_refining_stone_pack6
81	1023	46	1	588	1	pack.reforged.weapon.title3	pack.reforged.weapon.hint3	set:pack_event.json image:icon_0_refining_stone_pack7
82	1024	46	1	988	9	pack.reforged.weapon.title4	pack.reforged.weapon.hint4	set:pack_event.json image:icon_0_refining_stone_pack8
83	1011	48	1	58	1	pack.reforged.armor.title1	pack.reforged.armor.hint1	set:pack_event.json image:icon_0_refining_stone_pack1
84	1012	48	1	288	1	pack.reforged.armor.title2	pack.reforged.armor.hint2	set:pack_event.json image:icon_0_refining_stone_pack2
85	1013	48	1	488	1	pack.reforged.armor.title3	pack.reforged.armor.hint3	set:pack_event.json image:icon_0_refining_stone_pack3
86	1014	48	1	768	3	pack.reforged.armor.title4	pack.reforged.armor.hint4	set:pack_event.json image:icon_0_refining_stone_pack4
87	1011	50	1	58	1	pack.reforged.armor.title1	pack.reforged.armor.hint1	set:pack_event.json image:icon_0_refining_stone_pack1
88	1012	50	1	288	1	pack.reforged.armor.title2	pack.reforged.armor.hint2	set:pack_event.json image:icon_0_refining_stone_pack2
89	1013	50	1	488	1	pack.reforged.armor.title3	pack.reforged.armor.hint3	set:pack_event.json image:icon_0_refining_stone_pack3
90	1014	50	1	768	3	pack.reforged.armor.title4	pack.reforged.armor.hint4	set:pack_event.json image:icon_0_refining_stone_pack4
91	1021	51	1	68	1	pack.reforged.weapon.title1	pack.reforged.weapon.hint1	set:pack_event.json image:icon_0_refining_stone_pack5
92	1022	51	1	298	1	pack.reforged.weapon.title2	pack.reforged.weapon.hint2	set:pack_event.json image:icon_0_refining_stone_pack6
93	1023	51	1	588	1	pack.reforged.weapon.title3	pack.reforged.weapon.hint3	set:pack_event.json image:icon_0_refining_stone_pack7
94	1024	51	1	988	3	pack.reforged.weapon.title4	pack.reforged.weapon.hint4	set:pack_event.json image:icon_0_refining_stone_pack8
95	1031	52	1	299	1	pack.reforged.pet.title1	pack.reforged.pet.hint1	set:pack_event_2.json image:icon_0_pet_pack
96	1032	52	1	849	1	pack.reforged.pet.title2	pack.reforged.pet.hint2	set:pack_event_2.json image:icon_0_pet_pack
97	1033	52	1	1399	1	pack.reforged.pet.title3	pack.reforged.pet.hint3	set:pack_event_2.json image:icon_0_pet_pack
98	1034	52	1	2699	3	pack.reforged.pet.title4	pack.reforged.pet.hint4	set:pack_event_2.json image:icon_0_pet_pack
99	1011	54	1	58	1	pack.reforged.armor.title1	pack.reforged.armor.hint1	set:pack_event.json image:icon_0_refining_stone_pack1
100	1012	54	1	288	1	pack.reforged.armor.title2	pack.reforged.armor.hint2	set:pack_event.json image:icon_0_refining_stone_pack2
101	1013	54	1	488	1	pack.reforged.armor.title3	pack.reforged.armor.hint3	set:pack_event.json image:icon_0_refining_stone_pack3
102	1014	54	1	768	3	pack.reforged.armor.title4	pack.reforged.armor.hint4	set:pack_event.json image:icon_0_refining_stone_pack4
