唯一Id	池子Id	幸运值	权重(100=翻倍)	图标	文本
index	poolId	lucky	weight	icon	text
1	1	0	0	set:island_global_lottery1.json image:img_lucky_x	#
2	1	1	-25	set:island_global_lottery1.json image:img_lucky_d	#
3	1	2	-15	set:island_global_lottery1.json image:img_lucky_c	#
4	1	3	0	set:island_global_lottery1.json image:img_lucky_b	#
5	1	4	20	set:island_global_lottery1.json image:img_lucky_a	#
6	1	5	30	set:island_global_lottery1.json image:img_lucky_s	#
7	1	6	50	set:island_global_lottery1.json image:img_lucky_s+	#
