{
	"?配置说明": {
		"condition": "条件：许愿活动Id=许愿进度",
		"price": "价格",
		"bodyParts": "附加部位",
		"reward": "奖励详情",
		"luckyPid": "幸运池Id",
		"luckyPrice": "幸运池随机价格",
		"rewardPid": "奖励池Id",
		"?reward": {
			"?items": {
				"rank": "递增就行",
				"condition": "条件：许愿活动Id=许愿进度",
				"weight": "抽奖概率权重，n分之100，例：10000000=1/100000"
			}
		}
	},
	"1004": {
		"price": "1501#0#10",
		"condition": {
			"start": "1003=0",
			"finish": "1003=6000000"
		},
		"luckyPid": 1,
		"luckyPrice": 3,
		"noneModel": "set:island_global_lottery1.json image:img_none_model",
		"rewardPid": 101,
		"actorSkill": "g1048_show_lucky_weapon",
		"bodyParts": [
			{
				"masterName": "gun",
				"slaveName" : "show_lucky_weapon"
			}
		],
		"reward": {
			"rewardId": 41409,
			"rewardCount": 1,
			"items": [
				{
					"rank": 1,
					"weight": 5000000,
					"condition": "1003=0"
				},
				{
					"rank": 2,
					"weight": 7500000,
					"condition": "1003=500000"
				},
				{
					"rank": 3,
					"weight": 9000000,
					"condition": "1003=1200000"
				},
				{
					"rank": 4,
					"weight": 7500000,
					"condition": "1003=2200000"
				},
				{
					"rank": 5,
					"weight": 12000000,
					"condition": "1003=3000000"
				},
				{
					"rank": 6,
					"weight": 15000000,
					"condition": "1003=4200000"
				}
			]
		}
	},
	"1006": {
		"price": "1501#0#10",
		"condition": {
			"start": "1003=5000000",
			"finish": "1005=5500000"
		},
		"luckyPid": 1,
		"luckyPrice": 3,
		"noneModel": "set:island_global_lottery1.json image:img_none_model",
		"rewardPid": 101,
		"actorSkill": "g1048_show_lucky_weapon",
		"bodyParts": [
			{
				"masterName": "gun",
				"slaveName" : "show_lucky_weapon"
			}
		],
		"reward": {
			"rewardId": 41409,
			"rewardCount": 1,
			"items": [
				{
					"rank": 1,
					"weight": 7500000,
					"condition": "1005=0"
				},
				{
					"rank": 2,
					"weight": 15000000,
					"condition": "1005=500000"
				},
				{
					"rank": 3,
					"weight": 9000000,
					"condition": "1005=1200000"
				},
				{
					"rank": 4,
					"weight": 12000000,
					"condition": "1005=2200000"
				},
				{
					"rank": 5,
					"weight": 12000000,
					"condition": "1005=3000000"
				},
				{
					"rank": 6,
					"weight": 15000000,
					"condition": "1005=4200000"
				}
			]
		}
	},
	"1008": {
		"price": "1501#0#10",
		"condition": {
			"start": "1005=5000000",
			"finish": "1007=10000000"
		},
		"luckyPid": 1,
		"luckyPrice": 3,
		"noneModel": "set:island_global_lottery1.json image:img_none_model",
		"rewardPid": 101,
		"actorSkill": "g1048_show_lucky_weapon",
		"bodyParts": [
			{
				"masterName": "gun",
				"slaveName" : "show_lucky_weapon"
			}
		],
		"reward": {
			"rewardId": 41409,
			"rewardCount": 1,
			"items": [
				{
					"rank": 1,
					"weight": 7500000,
					"condition": "1007=0"
				},
				{
					"rank": 2,
					"weight": 15000000,
					"condition": "1007=500000"
				},
				{
					"rank": 3,
					"weight": 9000000,
					"condition": "1007=1200000"
				},
				{
					"rank": 4,
					"weight": 12000000,
					"condition": "1007=2200000"
				},
				{
					"rank": 5,
					"weight": 12000000,
					"condition": "1007=3000000"
				},
				{
					"rank": 6,
					"weight": 15000000,
					"condition": "1007=4200000"
				}
			]
		}
	}
}