{
	"3": {
		"GrandPrizeRewardId": 41256,
		"GrandPrizeImage": "set:lucky_lottery.json image:img_gatlin_newyear"
	},
	"4": {
		"GrandPrizeRewardId": 41276,
		"GrandPrizeImage": "set:lucky_lottery.json image:img_gatlin_gold"
	},
	"7": {
		"GrandPrizeRewardId": 41257,
		"GrandPrizeImage": "set:lucky_lottery.json image:img_gatlin_gold"
	},
	"9": {
		"GrandPrizeRewardId": 41409,
		"GrandPrizeImage": "set:lucky_lottery.json image:img_halberd"
	},
	"12": {
		"GrandPrizeRewardId": 41274,
		"GrandPrizeImage": "set:lucky_lottery.json image:img_angel_ring"
	},
	"14": {
		"GrandPrizeRewardId": 41465,
		"GrandPrizeImage": "set:lucky_lottery.json image:img_zeus"
	},
	"18": {
		"GrandPrizeRewardId": 41577,
		"GrandPrizeImage": "set:lucky_lottery_2.json image:img_hades"
	},
	"21": {
		"GrandPrizeRewardId": 41612,
		"GrandPrizeImage": "set:lucky_lottery_2.json image:img_ares"
	},
	"23": {
		"GrandPrizeRewardId": 41634,
		"GrandPrizeImage": "set:lucky_lottery_2.json image:img_christmas_wand"
	},
	"28": {
		"GrandPrizeRewardId": 41729,
		"GrandPrizeImage": "set:lucky_lottery_3.json image:img_apollo"
	},
	"29": {
		"GrandPrizeRewardId": 41731,
		"GrandPrizeImage": "set:lucky_lottery_3.json image:img_gatlin_ender"
	},
	"31": {
		"GrandPrizeRewardId": 41750,
		"GrandPrizeImage": "set:lucky_lottery_3.json image:img_ramadan"
	},
	"33": {
		"GrandPrizeRewardId": 41276,
		"GrandPrizeImage": "set:lucky_lottery.json image:img_angel_staff"
	},
	"34": {
		"GrandPrizeRewardId": 41820,
		"GrandPrizeImage": "set:lucky_lottery_4.json image:img_fenrir"
	},
	"37": {
		"GrandPrizeRewardId": 41810,
		"GrandPrizeImage": "set:lucky_lottery_4.json image:img_shadowless"
	},
	"40": {
		"GrandPrizeRewardId": 41859,
		"GrandPrizeImage": "set:lucky_lottery_4.json image:img_valkyrie"
	},
	"43": {
		"GrandPrizeRewardId": 41907,
		"GrandPrizeImage": "set:lucky_lottery_5.json image:img_summer_wand"
	},
	"45": {
		"GrandPrizeRewardId": 41935,
		"GrandPrizeImage": "set:lucky_lottery_5.json image:img_summer_gatlin"
	},
	"47": {
		"GrandPrizeRewardId": 41960,
		"GrandPrizeImage": "set:lucky_lottery_5.json image:img_jormungandr"
	},
	"49": {
		"GrandPrizeRewardId": 41985,
		"GrandPrizeImage": "set:lucky_lottery_6.json image:img_thor"
	},
	"53": {
		"GrandPrizeRewardId": 42095,
		"GrandPrizeImage": "set:lucky_lottery_6.json image:img_hel"
	}
}