index	抽奖次数	礼包奖励	活动Id	图片
index	times	giftBagId	activityId	image
1	10	10011	1001	set:make_wish.json image:icon_chest1
2	30	10012	1001	set:make_wish.json image:icon_chest1
3	50	10013	1001	set:make_wish.json image:icon_chest1
4	100	10014	1001	set:make_wish.json image:icon_chest1
5	200	10015	1001	set:make_wish.json image:icon_chest2
6	10	20011	1002	set:ramadan_wish.json image:icon_chest1
7	30	20012	1002	set:ramadan_wish.json image:icon_chest1
8	50	20013	1002	set:ramadan_wish.json image:icon_chest1
9	100	20014	1002	set:ramadan_wish.json image:icon_chest1
10	200	20015	1002	set:ramadan_wish.json image:icon_chest2
11	10	30011	1003	set:island_collect_1.json image:img_chest
12	30	30012	1003	set:island_collect_1.json image:img_chest
13	50	30013	1003	set:island_collect_1.json image:img_chest
14	100	30014	1003	set:island_collect_1.json image:img_chest
15	10	30011	1005	set:island_collect_1.json image:img_chest
16	30	30012	1005	set:island_collect_1.json image:img_chest
17	50	30013	1005	set:island_collect_1.json image:img_chest
18	100	30014	1005	set:island_collect_1.json image:img_chest
19	10	30011	1007	set:island_collect_1.json image:img_chest
20	30	30012	1007	set:island_collect_1.json image:img_chest
21	50	30013	1007	set:island_collect_1.json image:img_chest
22	100	30014	1007	set:island_collect_1.json image:img_chest
