唯一ID	活动Id	游戏类型	显示NPC需要的分数	是否客户端创建	接口类	actor名称	模型名称	动作名	actor坐标	转向	额外信息	使用约束Id	
id	activityId	gameType	needScore	client	interface	headInfo	actorName	skillName	actorPos	actorYaw	extra	restrictId	
100101	1001	g1048	0	1	MakeWish	#	g1048_npc_wish_christmas.actor	idle	1042.2,53,496	0	GUIMakeWishPanel#1042,54.2,497.55#180	0	
100102	1001	g1049	0	1	MakeWish	#	g1048_npc_wish_christmas.actor	idle	79.5,51,121.41	270	GUIMakeWishPanel#81.5,52,121.41#90	0	
100103	1001	g1050	0	1	MakeWish	#	g1048_npc_wish_christmas.actor	idle	-580.8,85,-170	0	GUIMakeWishPanel#-580.8,86.2,-168.4#180	0	
100201	1002	g1048	0	1	MakeWish	#	g1048_npc_wish_ramadan.actor	idle	1042.2,53,496	0	GUIRamadanWishPanel#1042,54.2,497.55#180	0	
100202	1002	g1049	0	1	MakeWish	#	g1048_npc_wish_ramadan.actor	idle	79.5,51,121.41	270	GUIRamadanWishPanel#81.5,52,121.41#90	0	
100203	1002	g1050	0	1	MakeWish	#	g1048_npc_wish_ramadan.actor	idle	-10.7,89,44.5	0	GUIRamadanWishPanel#-10.7,90.2,46#180	0	
100301	1003	g1050	0	1	MakeWish	g1048_npc_carpentry.name	g1048_npc_carpentry.actor	idle	-410.5,82,225.5	180	GUIIslandCollectPanel1#-10.7,90.2,46#180	0	
100302	1003	g1050	0	1	OpenUINpc	g1048_npc_captain.name	g1048_npc_bulletin.actor	idle	-414,82,225.5	180	GUIIslandGlobalLottery1#1004	0	
100303	1003	g1050	5000000	2	CreateBattleArea	g1048_mine_map_boat	g1048_npc_ship_area.actor	idle	-402.5,82,232.5	0	4#60#540#ShipDefend1#gui_ship_arena_start_tip1#gui_ship_arena_start_tip2#gui_enter_area_tip	0	
100304	1003	g1050	5000000	2	CreateBattleArea	g1048_mine_map_boat	g1048_npc_ship_area.actor	idle	-402.5,82,232.5	0	4#330#540#ShipDefend2#gui_ship_arena_start_tip1#gui_ship_arena_start_tip2#gui_enter_area_tip	0	
100501	1005	g1050	0	1	MakeWish	g1048_npc_sailor.name	g1048_npc_sailor.actor	idle	-399.5,82,223.5	180	GUIIslandCollectPanel2#-10.7,90.2,46#180	0	
100502	1005	g1050	0	1	OpenUINpc	g1048_npc_captain.name	g1048_npc_bulletin.actor	idle	-396.5,82,223.5	180	GUIIslandGlobalLottery2#1006	0	
100503	1005	g1050	5000000	1	AnyDoor	g1048_summer_portal_seabed	g1048_summer_portal_seabed.actor	idle	-389.5,82,227.5	180	-408.5,95,522.5,53#1	0	
100504	1005	g1050	5000000	1	AnyDoor	g1048_summer_portal_island	g1048_summer_portal_island.actor	idle	-408.5,94,533.5	145	-396,83,209,110#1	0	
100701	1007	g1050	0	1	MakeWish	g1048_npc_pearl.name	g1048_npc_pearl_chest.actor	idle	-416.39,94,533.05	180	GUIIslandCollectPanel3#-10.7,90.2,46#180	0	
100702	1007	g1050	0	1	OpenUINpc	g1048_npc_captain.name	g1048_npc_captain.actor	idle	-428.48,94,531.75	180	GUIIslandGlobalLottery3#1008	0	
100704	1007	g1050	5000000	1	LeaveBattle	g1048_summer_portal_island	g1048_summer_portal_island.actor	idle	-677.5,85,553.5	180	-396,83,209,110#1	0	离开波塞冬战场
100705	1007	g1050	0	1	AnyDoor	#	g1048_empty.actor	idle	-678.5,96,620	180	-677.5,98,624,0#0	0	进紫门传送
100706	1007	g1050	0	1	AnyDoor	#	g1048_empty.actor	idle	-678.5,97,622	180	-677.5,97,615.5,180#0	0	出紫门传送
100707	1007	g1050	5000000	2	StartBattleArea	g1048_summer_poseidon_area	g1048_npc_poseidon_area.actor	idle	-677.5,84,580	0	100#900#2700#PoseidonBoss#gui_poseidon_arena_start_tip1#gui_poseidon_arena_start_tip2#none#set:game_items_hd_event_7.json image:g1048_suit_aquaman_sword_2	0	战场开始NPC
100708	1007	g1050	5000000	1	AnyDoor	g1048_summer_portal_poseidon	g1048_summer_portal_poseidon.actor	idle	-375.8,81,229.5	135	-678,84,562,0#1.5	0	岛屿传送至波塞冬战场
100709	1007	g1050	5000000	1	AnyDoor	g1048_summer_portal_poseidon	g1048_summer_portal_poseidon.actor	idle	-420,94,538.5	0	-678,84,562,0#1.5	0	海底传送至波塞冬战场
