商店ID	商品数量	广告数量	刷新时间	刷新货币类型	刷新价格	标题
id	showCount	adCount	refreshTime	refreshPriceType	refreshPrice	titleLang
1	8	1	3600	5	3	gui.task.chain.shop.title
2	8	0	3600	3641#0	10	#
3	12	0	3600	3684#0	10	#
4	12	0	3600	3781#0	10	#
5	6	0	3600	3781#0	10	#
6	3	0	3600	3781#0	10	#
7	3	0	3600	3781#0	50	#
8	3	0	3600	3781#0	100	#
9	5	0	3600	3641#0	100	#
10	8	0	3600	1407#0	10	#
11	16	0	3600	5	3	g1048_blueprint_shop_npc.name
12	16	0	3600	1499#0	10	g1048_summer_shop_npc.name
