{
  "vip1Price": 288,
  "vip2Price": 688,
  "vip2UpLv": 50,
  "vip1Effect": {
    "effectName": "g1048_passreward_vip.effect",
    "offsetY": 1.87
  },
  "vip2Effect": {
    "effectName": "g1048_passreward_vip.effect",
    "offsetY": 1.87
  },
  "tasks": [
    {
      "key": "pass_daily",
      "lang": "gui.pass.task.daily"
    },
    {
      "lang": "gui.pass.task.week",
      "child": [
        {
          "key": "pass_week1",
          "lang": "gui.pass.task.week1",
          "startTime": 0
        },
        {
          "key": "pass_week2",
          "lang": "gui.pass.task.week2",
          "startTime": 604800
        },
        {
          "key": "pass_week3",
          "lang": "gui.pass.task.week3",
          "startTime": 1209600
        },
        {
          "key": "pass_week4",
          "lang": "gui.pass.task.week4",
          "startTime": 1814400
        }
      ]
    },
    {
      "key": "pass_season",
      "lang": "gui.pass.task.season"
    }
  ]
}