唯一ID	出现开始日期	出现结束日期	游戏类型	接口类	actor名称	模型名称	动作名	actor坐标	转向	额外信息	使用约束Id
id	startDate	endDate	gameType	interface	headInfo	actor	skillName	actorPos	yaw	extra	restrictId
1	#	2022,11,27,23,59,59	g1048	OpenUINpc	christmas_HeadInfo1	g1048_christmas_npc.actor	idle	1028.95,54.61,510.5	300	GUIChristmas	0
2	#	2022,11,27,23,59,59	g1048	FreeItem	gui_sky_block_christmas_reward#christmas_HeadInfo2	g1048_christmas_tree.actor	idle	1026.83,54.61,510.5	90	2802:0:1,2803:0:1#28800	0
3	#	#	g1048	OpenUINpc	task.chain.npc.name	g1048_npc_task.actor	idle	1049.5,53,505.5	90	GUITaskChain	0
4	#	#	g1048	OpenUINpc	task.chain.npc1.name	g1048_npc_shop.actor	idle	1049.5,53,513.5	90	GUIRandomShop#1	0
5	#	#	g1048	ResetGame	#	g1050_build_door_1048.actor	idle	1035.98,54.61,531.43	0	SkyBlock_Npc_hint_1#g1048	0
6	#	#	g1048	ResetGame	#	g1050_build_door_1049.actor	idle	1113.5,55.61,500.53	0	SkyBlock_Npc_hint_2#g1049	0
7	#	#	g1049	ResetGame	#	g1050_build_door_1048.actor	idle	116.5,52,121.5	0	SkyBlock_Npc_hint_1#g1048	0
8	#	#	g1048	ResetGame	#	g1050_build_door_1049.actor	idle	1043.06,54.61,531.56	0	SkyBlock_Npc_hint_2#g1049	0
9	#	#	g1048	FreeItem	gui.treasure.map.normal.receive#gui.treasure.map.normal.name	g1048_npc_treasuremap.actor	idle	1048.9,53,496.7	90	2804:0:2#28800	0
10	#	#	g1048	TreasureMap	gui.treasure.map.special.name	g1048_npc_treasuremap.actor	idle	1048.9,53,494.7	90	#	0
11	#	#	g1049	OpenUINpc	task.chain.npc.name	g1048_npc_task.actor	idle	82.92,51,126.58	270	GUITaskChain	0
12	#	#	g1049	OpenUINpc	task.chain.npc1.name	g1048_npc_shop.actor	idle	82.71,51,115.11	270	GUIRandomShop#1	0
13	#	2022,11,27,23,59,59	g1048	OpenUINpc	g1048_halloween_shop_npc.name	g1048_npc_hallow_pumpkin.actor	idle	1041.02,54.61,506.84	0	GUIHalloweenShop#2	0
14	#	#	g1049	FreeItem	gui.treasure.map.normal.receive#gui.treasure.map.normal.name	g1048_npc_treasuremap.actor	idle	104.7,51,131.5	136	2804:0:2#28800	0
15	#	#	g1049	TreasureMap	gui.treasure.map.special.name	g1048_npc_treasuremap.actor	idle	102.5,51,134.7	133	#	0
16	#	2022,11,27,23,59,59	g1049	OpenUINpc	g1048_halloween_shop_npc.name	g1048_npc_hallow_pumpkin.actor	idle	84.21,52.61,103.54	0	GUIHalloweenShop#2	0
17	#	#	g1048	MineMachine	#	g1048_miningmachine_01.actor	idle	1076.55,55,481.38	270	4001	0
18	#	#	g1048	MineMachine	#	g1048_miningmachine_02.actor	idle	1076.59,55,477.69	270	4002	0
19	#	#	g1048	MineMachine	#	g1048_miningmachine_03.actor	idle	1079.6,55,474.83	0	4003	0
20	#	#	g1048	MineMachine	#	g1048_miningmachine_04.actor	idle	1083.58,55,475.05	0	4004	0
21	#	#	g1048	MineMachine	#	g1048_miningmachine_05.actor	idle	1086.1,55,477.56	90	4005	0
22	#	#	g1048	MineMachine	#	g1048_miningmachine_06.actor	idle	1086.11,55,481.45	90	4006	0
23	#	#	g1048	SellProduct	mechine_HeadInfo_Lock7	g1048_miningmachine_07.actor	idle	1080.09,54,480.9	0	#	0
24	#	#	g1048	MinePool	#	g1048_miningbox.actor	idle	1081.55,54,480.9	0	#	0
25	#	#	g1048	#	#	g1050_build_door_1050.actor	idle	1079.29,54,491.17	0	#	0
26	#	2024,3,7,23,59,59	g1049	FreeItem	g1048_ice_coins_npc.name#g1048_ice_coins_waiting.name	snowmanbattle_blue.actor	idle	84.21,52.61,103.54	0	3684:0:10#28800	0
27	#	2024,3,7,23,59,59	g1049	OpenUINpc	g1048_ice_shop_npc.name	snowmanbattle_red.actor	idle	82.76,52.61,103.55	0	GUIIceSnowShop#3	0
28	#	2024,3,7,23,59,59	g1048	FreeItem	g1048_ice_coins_npc.name#g1048_ice_coins_waiting.name	snowmanbattle_blue.actor	idle	1041.02,54.61,506.84	0	3684:0:10#28800	0
29	#	2024,3,7,23,59,59	g1048	OpenUINpc	g1048_ice_shop_npc.name	snowmanbattle_red.actor	idle	1039.37,54.61,506.27	0	GUIIceSnowShop#3	0
30	#	#	冰雪地图	FreeItem	gui.treasure.map.normal.receive#gui.treasure.map.normal.name	g1048_npc_treasuremap.actor	idle	-577.99,85.62,-143.8	136	2804:0:2#28800	0
31	#	#	冰雪地图	TreasureMap	gui.treasure.map.special.name	g1048_npc_treasuremap.actor	idle	-576.35,85.62,-145.38	134	#	0
32	#	#	冰雪地图	OpenUINpc	task.chain.npc.name	g1048_npc_task.actor	idle	-585.13,85.62,-139.49	179	GUITaskChain	0
33	#	#	冰雪地图	OpenUINpc	task.chain.npc1.name	g1048_npc_shop.actor	idle	-590.81,85.62,-139.47	179	GUIRandomShop#1	0
34	#	2024,3,7,23,59,59	冰雪地图	FreeItem	g1048_ice_coins_npc.name#g1048_ice_coins_waiting.name	snowmanbattle_blue.actor	idle	-573.03,85.62,-163.88	90	3684:0:10#28800	0
35	#	2024,3,7,23,59,59	冰雪地图	OpenUINpc	g1048_ice_shop_npc.name	snowmanbattle_red.actor	idle	-573.03,85.62,-161.81	90	GUIIceSnowShop#3	0
36	#	#	冰雪地图	OpenUINpc	g1048_iron_felt_npc.name	g1048_item_iron_felt.actor	idle	-576.5,85.62,-166.5	145	GUIPlayerInventoryLua#2#2#true    	0
37	#	#	冰雪地图	TeleportDoor	#	g1048_item_portal.actor	idle	-536.07,88.12,-183.54	0	1#270	0
38	#	#	冰雪地图	TeleportDoor	#	g1048_item_portal.actor	idle	-532.28,58.61,-184.74 	270	1#0	0
39	#	#	冰雪地图	TeleportDoor	#	g1048_portal_Product.actor	idle	-484.56,88.62,-249.48	90	2#270	0
40	#	#	冰雪地图	TeleportDoor	#	#	#	-478.42,88.62,-249.87	270	2#90	0
41	#	#	冰雪地图	ResetGame	#	g1050_build_door_1048.actor	idle	-608.5,85.62,-156.5	0	SkyBlock_Npc_hint_1#g1048	0
42	#	#	愚人节	OpenUINpc	g1048_fools_shop_npc.name	g1048_npc_fools_rabbit.actor	idle	82.76,52.61,103.55	0	GUIFoolsShop#4	0
43	#	#	愚人节	OpenUINpc	g1048_fools_shop_npc.name	g1048_npc_fools_rabbit.actor	idle	1039.37,54.61,506.27	0	GUIFoolsShop#4	0
44	#	#	愚人节	OpenUINpc	g1048_fools_shop_npc.name	g1048_npc_fools_rabbit.actor	idle	-17.4,89,64.5	176	GUIFoolsShop#4	0
45	#	2024,6,20,23,59,59	g1049	FreeItem	g1048_fools_coins_npc.name#g1048_fools_coins_waiting.name	g1048_npc_fools_egg.actor	idle	85.4,51,103.8	0	3781:0:10#28800	0
46	#	2024,6,20,23,59,59	g1048	FreeItem	g1048_fools_coins_npc.name#g1048_fools_coins_waiting.name	g1048_npc_fools_egg.actor	idle	1041.5,54.61,506.84	0	3781:0:10#28800	0
47	#	2024,6,20,23,59,59	g1050	FreeItem	g1048_fools_coins_npc.name#g1048_fools_coins_waiting.name	g1048_npc_fools_egg.actor	idle	-19.09,90.62,64.36	195	3781:0:10#28800	0
48	#	#	骷髅岛	OpenUINpc	g1048_skeleton_block_npc.name	g1048_npc_pirate.actor	idle	-14.24,90.62,65.91	180	GUIRandomShop#5	0
49	#	#	骷髅岛	OpenUINpc	g1048_blue_gem_pillar.name	g1050_gem_pillar_1.actor	idle	77.62,93.62,50.38	46	GUIRandomShop#6	0
50	#	#	骷髅岛	OpenUINpc	g1048_purple_gem_pillar.name	g1050_gem_pillar_2.actor	idle	67.44,93.62,50.49	314	GUIRandomShop#7	0
51	#	#	骷髅岛	OpenUINpc	g1048_orange_gem_pillar.name	g1050_gem_pillar_3.actor	idle	72.44,93.62,62.7	177	GUIRandomShop#8	0
52	#	#	g1048	OpenUINpc	#	g1048_weapon_craft_tools.actor	idle	1029.32,54,498.85	270	GUIEquipmentRefined	0
53	#	#	g1048	OpenUINpc	g1048_strengthen_npc.name	g1048_weapon_craft_npc.actor	idle	1029.42,54,502.18	270	GUIPlayerInventoryLua#2#9#true    	0
54	#	#	g1049	OpenUINpc	#	g1048_weapon_craft_tools.actor	idle	102.62,52.61,106.76	50	GUIEquipmentRefined	0
55	#	#	g1049	OpenUINpc	g1048_strengthen_npc.name	g1048_weapon_craft_npc.actor	idle	99.98,52.61,105.5	53	GUIPlayerInventoryLua#2#9#true    	0
56	#	#	骷髅岛	OpenUINpc	#	g1048_weapon_craft_tools.actor	idle	-9.73,90.62,65.11	173	GUIEquipmentRefined	0
57	#	#	骷髅岛	OpenUINpc	g1048_strengthen_npc.name	g1048_weapon_craft_npc.actor	idle	-11.81,90.62,65.32	173	GUIPlayerInventoryLua#2#9#true    	0
58	#	#	g1048	#	#	g1048_weapon_craft_shelf_left.actor	idle	1034.6,54.53,505.49	270	#	0
59	#	#	g1048	#	#	g1048_weapon_craft_shelf_right.actor	idle	1034.6,54.53,495.38	270	#	0
60	#	2023,12,28,23,59,59	g1048	OpenUINpc	g1048_halloween_shop_npc.name	g1048_npc_hallow_pumpkin.actor	idle	1043.5,54.61,506.84	0	GUIHalloweenShop#2	0
61	#	2023,12,28,23,59,59	g1049	OpenUINpc	g1048_halloween_shop_npc.name	g1048_npc_hallow_pumpkin.actor	idle	87.21,52.61,103.54	0	GUIHalloweenShop#2	0
62	#	2023,12,28,23,59,59	g1050	OpenUINpc	g1048_halloween_shop_npc.name	g1048_npc_hallow_pumpkin.actor	idle	-10.5,35.5,73	-180	GUIHalloweenShop#2	0
63	#	2023,12,21,23,59,59	g1048	FreeItem	g1048_halloween_coins_npc.name#g1048_halloween_coins_waiting.name	g1048_item_hallow_hall_pot.actor	idle	1045.02,54.61,506.84	90	3641:0:10#28800	0
64	#	2023,12,21,23,59,59	g1049	FreeItem	g1048_halloween_coins_npc.name#g1048_halloween_coins_waiting.name	g1048_item_hallow_hall_pot.actor	idle	86,52.61,103.54	90	3641:0:10#28800	0
65	#	2023,12,21,23,59,59	g1050	FreeItem	g1048_halloween_coins_npc.name#g1048_halloween_coins_waiting.name	g1048_item_hallow_hall_pot.actor	idle	-14.5,35.5,73	-90	3641:0:10#28800	0
66	#	2023,12,21,23,59,59	g1050	OpenUINpc	#	g1048_weapon_craft_tools.actor	idle	-18,34.5,66.5	-83	GUIEquipmentRefined	0
67	#	2023,12,21,23,59,59	g1050	OpenUINpc	g1048_strengthen_npc.name	g1048_weapon_craft_npc.actor	idle	-18,34.5,63.5	-83	GUIPlayerInventoryLua#2#9#true    	0
68	#	2023,12,21,23,59,59	g1050	OpenUINpc	g1048_iron_felt_npc.name	g1048_item_iron_felt.actor	idle	-16.5,34.5,70.5	-120	GUIPlayerInventoryLua#2#2#true    	0
69	#	2023,12,21,23,59,59	g1050	OpenUINpc	g1048_halloween_shop_npc_sugar.name	g1048_npc_halloween_shop.actor	idle	-12.5,35.5,73	177	GUIRandomShop#9	0
70	#	#	g1048	OpenUINpc	g1048_food_pot.name	g1048_food_pot.actor	idle	1033.49,53.61,508.33	45	GUIPlayerInventoryLua#2#8#true    	0
71	#	#	g1049	OpenUINpc	g1048_food_pot.name	g1048_food_pot.actor	idle	105.96,52.61,110.7	51	GUIPlayerInventoryLua#2#8#true    	0
72	#	#	g1050	OpenUINpc	g1048_food_pot.name	g1048_food_pot.actor	idle	-11.61,34.61,60.77	45	GUIPlayerInventoryLua#2#8#true    	0
73	#	#	g1048	TeleportDoor	#	g1048_portal_blue.actor	idle	1049,53.5,499.5	0	10481#0#0.7	0
74	#	#	g1048	TeleportDoor	#	g1048_portal_blue.actor	idle	1049,53.5,518.5	0	10481#180#0.7	0
75	#	#	g1049	TeleportDoor	#	g1048_portal_yellow.actor	idle	82.8,51,132.34	0	10491#141#0.7	0
76	#	#	g1049	TeleportDoor	#	g1048_portal_yellow.actor	idle	106,52.5,129	0	10491#203#0.7	0
77	#	#	g1048	OpenUINpc	g1048_npc_armor_shop.name	g1048_npc_armor_shop.actor	idle	1049.5,53,502.5	90	GUICommonShop#1#g1048_npc_armor_shop.name	0
78	#	#	g1049	OpenUINpc	g1048_npc_armor_shop.name	g1048_npc_armor_shop.actor	idle	83.62,51,110.36	314	GUICommonShop#1#g1048_npc_armor_shop.name	0
79	#	2023,12,21,23,59,59	哥布林洞窟	OpenUINpc	g1048_npc_armor_shop.name	g1048_npc_armor_shop.actor	idle	-13.5,34,60.5	0	GUICommonShop#1#g1048_npc_armor_shop.name	0
80	#	#	哥布林洞窟	OpenUINpc	g1048_strengthen_npc.name	g1048_weapon_craft_npc.actor	idle	-590.92,85,-175.85	0	GUIPlayerInventoryLua#2#9#true    	0
81	#	#	哥布林洞窟	OpenUINpc	#	g1048_weapon_craft_tools.actor	idle	-586.92,85,-175.85	0	GUIEquipmentRefined	0
82	#	#	哥布林洞窟	OpenUINpc	g1048_halloween_shop_npc_sugar.name	g1048_npc_halloween_shop.actor	idle	-573,85,-148.69	90	GUIRandomShop#9	0
83	#	2023,12,28,23,59,59	哥布林洞窟	OpenUINpc	g1048_halloween_shop_npc.name	g1048_npc_hallow_pumpkin.actor	idle	-573,85,-150.69	90	GUIHalloweenShop#2	0
84	#	2023,12,21,23,59,59	哥布林洞窟	OpenUINpc	g1048_food_pot.name	g1048_food_pot.actor	idle	-584.3,85,-173.3	35	GUIPlayerInventoryLua#2#8#true    	0
85	#	#	哥布林洞窟	OpenUINpc	g1048_npc_armor_shop.name	g1048_npc_armor_shop.actor	idle	-595.8,85,-139.7	197	GUICommonShop#1#g1048_npc_armor_shop.name	0
89	#	#	g1049	OpenUINpc	g1048_iron_felt_npc.name	g1048_item_iron_felt.actor	idle	98.5,51,100.5	40	GUIPlayerInventoryLua#2#2#true    	0
90	#	#	g1049	TeleportDoor	g1048_mine_teleportdoor_lava	g1048_tp_mining_purple.actor	idle	90.5,57,8.5	360	10492#180#4	3
91	#	#	g1049	TeleportDoor	#	g1048_tp_mining_orange.actor	idle	129.5,53,-94.5	180	10492#360#4	0
92	#	#	g1049	TeleportDoor	g1048_mine_teleportdoor_samurai	g1048_tp_mining_orange_mini.actor	idle	161.5,52,-106	90	10493#270#4	4
93	#	#	g1049	TeleportDoor	#	g1048_tp_mining_cyan.actor	idle	264.5,52,-149.5	90	10493#90#2	0
94	#	#	g1049	TeleportDoor	g1048_mine_teleportdoor_dragon	g1048_tp_mining_white_mini.actor	idle	340.3,69,-137.8	125	10494#0#2	5
95	#	#	g1049	TeleportDoor	g1048_mine_teleportdoor_warden	g1048_tp_mining_black_mini.actor	idle	339.78,69,-159.8	45	10495#270#2	6
96	#	#	g1049	ReceiveTask	g1048_mine_guide_npc.name	g1048_npc_mining_task.actor	idle	98.5,51,94.5	90	mine_hole_guide,mine_hole_daily#GUIMineMainTask	0
97	#	#	g1049	OpenUINpc	g1048_mine_tp_npc.name	g1048_npc_mining_tp_default.actor	idle	98.5,51,91.5	90	GUIQuickTeleport	0
98	#	#	g1049	OpenUINpc	g1048_mine_tp_npc.name	g1048_npc_mining_tp_default.actor	idle	138.5,51,-96.5	180	GUIQuickTeleport	0
99	#	#	g1049	OpenUINpc	g1048_mine_tp_npc.name	g1048_npc_mining_tp_default.actor	idle	265.5,51,-141.5	270	GUIQuickTeleport	0
100	#	#	g1049	OpenUINpc	g1048_mine_tp_npc.name	g1048_npc_mining_tp_default.actor	idle	291.1,76,-321	270	GUIQuickTeleport	0
101	#	#	g1049	OpenUINpc	g1048_mine_tp_npc.name	g1048_npc_mining_tp_default.actor	idle	314,70,11	270	GUIQuickTeleport	0
102	#	#	g1049	#	g1048_npc_map_author_winexofficial	g1048_npc_564432.actor	idle	115.5,51,-96.5	230	#	0
103	#	#	g1049	#	g1048_npc_map_author_skyburning	g1048_npc_1007474384.actor	idle	275.5,51,-143.5	90	#	0
104	#	#	g1049	OpenUINpc	g1048_iron_felt_npc.name	g1048_item_iron_felt.actor	idle	139.5,51,-104.5	78	GUIPlayerInventoryLua#2#2#true    	0
105	#	#	g1049	OpenUINpc	g1048_iron_felt_npc.name	g1048_item_iron_felt.actor	idle	266.5,51,-138.5	244	GUIPlayerInventoryLua#2#2#true    	0
106	#	#	g1049	OpenUINpc	g1048_iron_felt_npc.name	g1048_item_iron_felt.actor	idle	291,76,-318	244	GUIPlayerInventoryLua#2#2#true    	0
107	#	#	g1049	OpenUINpc	g1048_iron_felt_npc.name	g1048_item_iron_felt.actor	idle	317,70,13	244	GUIPlayerInventoryLua#2#2#true    	0
108	#	#	g1049	ReceiveTask	g1048_mine_guide_npc.name	g1048_npc_mining_task.actor	idle	141,51,-99	90	mine_hole_guide,mine_hole_daily#GUIMineMainTask	0
109	#	#	g1049	ReceiveTask	g1048_mine_guide_npc.name	g1048_npc_mining_task.actor	idle	266.5,51,-158.5	270	mine_hole_guide,mine_hole_daily#GUIMineMainTask	0
110	#	#	g1049	ReceiveTask	g1048_mine_guide_npc.name	g1048_npc_mining_task.actor	idle	287,76,-318	180	mine_hole_guide,mine_hole_daily#GUIMineMainTask	0
111	#	#	g1049	ReceiveTask	g1048_mine_guide_npc.name	g1048_npc_mining_task.actor	idle	314,70,8	270	mine_hole_guide,mine_hole_daily#GUIMineMainTask	0
112	#	#	g1049	#	g1048_pvp_gem_pos.name	g1048_gem_pos_red.actor	idle	91.5,54,223.5	270	#	0
113	#	#	g1049	GemArenaEntrance	g1048_pvp_teleportdoor.name	g1048_portal_red.actor	idle	85.5,51,151.5	180	1.5	0
114	#	#	g1049	#	g1048_npc_map_author_CheungSeanBG	g1048_npc_22981823.actor	idle	97,51,151	140	#	0
115	#	#	g1049	TeleportDoor	g1048_mine_teleportdoor_dragon	g1048_tp_mining_white.actor	idle	325,71,4.2	0	10494#125#3	0
116	#	#	g1049	TeleportDoor	g1048_mine_teleportdoor_warden	g1048_tp_mining_black.actor	idle	282.2,76,-329	90	10495#90#3	0
120	#	2024,4,26,23,59,59	g1048	OpenUINpc	g1048_ramadan_shop_npc.name	g1048_npc_ramadan_shop.actor	idle	1043.5,54.61,506.84	0	GUIRamadanShop#10	0
121	#	2024,4,26,23,59,59	g1049	OpenUINpc	g1048_ramadan_shop_npc.name	g1048_npc_ramadan_shop.actor	idle	87.21,52.61,103.54	0	GUIRamadanShop#10	0
122	#	2024,4,26,23,59,59	g1050	OpenUINpc	g1048_ramadan_shop_npc.name	g1048_npc_ramadan_shop.actor	idle	-21.3,90.62,62.83	203	GUIRamadanShop#10	0
123	#	2024,4,15,23,59,59	g1048	FreeItem	g1048_ramadan_coin_npc.name#g1048_ramadan_coins_waiting.name	g1048_npc_ramadan_coin.actor	idle	1041.5,54.61,506.84	0	1407:0:10#28800	0
124	#	2024,4,15,23,59,59	g1049	FreeItem	g1048_ramadan_coin_npc.name#g1048_ramadan_coins_waiting.name	g1048_npc_ramadan_coin.actor	idle	85.4,51,103.8	0	1407:0:10#28800	0
125	#	2024,4,15,23,59,59	g1050	FreeItem	g1048_ramadan_coin_npc.name#g1048_ramadan_coins_waiting.name	g1048_npc_ramadan_coin.actor	idle	-19.09,90.62,64.36	195	1407:0:10#28800	0
126	#	2024,4,15,23,59,59	g1050	OpenUINpc	task.chain.npc.name	g1048_npc_task.actor	idle	-16.39,90.62,44.88	318	GUITaskChain	0
127	#	2024,4,15,23,59,59	g1050	OpenUINpc	task.chain.npc1.name	g1048_npc_shop.actor	idle	-22.6,90.62,49.23	318	GUIRandomShop#1	0
128	#	2024,4,15,23,59,59	g1050	OpenUINpc	g1048_iron_felt_npc.name	g1048_item_iron_felt.actor	idle	-23.37,90.62,60.72	217	GUIPlayerInventoryLua#2#2#true    	0
129	#	#	g1048	BuildBlueprintEditor	g1048_npc_blueprint_custom.name	g1048_blueprint_custom.actor	idle	1027.5,53,512.5	270	#	1
130	#	#	g1049	#	g1048_npc_map_author_winexofficial	g1048_npc_564432.actor	idle	336.5,70,5.8	50	#	0
131	#	#	g1048	OpenUINpc	g1048_blueprint_shop_npc.name	g1048_npc_blueprint_shop.actor	idle	1029.9,53,518.5	276	GUIRandomShop#11	0
132	#	#	g1048	OpenUINpc	g1048_buy_custom_blueprint.name	g1048_npc_blueprint_table.actor	idle	1027.13,53,516.37	270	GUICommonShop#2#g1048_custom_blueprint_shop.name	0
133	#	#	g1048	AnyDoor	g1048_npc_blueprint_market.name	g1048_blueprint_market.actor	idle	1027.5,53,510.5	270	1261,35,174,115#0	2
134	#	2024,4,11,23,59,59	g1048	OpenUINpc	g1048_npc_blueprint_copy.name	g1048_miningmachine_07.actor	idle	1030,53,508.3	-52.6	GUIBuildBlueprintCopy	0
135	#	#	g1048	ResetGame	#	g1050_build_door_1048.actor	idle	1262.6,33,165.3	90	SkyBlock_Npc_hint_1#g1048	0
136	#	#	g1048	TeleportDoor	#	g1048_portal_blue.actor	idle	1251.37,33,175.08	190	10482#121#0.7	0
137	#	#	g1048	TeleportDoor	#	g1048_portal_blue.actor	idle	1251.23,61,174.94	121	10482#121#0.7	0
138	#	#	g1048	TeleportDoor	#	g1048_portal_blue.actor	idle	1251.37,33,154.5	0	10483#57#0.7	0
139	#	#	g1048	TeleportDoor	#	g1048_portal_blue.actor	idle	1251.35,61,153.85	57	10483#57#0.7	0
140	#	#	g1048	OpenUINpc	g1048_npc_block_lottery.name	g1048_npc_block_lottery.actor	idle	1045.5,53,506.5	0	GUIOptionalLottery#2001	0
141	#	#	g1048	OpenUINpc	g1048_npc_block_shop.name	g1048_npc_block_shop.actor	idle	1043.5,53,506.5	0	GUICommonShop#3#g1048_npc_block_shop.name	0
142	#	#	g1050	OpenUINpc	g1048_summer_shop_npc.name	g1048_npc_summer_shop.actor	idle	-415.5,82,208.5	270	GUIRandomShop#12	0
143	#	#	g1050	FreeItem	g1048_summer_coin_npc.name#g1048_summer_coins_waiting.name	g1048_npc_summer_coin.actor	idle	-415.5,82,204.5	270	1499:0:10#28800	0
144	#	#	g1050	OpenUINpc	g1048_iron_felt_npc.name	g1048_item_iron_felt.actor	idle	-408.5,82,201.5	0	GUIPlayerInventoryLua#2#2#true    	0
145	#	#	g1050	OpenUINpc	g1048_strengthen_npc.name	g1048_weapon_craft_npc.actor	idle	-404.5,82,201.5	0	GUIPlayerInventoryLua#2#9#true    	0
146	#	#	g1050	OpenUINpc	#	g1048_weapon_craft_tools.actor	idle	-400.5,82,201.5	0	GUIEquipmentRefined	0
147	#	#	g1050	OpenUINpc	task.chain.npc.name	g1048_npc_task.actor	idle	-393.5,82,203.5	45	GUITaskChain	0
148	#	#	g1050	OpenUINpc	task.chain.npc1.name	g1048_npc_shop.actor	idle	-388.5,82,208.5	90	GUIRandomShop#1	0
149	#	#	g1050	OpenUINpc	g1048_mine_tp_npc.name	g1048_npc_summer_tp.actor	idle	-405.5,82,222.5	180	GUIQuickTeleport#gui_island_map_title	0
150	#	#	g1050	#	g1048_npc_map_author_winexofficial	g1048_npc_564432.actor	idle	-399.5,101,173.9	43	#	0
151	#	#	g1050	#	#	g1048_npc_ship.actor	idle	-402.48,82,242.3	180	#	0
152	#	#	g1050	#	g1048_npc_map_author_skyburning	g1048_npc_1007474384.actor	idle	-662.5,97,294.5	90	#	0
153	#	#	g1050	#	g1048_npc_map_author_skyburning	g1048_npc_1007474384.actor	idle	-662.5,97,140.5	90	#	0
154	#	#	g1050	FreeItem	gui.treasure.map.normal.receive#gui.treasure.map.normal.name	g1048_npc_shrimp.actor	idle	-422.12,94,533.14	180	1545:0:1#86400	0
1001	#	#	g1048	OpenUINpc	g1048_npc_pet_manager	g1048_npc_pet_manager.actor	idle	1067.37,53,516.37	90	GUIStore#411011	0
1002	#	#	g1048	PetIncubator	g1048_npc_pet_tray_1	g1048_pet_egg_tray.actor	idle	1071.55,54,506.55	0	101	0
1003	#	#	g1048	PetIncubator	g1048_npc_pet_tray_2	g1048_pet_egg_tray.actor	idle	1075.51,54,506.42	0	102	0
1004	#	#	g1048	PetIncubator	g1048_npc_pet_tray_3	g1048_pet_egg_tray.actor	idle	1078.54,54,511.44	90	103	0
1005	#	#	g1048	PetIncubator	g1048_npc_pet_tray_4	g1048_pet_egg_tray.actor	idle	1075.45,54,516.38	180	104	0
1006	#	#	g1048	PetIncubator	g1048_npc_pet_tray_5	g1048_pet_egg_tray.actor	idle	1071.61,54,516.72	180	105	0
1007	#	#	g1048	#	#	g1048_npc_pet_dragon.actor	idle	1068.6,54,509.56	90	#	0
1008	#	#	g1048	#	#	g1048_npc_pet_bird.actor	idle	1068.39,53,507.48	90	#	0
1009	#	#	g1048	#	#	g1048_npc_pet_bear.actor	idle	1068.4,53,505.38	90	#	0
1010	#	#	g1048	#	#	g1048_npc_pet_dog.actor	idle	1067.4,53,515.23	69	#	0
1011	#	#	g1048	#	#	g1048_npc_pet_cat.actor	idle	1067.4,53,517.67	105	#	0
1012	#	#	g1048	#	#	g1048_npc_pet_wolf.actor	idle	1068.37,53,516.37	161	#	0
1013	#	#	g1049	OpenUINpc	#	g1048_npc_pet_bloody_shop.actor	idle	97,51,147	140	GUICommonShop#4#g1048_npc_bloody_shop.name	0
1014	#	#	g1048	FreeItem	g1048_npc_pet_free.name#g1048_npc_pet_free_waiting.name	g1048_pet_egg_lv0.actor	idle	1067.23,53,513.82	90	1607:0:1#604800	0
1015	#	#	g1049	FreeItem	g1048_npc_pet_free.name#g1048_npc_pet_free_waiting.name	g1048_pet_egg_lv0.actor	idle	82.7,51,121.49	270	1607:0:1#604800	0
