索引Id	随机池Id	模型名	随机权重
id	poolId	actorName	weight
1101	11	g1048_decorate_001.actor	100
1102	11	g1048_decorate_003.actor	100
1103	11	g1048_decorate_004.actor	100
1104	11	g1048_decorate_006.actor	100
1105	11	g1048_decorate_007.actor	100
1106	11	g1048_christmas_tree.actor	100
1107	11	g1048_fountain_red_low.actor	50
1108	11	g1048_fountain_blue_low.actor	100
1109	11	g1048_fountain_red_middle.actor	50
1110	11	g1048_fountain_blue_middle.actor	100
1111	11	g1048_fountain_red_high.actor	50
1112	11	g1048_fountain_blue_high.actor	100
1113	11	g1048_item_paint_01.actor	100
1114	11	g1048_item_paint_02.actor	100
1115	11	g1048_item_paint_03.actor	50
1116	11	g1048_item_paint_06.actor	100
1117	11	g1048_item_paint_10.actor	50
1118	11	g1048_item_exit_02.actor	100
1119	11	g1048_item_sort_02.actor	100
1120	11	g1048_item_sort_01.actor	100
1121	11	g1048_item_bonfire_02.actor	100
1122	11	g1048_item_bonfire_05.actor	100
1123	11	g1048_item_hallow_ghost.actor	50
1124	11	g1048_item_hallow_tombstone04.actor	100
1125	11	g1048_item_hallow_pumpkin01.actor	100
1126	11	g1048_item_hallow_pumpkin03.actor	100
1127	11	g2042_ice_bathroom_toilet.actor	100
1128	11	g2042_ice_kitchen_chair.actor	100
1129	11	g2042_ice_livingroom_carpet.actor	100
1130	11	g2042_ice_livingroom_table.actor	100
1131	11	g1048_item_christmas_candle_1.actor	100
1132	11	g1048_item_christmas_candycane.actor	100
1133	11	g1048_item_christmas_door.actor	100
1134	11	g1048_item_christmas_sled.actor	100
1135	11	g1048_item_christmas_tree_1.actor	100
1136	11	g1048_item_christmas_billboard.actor	100
1137	11	g1048_item_fools_egg_02.actor	100
1138	11	g1048_item_fools_egg_04.actor	100
1201	12	g1048_item_discoball.actor	50
1202	12	g1048_item_duck.actor	50
1203	12	g1048_item_bonfire_04.actor	100
1204	12	g1048_item_hallow_lamp.actor	100
1205	12	g1048_item_hallow_coffln.actor	100
1206	12	g1048_item_hallow_tombstone02.actor	100
1207	12	g1048_item_hallow_pot.actor	100
1208	12	g1048_item_hallow_pumpkin03.actor	100
1209	12	g1048_item_hallow_skull.actor	50
1210	12	g1048_item_toy_01.actor	100
1211	12	g1048_pass_tiger_carpet.actor	100
1212	12	g1048_item_christmas_gnome_2.actor	100
1213	12	g1048_pass_zodiac_fountain.actor	100
1214	12	g1048_pass_angel_photo_board.actor	150
1215	12	g1048_forest_jewelry_green.actor	100
1216	12	g1048_pass_flame_decorate_1.actor	100
1217	12	g1048_pass_shadow_decorate.actor	50
1218	12	g1048_pass_paladin_decorate.actor	150
1219	12	g1048_pass_aerospace_decorate.actor	150
1220	12	g1048_pass_steampunk_decorate.actor	150
2101	21	g1048_decorate_002.actor	50
2102	21	g1048_decorate_008.actor	100
2103	21	g1048_decorate_009.actor	100
2104	21	g1048_decorate_010.actor	100
2105	21	g1048_decorate_011.actor	100
2106	21	g1048_decorate_012.actor	100
2107	21	g1048_decorate_013.actor	50
2108	21	g1048_item_duck.actor	50
2109	21	g1048_item_hallow_cat.actor	100
2110	21	g1048_item_hallow_spider.actor	50
2111	21	g1048_item_hallow_mouse.actor	50
2112	21	g1048_item_hallow_bat.actor	100
2113	21	g1048_pass_shadow_decorate.actor	50
