id	名字多语言	类型(任务表读这个ID)	Buff列表	怪物图标	显示血条距离	是否显示伤害排名	复活提示	actor名称	奖励组Id，多个组用#隔开	死亡特效	生命值	攻击力	防御力	攻击cd	攻击距离	移动速度(moveSpeed/500*x + x)      x为默认速度	视野范围	视野角度	奔跑速度增量	是否飞行	能否逃跑	巡逻类型(1、)	每次巡逻移动距离	巡逻范围	巡逻CD	警戒时间	追击范围	能否召集同伴	召集范围	模型挂载的特效缩放倍数	经验
id	name	type	buffIds	icon	showBloodBarDis	showDamageRank	spawnTip	actorName	rewardGroupId	dieEffect	hp	attack	defence	attackCD	attackDistance	moveSpeed	viewRange	viewDegree	moveSpeedAddition	canFly	canEscape	patrolType	patrolDistanceOnce	patrolDistance	patrolCD	alertTime	pursueDistance	canTogether	togetherRange	effectScale	exp
4101	monsterName4101	4000	4101	#	1000	0	#	g1048_monster_pig.actor	101	monster_die1.effect	12	2	0	1.5	2	1.5	5	180	1	0	0	2	1	15	5	0.5	6	0	0	1	0
4102	monsterName4102	4000	4102	#	1000	0	#	g1048_monster_slime.actor	101	monster_die1.effect	10	5	0	1	2	1	5	180	1	0	0	2	1	15	5	0.5	6	0	0	1	0
4103	monsterName4103	4000	4103	#	1000	0	#	g1048_monster_viperspider.actor	101	monster_die1.effect	24	3	0	2	2	0.5	5	180	1	0	0	2	1	15	5	0.5	6	0	0	1	0
4104	monsterName4104	4000	4104	#	1000	0	#	g1048_monster_creep.actor	102	monster_die1.effect	30	5	0	2.5	2	1	5	180	1	0	0	2	1	15	5	0.5	6	0	0	1	0
4105	monsterName4105	4000	4105	#	1000	0	#	g1048_monster_pigman.actor	102	monster_die1.effect	36	6	2	3	2	1.5	5	180	1	0	0	2	1	15	5	0.5	6	0	0	1	0
4106	monsterName4106	4000	4106	#	1000	0	#	g1048_monster_oceanguardian.actor	102	monster_die1.effect	50	8	0	1.5	2	1.5	5	180	1	0	0	2	1	15	5	0.5	6	0	0	1	0
4107	monsterName4107	4000	4107	#	1000	0	#	g1048_monster_ghast.actor	102	monster_die1.effect	45	6	2	1	2	1	5	180	1	0	0	2	1	15	5	0.5	6	0	0	1	0
4108	monsterName4108	4000	4108	#	1000	0	#	g1048_monster_skeletonarcher.actor	103	monster_die1.effect	60	10	2	2.5	2	1.5	5	180	1	0	0	2	1	15	5	0.5	6	0	0	1	0
4109	monsterName4109	4000	4109	#	1000	0	#	g1048_monster_skeletonswordman.actor	103	monster_die1.effect	75	8	5	1.5	2	1	5	180	1	0	0	2	1	15	5	0.5	6	0	0	1	0
4110	monsterName4110	4000	4110	#	1000	0	#	g1048_monster_skeletonking.actor	103	monster_die1.effect	60	12	0	2.5	2	1.5	5	180	1	0	0	2	1	15	5	0.5	6	0	0	1	0
4111	monsterName4113	4000	20021#20022	#	1000	0	#	g1048_monster_icecreep.actor	103	monster_die1.effect	50	10	24	2.1	3	1.5	8	180	1	0	0	2	3	10	7	0.5	8	0	0	1.2	0
1001	monsterName1001	4001	1001	#	1000	0	#	g1048_ehun.actor	101#1001#901#701	monster_die1.effect	25	2.5	18	1	2	1	5	180	1	0	0	2	2	5	5	0.5	8	0	0	1	60
1002	monsterName1002	4003	1002	#	1000	0	#	g1048_dajiangshi.actor	101#1002#901#701	monster_die1.effect	40	6	19.2	1.25	3	1	8	180	1	0	0	2	2	5	5	0.5	8	0	0	1	100
1003	#	4009	10031#1003	#	1000	0	#	g1048_monster_lava_slime.actor	102#1003#901#702	monster_die1.effect	50	12	22	1.5	3	1	8	180	1	0	0	2	3	5	5	0.5	8	0	0	0.5	120
1004	#	4010	1004	#	1000	0	#	g1048_monster_lava_slime.actor	102#1004#901#702	monster_die1.effect	120	25	24	1.5	3	1	8	180	1	0	0	2	3	5	5	0.5	8	0	0	1	120
1005	#	4011	1005#10051	#	1000	0	#	g1048_monster_samurai_slime.actor	103#1005#903#702	monster_die1.effect	80	10	24	1.5	3	1	8	180	1	0	0	2	3	5	5	0.5	8	0	0	0.5	150
1006	#	4002	1006#10061	#	1000	0	#	g1048_skele.actor	103#1006#903#702	monster_die1.effect	100	10	20	1.25	3	1.5	12	180	1	0	0	2	3	5	5	0.5	8	0	0	1	150
1007	#	4012	1007	#	1000	0	#	g1048_monster_warden_slime.actor	104#1007#903#703	monster_die1.effect	100	15	28	1.5	3	1	8	180	1	0	0	2	3	5	5	0.5	8	0	0	1	200
1008	#	4013	10082#10081#1008	#	1000	0	#	g1048_monster_miniguard.actor	104#1008#903#703	monster_die1.effect	80	25	26	1.5	3	1.5	12	180	1	0	0	2	3	5	5	0.5	8	1	12	1	200
1009	#	4014	1009#10091	#	1000	0	#	g1048_monster_yeti.actor	105#1009#903#703	monster_die1.effect	120	25	20	1.5	3	300	8	180	1	0	0	2	3	5	5	0.5	8	0	0	1	200
1010	#	4015	10101#1010#10102	#	1000	0	#	g1048_monster_icebear.actor	105#1010#903#703	monster_die1.effect	80	20	28	1.2	3	1	8	180	1	0	0	2	3	5	5	0.5	8	0	0	1	200
1101	monsterName1101	4004	11011#1101	set:icon_boss.json image:g1048_icon_boss_1	12	1	monster.spawn.tip.4004	g1048_diaoling.actor	201#1101#902#704	monster_die1.effect	6000	15	19.2	1.5	4	1	12	180	1	0	0	2	1	3	10	0.5	9	1	30	1	2000
1102	monsterName1102	4007	11022#1102	set:icon_boss.json image:g1048_icon_boss_5	12	1	monster.spawn.tip.4007	g1048_boss_golem.actor	201#1102#902#705	monster_die1.effect	12000	20	24	2	4	1.2	12	180	1	0	0	2	2	5	10	0.5	9	0	0	1	2000
1103	monsterName1103	4006	11034#11033#11032#1103#11031	set:icon_boss.json image:g1048_icon_boss_3	12	1	monster.spawn.tip.4006	g2030_boss_kulou.actor	201#1103#902#705	monster_die1.effect	10000	30	20	1	5	1.5	12	180	1	0	0	2	2	5	10	0.5	9	0	0	1	2000
1104	monsterName1104	4008	11043#11042#1104#11041	set:icon_boss.json image:g1048_icon_boss_4	12	1	monster.spawn.tip.4008	g1048_boss_warden.actor	201#1104#902#706	monster_die1.effect	30000	25	24	1.8	10	1.5	8	180	1	0	0	2	2	5	10	0.5	9	0	0	1	2000
1105	monsterName1105	4005	11051#1105#11052#11053#11054#11055	set:icon_boss.json image:g1048_icon_boss_2	12	1	monster.spawn.tip.4005	g1048_bonedragon.actor	201#1105#902#706	monster_die1.effect	25000	15	24	1.2	8	-300	12	180	1	0	0	2	2	5	10	0.5	15	0	0	1	2000
9001	#	4000	9001	#	1000	0	#	g1048_boss_skill_fire.actor	#	monster_die1.effect	300	20	30	0.5	3	250	12	180	1	0	0	2	2	5	5	0.5	8	0	0	1	100
2001	monsterName4112	4000	2001#20011	#	1000	0	#	g1048_monster_iceslime.actor	102#2001#903#702	monster_die1.effect	120	25	24	1.5	3	1	8	180	1	0	0	2	3	10	5	0.5	8	0	0	0.5	200
2002	monsterName4113	4000	20021#20022#20023	#	1000	0	#	g1048_monster_icecreep.actor	103#2002#903#702	monster_die1.effect	110	15	24	2.1	3	1.5	8	180	1	0	0	2	3	10	7	0.5	8	0	0	1.2	200
2101	monsterName4111	4000	21014#21011#21012#21013	set:icon_boss.json image:g1048_icon_boss_9	12	1	monster.spawn.tip.4111	g1048_monster_iceslimeking.actor	#	monster_die1.effect	40000	60	30	2	10	300	15	180	1	0	0	2	5	18	10	0.5	15	0	0	0.3	2000
2102	monsterName4111	4000	21024#21021#21022#21023#20025	#	1000	0	monster.spawn.tip.4114	g1048_monster_iceslimeking_small.actor	201#2102#904#704	monster_die1.effect	5000	40	30	2	4	100	18	180	1	0	0	2	10	15	10	0.5	9	0	0	0.4	100
2003	monsterName2003	4000	2003	#	1000	0	#	g1048_skele_01.actor	102#2003#903#702	monster_die1.effect	120	25	24	1.5	3	1	8	180	1	0	0	2	3	10	5	0.5	8	0	0	1	200
2004	monsterName2004	4000	2004	#	1000	0	#	g1048_skele_02.actor	102#2004#903#702	monster_die1.effect	120	25	24	1.5	3	1	8	180	1	0	0	2	3	10	5	0.5	8	0	0	1	200
2005	monsterName2005	4000	2005	#	1000	0	#	g1048_skele_03.actor	102#2005#903#702	monster_die1.effect	120	25	24	1.5	3	1	8	180	1	0	0	2	3	10	5	0.5	8	0	0	1	200
2103	monsterName2103	4000	21031#21032	set:icon_boss.json image:g1048_icon_boss_10	12	1	monster.spawn.tip.2103	g1048_skele_04.actor	201#2103#704	monster_die1.effect	15000	30	31.2	1	6	600	12	180	1	0	0	2	5	18	10	0.5	15	0	0	1	2000
2006	monsterName2006	4000	2006#20062	#	1000	0	#	g1048_goblin_yellow.actor	102#2006#903#3006#702	monster_die1.effect	150	20	28	2	3	1	8	180	1	0	0	2	3	5	5	0.5	5	1	10	1	200
2007	monsterName2007	4000	20071#2007#20072#20073	#	1000	0	#	g1048_goblin_green.actor	102#2007#903#3007#702	monster_die1.effect	100	15	26	0.3	3	1	8	180	1	0	0	2	3	5	5	0.5	5	0	0	1	200
2008	monsterName2008	4000	2008#20081#20082#20083#20084	#	1000	0	#	g1048_goblin_blue.actor	102#2008#903#3008#702	monster_die1.effect	40	25	24	1.2	3	1	8	180	1	0	0	2	3	5	5	0.5	5	0	0	1	200
2104	monsterName2104	4000	21041#2104#21042#21043#21044#21045#21046	set:icon_boss.json image:g1048_icon_boss_11	12	1	monster.spawn.tip.2104	g1048_goblin_red.actor	201#2104#3104#705	monster_die1.effect	25000	15	28	1.5	10	-300	8	180	1	0	0	2	2	5	10	0.5	12	0	0	1	2000
2105	monsterName2104	4000	21051#2105#21052#21053#21054#21055	set:icon_boss.json image:g1048_icon_boss_11	12	1	monster.spawn.tip.2105	g1048_goblin_red_pro.actor	201#2104#3105#706	monster_die1.effect	40000	15	28	1.5	10	-300	8	180	1	0	0	2	2	5	10	0.5	12	0	0	1	2000
2009	#	4000	20091#2009	#	1000	0	#	g1048_murloc_yellow.actor	802#2009#903#3009#702	monster_die1.effect	100	8	20	0.8	3	150	8	180	1	0	0	2	3	5	5	0.5	5	1	10	1	200
2010	#	4000	2010#20101#20102	#	1000	0	#	g1048_murloc_green.actor	802#2010#903#3010#702	monster_die1.effect	50	15	26	0.3	3	300	8	180	1	0	0	2	3	5	5	0.5	5	0	0	1	200
2011	#	4000	20111#2011	#	1000	0	#	g1048_murloc_blue.actor	802#2011#903#3011#702	monster_die1.effect	80	12	24	1	3	250	8	180	1	0	0	2	3	5	5	0.5	5	0	0	1	200
2106	monsterName2106	4000	21061#2106#21063#21064	set:icon_boss.json image:g1048_icon_boss_18	12	1	monster.spawn.tip.2106	g1048_murloc_red.actor	811#2106#904#3106#705	monster_die1.effect	20000	15	28	1.2	10	150	8	180	1	0	0	2	2	5	10	0.5	12	0	0	1	2000
2012	#	4000	20122#20121#2012	#	1000	0	#	g1048_monster_squid.actor	802#905#3012	monster_die1.effect	70	15	20	1.2	3	300	12	180	1	0	0	2	3	5	5	0.5	5	0	0	0.65	25
2013	#	4000	20132#20131#2013	#	1000	0	#	g1048_monster_octopus.actor	802#905#3013	monster_die1.effect	90	12	24	1	3	250	12	180	1	0	0	2	3	5	5	0.5	5	0	0	0.45	25
2014	#	4000	20142#20141#2014	#	1000	0	#	g1048_monster_oceancreep.actor	802#905#3014	monster_die1.effect	120	15	24	2	3	100	16	180	1	0	0	2	3	5	5	0.5	5	0	0	1.2	25
2015	#	4000	20152#20151#2015	#	1000	0	#	g1048_monster_octopus_captain.actor	802#906#3015	monster_die1.effect	500	20	26	1.5	3	150	20	180	1	0	0	2	3	5	5	0.5	5	0	0	1	1000
2016	#	4000	20122#20121#2012	#	1000	0	#	g1048_monster_squid_elite.actor	802#907#3012	monster_die1.effect	210	15	20	1.2	3	300	12	180	1	0	0	2	3	5	5	0.5	5	0	0	0.35	200
2017	#	4000	20132#20131#2013	#	1000	0	#	g1048_monster_octopus_elite.actor	802#907#3013	monster_die1.effect	270	12	24	1	3	250	12	180	1	0	0	2	3	5	5	0.5	5	0	0	0.25	200
2018	#	4000	20142#20141#2014	#	1000	0	#	g1048_monster_oceancreep_elite.actor	802#907#3014	monster_die1.effect	360	15	24	2	3	100	16	180	1	0	0	2	3	5	5	0.5	5	0	0	0.8	200
2019	#	4000	20191#2019	#	1000	0	#	g1048_monster_crab.actor	802#908#3016#702	monster_die1.effect	70	15	20	1.2	3	300	12	180	1	0	0	2	3	5	5	0.5	5	0	0	0.3	200
2020	#	4000	20201#2020	#	1000	0	#	g1048_monster_oyster.actor	802#908#3016#702	monster_die1.effect	90	12	24	1	3	250	12	180	1	0	0	2	3	5	5	0.5	5	0	0	0.3	200
2021	#	4000	20211#2021	set:icon_boss.json image:g1048_icon_boss_19	12	1	#	g1048_monster_mimic.actor	301#908#3017#702	monster_die1.effect	2500	15	28	1.5	3	150	20	180	1	0	0	2	3	5	5	0.5	5	0	0	0.3	1000
2107	#	4000	21071#21072#21054#21074#21075	set:icon_boss.json image:g1048_icon_boss_20	48	1	monster.spawn.tip.2107	g1048_monster_aquaman_original.actor	811#2107#916#3107#706	monster_die1.effect	50000	40	24	1.5	6	300	15	180	1	0	0	2	2	5	10	0.5	20	0	0	1	2000
2108	#	4000	21081#21082#20011	set:icon_boss.json image:g1048_icon_boss_21	1000	0	#	g1048_monster_aquaman_green.actor	811#2107#916#3107	monster_die1.effect	10000	15	26	9	60	150	30	180	1	0	0	2	2	5	5	0.5	12	0	0	1	2000
2109	#	4000	21091#21092#20011#21093	set:icon_boss.json image:g1048_icon_boss_22	1000	0	#	g1048_monster_aquaman_red.actor	811#2107#916#3107	monster_die1.effect	20000	25	32	6	60	150	30	180	1	0	0	2	2	5	5	0.5	12	0	0	1	2000
