表Id	池子组key	下一个池Id（最后一个为0，第一个放置后默认会打爆）	结果池Id（破坏后的方块随机，最后一个为0）	是否初始化	提示（,后的为替换%s的文本）
tid	key	nextTid	poolId	isInit	tip
10001	newplayer	10002	101101	1	oneblock_tip
10002	newplayer	10003	101101	0	oneblock_tip_1_1
10003	newplayer	10004	101101	0	oneblock_tip_1_2
10004	newplayer	10005	101105	0	oneblock_tip_1_3
10005	newplayer	10006	101105	0	oneblock_tip_1_4
10006	newplayer	10007	102001	0	oneblock_tip_1_5
10007	newplayer	10008	101104	0	oneblock_tip_1_6
10008	newplayer	10009	101104	0	oneblock_tip_1_15
10009	newplayer	10010	101104	0	oneblock_tip_1_16
10010	newplayer	10011	101101	0	oneblock_tip_1_17
10011	newplayer	10012	101101	0	oneblock_tip_1_7
10012	newplayer	10013	101104	0	oneblock_tip_1_8
10013	newplayer	10014	101105	0	oneblock_tip_1_9
10014	newplayer	10015	103101	0	oneblock_tip_1_13
10015	newplayer	10016	101101	0	oneblock_tip_1_10
10016	newplayer	10017	101104	0	oneblock_tip_1_18
10017	newplayer	10018	103101	0	oneblock_tip_1_20
10018	newplayer	10019	101107	0	oneblock_tip_1_13
10019	newplayer	10020	101107	0	oneblock_tip_1_13
10020	newplayer	10021	101107	0	oneblock_tip_1_11
10021	newplayer	10022	102002	0	oneblock_tip_cd,3
10022	newplayer	10023	101104	0	oneblock_tip_cd,2
10023	newplayer	10024	101202	0	oneblock_tip_cd,1
10024	newplayer	10025	103202	0	oneblock_tip_2_1
10025	newplayer	10026	101104	0	oneblock_tip_2_2
10026	newplayer	10027	101203	0	oneblock_tip_2_3
10027	newplayer	10028	101202	0	oneblock_tip_2_4
10028	newplayer	10029	101202	0	oneblock_tip_2_5
10029	newplayer	10030	101202	0	oneblock_tip_1_20
10030	newplayer	10031	101203	0	oneblock_tip_1_20
10031	newplayer	10032	101201	0	oneblock_tip_1_20
10032	newplayer	10033	103203	0	oneblock_tip_1_16
10033	newplayer	10034	101202	0	oneblock_tip_1_19
10034	newplayer	10035	101202	0	oneblock_tip_1_18
10035	newplayer	10036	101104	0	oneblock_tip_1_19
10036	newplayer	10037	101204	0	oneblock_tip
10037	newplayer	10038	101203	0	oneblock_tip
10038	newplayer	10039	101203	0	oneblock_tip
10039	newplayer	10040	101203	0	oneblock_tip
10040	newplayer	10041	101205	0	oneblock_tip
10041	newplayer	10042	101104	0	oneblock_tip
10042	newplayer	10043	101104	0	oneblock_tip
10043	newplayer	10044	101104	0	oneblock_tip
10044	newplayer	10045	101202	0	oneblock_tip
10045	newplayer	10046	101202	0	oneblock_tip
10046	newplayer	10047	101202	0	oneblock_tip
10047	newplayer	10048	102003	0	oneblock_tip
10048	newplayer	10049	101204	0	oneblock_tip
10049	newplayer	10050	101204	0	oneblock_tip
10050	newplayer	10051	103202	0	oneblock_tip
10051	newplayer	10052	101211	0	oneblock_tip
10052	newplayer	10053	101211	0	oneblock_tip
10053	newplayer	10054	101212	0	oneblock_tip
10054	newplayer	10055	101212	0	oneblock_tip
10055	newplayer	10056	101212	0	oneblock_tip
10056	newplayer	10057	101212	0	oneblock_tip
10057	newplayer	10058	101212	0	oneblock_tip
10058	newplayer	10059	103202	0	oneblock_tip
10059	newplayer	10060	101211	0	oneblock_tip
10060	newplayer	10061	101202	0	oneblock_tip
10061	newplayer	10062	101202	0	oneblock_tip
10062	newplayer	10063	101211	0	oneblock_tip
10063	newplayer	10064	101204	0	oneblock_tip
10064	newplayer	10065	101204	0	oneblock_tip
10065	newplayer	10066	101211	0	oneblock_tip
10066	newplayer	10067	103203	0	oneblock_tip
10067	newplayer	10068	103202	0	oneblock_tip
10068	newplayer	10069	103203	0	oneblock_tip
10069	newplayer	10070	101211	0	oneblock_tip
10070	newplayer	10071	101211	0	oneblock_tip
10071	newplayer	10072	101211	0	oneblock_tip
10072	newplayer	10073	101205	0	oneblock_tip
10073	newplayer	10074	101205	0	oneblock_tip
10074	newplayer	10075	101205	0	oneblock_tip
10075	newplayer	10076	101212	0	oneblock_tip
10076	newplayer	10077	101212	0	oneblock_tip
10077	newplayer	10078	101212	0	oneblock_tip
10078	newplayer	10079	101212	0	oneblock_tip
10079	newplayer	10080	102004	0	oneblock_tip
10080	newplayer	10081	101211	0	oneblock_tip
10081	newplayer	10082	101211	0	oneblock_tip
10082	newplayer	10083	101204	0	oneblock_tip
10083	newplayer	10084	101212	0	oneblock_tip
10084	newplayer	10085	101212	0	oneblock_tip
10085	newplayer	10086	101212	0	oneblock_tip
10086	newplayer	10087	103201	0	oneblock_tip
10087	newplayer	10088	103201	0	oneblock_tip
10088	newplayer	10089	101211	0	oneblock_tip
10089	newplayer	10090	101211	0	oneblock_tip
10090	newplayer	10091	101211	0	oneblock_tip
10091	newplayer	10092	101204	0	oneblock_tip
10092	newplayer	10093	101211	0	oneblock_tip
10093	newplayer	10094	101211	0	oneblock_tip
10094	newplayer	10095	101211	0	oneblock_tip
10095	newplayer	10096	101205	0	oneblock_tip
10096	newplayer	10097	101212	0	oneblock_tip
10097	newplayer	10098	101212	0	oneblock_tip
10098	newplayer	10099	101212	0	oneblock_tip
10099	newplayer	10100	102005	0	oneblock_tip
10100	newplayer	10101	101202	0	oneblock_tip
10101	newplayer	10102	101202	0	oneblock_tip
10102	newplayer	10103	101202	0	oneblock_tip
10103	newplayer	10104	101211	0	oneblock_tip
10104	newplayer	10105	101211	0	oneblock_tip
10105	newplayer	10106	101211	0	oneblock_tip
10106	newplayer	10107	101211	0	oneblock_tip
10107	newplayer	10108	101211	0	oneblock_tip
10108	newplayer	10109	101205	0	oneblock_tip
10109	newplayer	10110	101212	0	oneblock_tip
10110	newplayer	10111	101212	0	oneblock_tip
10111	newplayer	10112	101212	0	oneblock_tip
10112	newplayer	10113	101212	0	oneblock_tip
10113	newplayer	10114	101212	0	oneblock_tip
10114	newplayer	10115	101204	0	oneblock_tip
10115	newplayer	10116	101211	0	oneblock_tip
10116	newplayer	10117	101211	0	oneblock_tip
10117	newplayer	10118	101211	0	oneblock_tip
10118	newplayer	10119	103201	0	oneblock_tip
10119	newplayer	10120	101212	0	oneblock_tip
10120	newplayer	10121	103201	0	oneblock_tip
10121	newplayer	10122	103201	0	oneblock_tip
10122	newplayer	10123	101211	0	oneblock_tip
10123	newplayer	10124	101202	0	oneblock_tip
10124	newplayer	10125	101202	0	oneblock_tip
10125	newplayer	10126	101202	0	oneblock_tip
10126	newplayer	10127	101202	0	oneblock_tip
10127	newplayer	10128	101202	0	oneblock_tip
10128	newplayer	10129	101211	0	oneblock_tip
10129	newplayer	10130	101211	0	oneblock_tip
10130	newplayer	10131	101205	0	oneblock_tip
10131	newplayer	10132	101211	0	oneblock_tip
10132	newplayer	10133	101211	0	oneblock_tip
10133	newplayer	10134	101211	0	oneblock_tip
10134	newplayer	10135	101204	0	oneblock_tip
10135	newplayer	10136	101212	0	oneblock_tip
10136	newplayer	10137	101212	0	oneblock_tip
10137	newplayer	10138	101212	0	oneblock_tip
10138	newplayer	10139	101212	0	oneblock_tip
10139	newplayer	10140	101212	0	oneblock_tip
10140	newplayer	10141	101212	0	oneblock_tip
10141	newplayer	10142	102006	0	oneblock_tip
10142	newplayer	10143	101211	0	oneblock_tip
10143	newplayer	10144	101211	0	oneblock_tip
10144	newplayer	10145	101211	0	oneblock_tip
10145	newplayer	10146	101202	0	oneblock_tip
10146	newplayer	10147	101202	0	oneblock_tip
10147	newplayer	10148	101202	0	oneblock_tip
10148	newplayer	10149	101211	0	oneblock_tip
10149	newplayer	10150	101211	0	oneblock_tip
10150	newplayer	10151	101211	0	oneblock_tip
10151	newplayer	10152	101211	0	oneblock_tip
10152	newplayer	10153	101211	0	oneblock_tip
10153	newplayer	10154	101205	0	oneblock_tip
10154	newplayer	10155	101205	0	oneblock_tip
10155	newplayer	10156	101205	0	oneblock_tip
10156	newplayer	10157	101212	0	oneblock_tip
10157	newplayer	10158	101212	0	oneblock_tip
10158	newplayer	10159	101212	0	oneblock_tip
10159	newplayer	10160	101212	0	oneblock_tip
10160	newplayer	10161	102007	0	oneblock_tip
10161	newplayer	10162	101212	0	oneblock_tip
10162	newplayer	10163	101212	0	oneblock_tip
10163	newplayer	10164	101212	0	oneblock_tip
10164	newplayer	10165	101212	0	oneblock_tip
10165	newplayer	10166	101205	0	oneblock_tip_cd,9
10166	newplayer	10167	101212	0	oneblock_tip_cd,8
10167	newplayer	10168	101212	0	oneblock_tip_cd,7
10168	newplayer	10169	101202	0	oneblock_tip_cd,6
10169	newplayer	10170	101202	0	oneblock_tip_cd,5
10170	newplayer	10171	101211	0	oneblock_tip_cd,4
10171	newplayer	10172	101211	0	oneblock_tip_cd,3
10172	newplayer	10173	101211	0	oneblock_tip_cd,2
10173	newplayer	10174	103302	0	oneblock_tip_cd,1
10174	newplayer	10175	101301	0	oneblock_tip_3_1
10175	newplayer	10176	101301	0	oneblock_tip_3_2
10176	newplayer	10177	101301	0	oneblock_tip_3_3
10177	newplayer	10178	101301	0	oneblock_tip
10178	newplayer	10179	101301	0	oneblock_tip
10179	newplayer	10180	101303	0	oneblock_tip
10180	newplayer	10181	102008	0	oneblock_tip
10181	newplayer	10182	101302	0	oneblock_tip_3_4
10182	newplayer	10183	101302	0	oneblock_tip
10183	newplayer	10184	101302	0	oneblock_tip
10184	newplayer	10185	101305	0	oneblock_tip
10185	newplayer	10186	101305	0	oneblock_tip
10186	newplayer	10187	101305	0	oneblock_tip
10187	newplayer	10188	101301	0	oneblock_tip
10188	newplayer	10189	101301	0	oneblock_tip
10189	newplayer	10190	101204	0	oneblock_tip
10190	newplayer	10191	101303	0	oneblock_tip
10191	newplayer	10192	101303	0	oneblock_tip
10192	newplayer	10193	101301	0	oneblock_tip
10193	newplayer	10194	103302	0	oneblock_tip
10194	newplayer	10195	101302	0	oneblock_tip
10195	newplayer	10196	103302	0	oneblock_tip
10196	newplayer	10197	103302	0	oneblock_tip
10197	newplayer	10198	101301	0	oneblock_tip
10198	newplayer	10199	101301	0	oneblock_tip
10199	newplayer	10200	101301	0	oneblock_tip
10200	newplayer	10201	101301	0	oneblock_tip
10201	newplayer	10202	101301	0	oneblock_tip
10202	newplayer	10203	101204	0	oneblock_tip
10203	newplayer	10204	101204	0	oneblock_tip
10204	newplayer	10205	101204	0	oneblock_tip
10205	newplayer	10206	101304	0	oneblock_tip
10206	newplayer	10207	101311	0	oneblock_tip
10207	newplayer	10208	101311	0	oneblock_tip
10208	newplayer	10209	101311	0	oneblock_tip
10209	newplayer	10210	101311	0	oneblock_tip
10210	newplayer	10211	101311	0	oneblock_tip
10211	newplayer	10212	101311	0	oneblock_tip
10212	newplayer	10213	102009	0	oneblock_tip
10213	newplayer	10214	101311	0	oneblock_tip
10214	newplayer	10215	101311	0	oneblock_tip
10215	newplayer	10216	101303	0	oneblock_tip
10216	newplayer	10217	101304	0	oneblock_tip
10217	newplayer	10218	101311	0	oneblock_tip
10218	newplayer	10219	101311	0	oneblock_tip
10219	newplayer	10220	101311	0	oneblock_tip
10220	newplayer	10221	101311	0	oneblock_tip
10221	newplayer	10222	101311	0	oneblock_tip
10222	newplayer	10223	101311	0	oneblock_tip
10223	newplayer	10224	101311	0	oneblock_tip
10224	newplayer	10225	101311	0	oneblock_tip
10225	newplayer	10226	101311	0	oneblock_tip
10226	newplayer	10227	101311	0	oneblock_tip
10227	newplayer	10228	101311	0	oneblock_tip
10228	newplayer	10229	101311	0	oneblock_tip
10229	newplayer	10230	101311	0	oneblock_tip
10230	newplayer	10231	101311	0	oneblock_tip
10231	newplayer	10232	101311	0	oneblock_tip
10232	newplayer	10233	101311	0	oneblock_tip
10233	newplayer	10234	101311	0	oneblock_tip
10234	newplayer	10235	101311	0	oneblock_tip
10235	newplayer	10236	103303	0	oneblock_tip
10236	newplayer	10237	103303	0	oneblock_tip
10237	newplayer	10238	103302	0	oneblock_tip
10238	newplayer	10239	103303	0	oneblock_tip
10239	newplayer	10240	103303	0	oneblock_tip
10240	newplayer	10241	101304	0	oneblock_tip
10241	newplayer	10242	101303	0	oneblock_tip
10242	newplayer	10243	101303	0	oneblock_tip
10243	newplayer	10244	101311	0	oneblock_tip
10244	newplayer	10245	101311	0	oneblock_tip
10245	newplayer	10246	101311	0	oneblock_tip
10246	newplayer	10247	101311	0	oneblock_tip
10247	newplayer	10248	101311	0	oneblock_tip
10248	newplayer	10249	101311	0	oneblock_tip
10249	newplayer	10250	101311	0	oneblock_tip
10250	newplayer	10251	101311	0	oneblock_tip
10251	newplayer	10252	101311	0	oneblock_tip
10252	newplayer	10253	101311	0	oneblock_tip
10253	newplayer	10254	101311	0	oneblock_tip
10254	newplayer	10255	102010	0	oneblock_tip
10255	newplayer	10256	101311	0	oneblock_tip
10256	newplayer	10257	101311	0	oneblock_tip
10257	newplayer	10258	101311	0	oneblock_tip
10258	newplayer	10259	101311	0	oneblock_tip
10259	newplayer	10260	101303	0	oneblock_tip
10260	newplayer	10261	101303	0	oneblock_tip
10261	newplayer	10262	101304	0	oneblock_tip
10262	newplayer	10263	101311	0	oneblock_tip
10263	newplayer	10264	101311	0	oneblock_tip
10264	newplayer	10265	101311	0	oneblock_tip
10265	newplayer	10266	101311	0	oneblock_tip
10266	newplayer	10267	101311	0	oneblock_tip
10267	newplayer	10268	103301	0	oneblock_tip
10268	newplayer	10269	103301	0	oneblock_tip
10269	newplayer	10270	101311	0	oneblock_tip
10270	newplayer	10271	101311	0	oneblock_tip
10271	newplayer	10272	101311	0	oneblock_tip
10272	newplayer	10273	101311	0	oneblock_tip
10273	newplayer	10274	101311	0	oneblock_tip
10274	newplayer	10275	103301	0	oneblock_tip
10275	newplayer	10276	103301	0	oneblock_tip
10276	newplayer	10277	103301	0	oneblock_tip
10277	newplayer	10278	101311	0	oneblock_tip
10278	newplayer	10279	101311	0	oneblock_tip
10279	newplayer	10280	101303	0	oneblock_tip
10280	newplayer	10281	101303	0	oneblock_tip
10281	newplayer	10282	101304	0	oneblock_tip
10282	newplayer	10283	101311	0	oneblock_tip
10283	newplayer	10284	101311	0	oneblock_tip
10284	newplayer	10285	101311	0	oneblock_tip
10285	newplayer	10286	101311	0	oneblock_tip
10286	newplayer	10287	101311	0	oneblock_tip
10287	newplayer	10288	102011	0	oneblock_tip
10288	newplayer	10289	101311	0	oneblock_tip
10289	newplayer	10290	101311	0	oneblock_tip
10290	newplayer	10291	101311	0	oneblock_tip
10291	newplayer	10292	101311	0	oneblock_tip
10292	newplayer	10293	101311	0	oneblock_tip
10293	newplayer	10294	101311	0	oneblock_tip
10294	newplayer	10295	101311	0	oneblock_tip
10295	newplayer	10296	101311	0	oneblock_tip
10296	newplayer	10297	101311	0	oneblock_tip
10297	newplayer	10298	101311	0	oneblock_tip
10298	newplayer	10299	101311	0	oneblock_tip
10299	newplayer	10300	101311	0	oneblock_tip
10300	newplayer	10301	101311	0	oneblock_tip
10301	newplayer	10302	101311	0	oneblock_tip
10302	newplayer	10303	101311	0	oneblock_tip
10303	newplayer	10304	101303	0	oneblock_tip
10304	newplayer	10305	101303	0	oneblock_tip
10305	newplayer	10306	101304	0	oneblock_tip
10306	newplayer	10307	103301	0	oneblock_tip
10307	newplayer	10308	103301	0	oneblock_tip
10308	newplayer	10309	101311	0	oneblock_tip
10309	newplayer	10310	103301	0	oneblock_tip
10310	newplayer	10311	101311	0	oneblock_tip
10311	newplayer	10312	101311	0	oneblock_tip
10312	newplayer	10313	101311	0	oneblock_tip
10313	newplayer	10314	101311	0	oneblock_tip
10314	newplayer	10315	101311	0	oneblock_tip
10315	newplayer	10316	101303	0	oneblock_tip
10316	newplayer	10317	101304	0	oneblock_tip
10317	newplayer	10318	101303	0	oneblock_tip
10318	newplayer	10319	101311	0	oneblock_tip
10319	newplayer	10320	101311	0	oneblock_tip
10320	newplayer	10321	101311	0	oneblock_tip
10321	newplayer	10322	101311	0	oneblock_tip
10322	newplayer	10323	101311	0	oneblock_tip
10323	newplayer	10324	101311	0	oneblock_tip
10324	newplayer	10325	101311	0	oneblock_tip
10325	newplayer	10326	101311	0	oneblock_tip
10326	newplayer	10327	101311	0	oneblock_tip
10327	newplayer	10328	101311	0	oneblock_tip
10328	newplayer	10329	101311	0	oneblock_tip
10329	newplayer	10330	103301	0	oneblock_tip
10330	newplayer	10331	103301	0	oneblock_tip
10331	newplayer	10332	103301	0	oneblock_tip
10332	newplayer	10333	103301	0	oneblock_tip
10333	newplayer	10334	101311	0	oneblock_tip
10334	newplayer	10335	103301	0	oneblock_tip
10335	newplayer	10336	101311	0	oneblock_tip
10336	newplayer	10337	101311	0	oneblock_tip
10337	newplayer	10338	101311	0	oneblock_tip
10338	newplayer	10339	101311	0	oneblock_tip
10339	newplayer	10340	101311	0	oneblock_tip
10340	newplayer	10341	101311	0	oneblock_tip
10341	newplayer	10342	101311	0	oneblock_tip
10342	newplayer	10343	101311	0	oneblock_tip
10343	newplayer	10344	101311	0	oneblock_tip
10344	newplayer	10345	101303	0	oneblock_tip
10345	newplayer	10346	101304	0	oneblock_tip_cd,9
10346	newplayer	10347	101311	0	oneblock_tip_cd,8
10347	newplayer	10348	101311	0	oneblock_tip_cd,7
10348	newplayer	10349	102012	0	oneblock_tip_cd,6
10349	newplayer	10350	101311	0	oneblock_tip_3_5
10350	newplayer	10351	101311	0	oneblock_tip_cd,4
10351	newplayer	10352	101311	0	oneblock_tip_cd,3
10352	newplayer	10353	101311	0	oneblock_tip_cd,2
10353	newplayer	10354	101401	0	oneblock_tip_cd,1
10354	newplayer	10355	101401	0	oneblock_tip_4_1
10355	newplayer	10356	101401	0	oneblock_tip_4_2
10356	newplayer	10357	101401	0	oneblock_tip_4_3
10357	newplayer	10358	101401	0	oneblock_tip
10358	newplayer	10359	101402	0	oneblock_tip
10359	newplayer	10360	101402	0	oneblock_tip
10360	newplayer	10361	101402	0	oneblock_tip
10361	newplayer	10362	103402	0	oneblock_tip
10362	newplayer	10363	103402	0	oneblock_tip
10363	newplayer	10364	103402	0	oneblock_tip
10364	newplayer	10365	101401	0	oneblock_tip
10365	newplayer	10366	101401	0	oneblock_tip
10366	newplayer	10367	101401	0	oneblock_tip
10367	newplayer	10368	101401	0	oneblock_tip
10368	newplayer	10369	101401	0	oneblock_tip
10369	newplayer	10370	101403	0	oneblock_tip
10370	newplayer	10371	101403	0	oneblock_tip
10371	newplayer	10372	101403	0	oneblock_tip
10372	newplayer	10373	101403	0	oneblock_tip
10373	newplayer	10374	101403	0	oneblock_tip
10374	newplayer	10375	101401	0	oneblock_tip
10375	newplayer	10376	101401	0	oneblock_tip
10376	newplayer	10377	101401	0	oneblock_tip
10377	newplayer	10378	101402	0	oneblock_tip
10378	newplayer	10379	101403	0	oneblock_tip
10379	newplayer	10380	101403	0	oneblock_tip
10380	newplayer	10381	103403	0	oneblock_tip
10381	newplayer	10382	103403	0	oneblock_tip
10382	newplayer	10383	103403	0	oneblock_tip
10383	newplayer	10384	101401	0	oneblock_tip
10384	newplayer	10385	101401	0	oneblock_tip
10385	newplayer	10386	103403	0	oneblock_tip
10386	newplayer	10387	103403	0	oneblock_tip
10387	newplayer	10388	101411	0	oneblock_tip
10388	newplayer	10389	101411	0	oneblock_tip
10389	newplayer	10390	101411	0	oneblock_tip
10390	newplayer	10391	101411	0	oneblock_tip
10391	newplayer	10392	101411	0	oneblock_tip
10392	newplayer	10393	101411	0	oneblock_tip
10393	newplayer	10394	101411	0	oneblock_tip
10394	newplayer	10395	101411	0	oneblock_tip
10395	newplayer	10396	101411	0	oneblock_tip
10396	newplayer	10397	101411	0	oneblock_tip
10397	newplayer	10398	101411	0	oneblock_tip
10398	newplayer	10399	101411	0	oneblock_tip
10399	newplayer	10400	101411	0	oneblock_tip
10400	newplayer	10401	101411	0	oneblock_tip
10401	newplayer	10402	101411	0	oneblock_tip
10402	newplayer	10403	101411	0	oneblock_tip
10403	newplayer	10404	102013	0	oneblock_tip
10404	newplayer	10405	101411	0	oneblock_tip_4_4
10405	newplayer	10406	101411	0	oneblock_tip
10406	newplayer	10407	101411	0	oneblock_tip
10407	newplayer	10408	101411	0	oneblock_tip
10408	newplayer	10409	101411	0	oneblock_tip
10409	newplayer	10410	101411	0	oneblock_tip
10410	newplayer	10411	101411	0	oneblock_tip
10411	newplayer	10412	101403	0	oneblock_tip
10412	newplayer	10413	101403	0	oneblock_tip
10413	newplayer	10414	101403	0	oneblock_tip
10414	newplayer	10415	101411	0	oneblock_tip
10415	newplayer	10416	101411	0	oneblock_tip
10416	newplayer	10417	101411	0	oneblock_tip
10417	newplayer	10418	101411	0	oneblock_tip
10418	newplayer	10419	101411	0	oneblock_tip
10419	newplayer	10420	101411	0	oneblock_tip
10420	newplayer	10421	101411	0	oneblock_tip
10421	newplayer	10422	101411	0	oneblock_tip
10422	newplayer	10423	103401	0	oneblock_tip
10423	newplayer	10424	103401	0	oneblock_tip
10424	newplayer	10425	101401	0	oneblock_tip
10425	newplayer	10426	103401	0	oneblock_tip
10426	newplayer	10427	101411	0	oneblock_tip
10427	newplayer	10428	101411	0	oneblock_tip
10428	newplayer	10429	101411	0	oneblock_tip
10429	newplayer	10430	101411	0	oneblock_tip
10430	newplayer	10431	101403	0	oneblock_tip
10431	newplayer	10432	101403	0	oneblock_tip
10432	newplayer	10433	101411	0	oneblock_tip
10433	newplayer	10434	101411	0	oneblock_tip
10434	newplayer	10435	101411	0	oneblock_tip
10435	newplayer	10436	103401	0	oneblock_tip
10436	newplayer	10437	101411	0	oneblock_tip
10437	newplayer	10438	103401	0	oneblock_tip
10438	newplayer	10439	103401	0	oneblock_tip
10439	newplayer	10440	103401	0	oneblock_tip
10440	newplayer	10441	103401	0	oneblock_tip
10441	newplayer	10442	101411	0	oneblock_tip
10442	newplayer	10443	102014	0	oneblock_tip
10443	newplayer	10444	101411	0	oneblock_tip_4_5
10444	newplayer	10445	101411	0	oneblock_tip
10445	newplayer	10446	101411	0	oneblock_tip
10446	newplayer	10447	101411	0	oneblock_tip
10447	newplayer	10448	101403	0	oneblock_tip
10448	newplayer	10449	101411	0	oneblock_tip
10449	newplayer	10450	101411	0	oneblock_tip
10450	newplayer	10451	101411	0	oneblock_tip
10451	newplayer	10452	101403	0	oneblock_tip
10452	newplayer	10453	101411	0	oneblock_tip
10453	newplayer	10454	101411	0	oneblock_tip
10454	newplayer	10455	101411	0	oneblock_tip
10455	newplayer	10456	103401	0	oneblock_tip
10456	newplayer	10457	103401	0	oneblock_tip
10457	newplayer	10458	101411	0	oneblock_tip
10458	newplayer	10459	101411	0	oneblock_tip
10459	newplayer	10460	103401	0	oneblock_tip
10460	newplayer	10461	103401	0	oneblock_tip
10461	newplayer	10462	101411	0	oneblock_tip
10462	newplayer	10463	101411	0	oneblock_tip
10463	newplayer	10464	101411	0	oneblock_tip
10464	newplayer	10465	101411	0	oneblock_tip
10465	newplayer	10466	101411	0	oneblock_tip
10466	newplayer	10467	101411	0	oneblock_tip
10467	newplayer	10468	101403	0	oneblock_tip
10468	newplayer	10469	101403	0	oneblock_tip
10469	newplayer	10470	101411	0	oneblock_tip
10470	newplayer	10471	101411	0	oneblock_tip
10471	newplayer	10472	101411	0	oneblock_tip
10472	newplayer	10473	101411	0	oneblock_tip
10473	newplayer	10474	101411	0	oneblock_tip
10474	newplayer	10475	103401	0	oneblock_tip
10475	newplayer	10476	103401	0	oneblock_tip
10476	newplayer	10477	103401	0	oneblock_tip
10477	newplayer	10478	101411	0	oneblock_tip
10478	newplayer	10479	103401	0	oneblock_tip
10479	newplayer	10480	103401	0	oneblock_tip
10480	newplayer	10481	101411	0	oneblock_tip
10481	newplayer	10482	101411	0	oneblock_tip
10482	newplayer	10483	101411	0	oneblock_tip
10483	newplayer	10484	101411	0	oneblock_tip
10484	newplayer	10485	101411	0	oneblock_tip
10485	newplayer	10486	101411	0	oneblock_tip
10486	newplayer	10487	101403	0	oneblock_tip
10487	newplayer	10488	101411	0	oneblock_tip
10488	newplayer	10489	101411	0	oneblock_tip
10489	newplayer	10490	101411	0	oneblock_tip
10490	newplayer	10491	101411	0	oneblock_tip
10491	newplayer	10492	101411	0	oneblock_tip
10492	newplayer	10493	101411	0	oneblock_tip
10493	newplayer	10494	101411	0	oneblock_tip
10494	newplayer	10495	101411	0	oneblock_tip
10495	newplayer	10496	101411	0	oneblock_tip
10496	newplayer	10497	101403	0	oneblock_tip
10497	newplayer	10498	102015	0	oneblock_tip
10498	newplayer	10499	101411	0	oneblock_tip
10499	newplayer	10500	101411	0	oneblock_tip
10500	newplayer	10501	101411	0	oneblock_tip
10501	newplayer	10502	101411	0	oneblock_tip
10502	newplayer	10503	101411	0	oneblock_tip
10503	newplayer	10504	101411	0	oneblock_tip
10504	newplayer	10505	101411	0	oneblock_tip
10505	newplayer	10506	101403	0	oneblock_tip
10506	newplayer	10507	101403	0	oneblock_tip
10507	newplayer	10508	101411	0	oneblock_tip
10508	newplayer	10509	101403	0	oneblock_tip
10509	newplayer	10510	101411	0	oneblock_tip
10510	newplayer	10511	101411	0	oneblock_tip
10511	newplayer	10512	101411	0	oneblock_tip
10512	newplayer	10513	101411	0	oneblock_tip
10513	newplayer	10514	101411	0	oneblock_tip
10514	newplayer	10515	101411	0	oneblock_tip
10515	newplayer	10516	101411	0	oneblock_tip
10516	newplayer	10517	103401	0	oneblock_tip
10517	newplayer	10518	103401	0	oneblock_tip
10518	newplayer	10519	101411	0	oneblock_tip
10519	newplayer	10520	103401	0	oneblock_tip
10520	newplayer	10521	103401	0	oneblock_tip
10521	newplayer	10522	101411	0	oneblock_tip
10522	newplayer	10523	103401	0	oneblock_tip
10523	newplayer	10524	101411	0	oneblock_tip
10524	newplayer	10525	101411	0	oneblock_tip
10525	newplayer	10526	101411	0	oneblock_tip
10526	newplayer	10527	101411	0	oneblock_tip
10527	newplayer	10528	101411	0	oneblock_tip
10528	newplayer	10529	101411	0	oneblock_tip
10529	newplayer	10530	103401	0	oneblock_tip
10530	newplayer	10531	101411	0	oneblock_tip
10531	newplayer	10532	101411	0	oneblock_tip
10532	newplayer	10533	103401	0	oneblock_tip
10533	newplayer	10534	103401	0	oneblock_tip
10534	newplayer	10535	101411	0	oneblock_tip
10535	newplayer	10536	101411	0	oneblock_tip
10536	newplayer	10537	102016	0	oneblock_tip
10537	newplayer	10538	101411	0	oneblock_tip
10538	newplayer	10539	101411	0	oneblock_tip
10539	newplayer	10540	101411	0	oneblock_tip
10540	newplayer	10541	101411	0	oneblock_tip
10541	newplayer	10542	101411	0	oneblock_tip
10542	newplayer	10543	101403	0	oneblock_tip
10543	newplayer	10544	101411	0	oneblock_tip
10544	newplayer	10545	101411	0	oneblock_tip
10545	newplayer	10546	101411	0	oneblock_tip
10546	newplayer	10547	101411	0	oneblock_tip
10547	newplayer	10548	101411	0	oneblock_tip
10548	newplayer	10549	101411	0	oneblock_tip
10549	newplayer	10550	103401	0	oneblock_tip
10550	newplayer	10551	101411	0	oneblock_tip
10551	newplayer	10552	103401	0	oneblock_tip
10552	newplayer	10553	103401	0	oneblock_tip
10553	newplayer	10554	103401	0	oneblock_tip
10554	newplayer	10555	101411	0	oneblock_tip
10555	newplayer	10556	101411	0	oneblock_tip
10556	newplayer	10557	101411	0	oneblock_tip
10557	newplayer	10558	101411	0	oneblock_tip
10558	newplayer	10559	101411	0	oneblock_tip
10559	newplayer	10560	101411	0	oneblock_tip
10560	newplayer	10561	101411	0	oneblock_tip
10561	newplayer	10562	101411	0	oneblock_tip
10562	newplayer	10563	101403	0	oneblock_tip
10563	newplayer	10564	101403	0	oneblock_tip
10564	newplayer	10565	101403	0	oneblock_tip
10565	newplayer	10566	101411	0	oneblock_tip
10566	newplayer	10567	101411	0	oneblock_tip
10567	newplayer	10568	101411	0	oneblock_tip
10568	newplayer	10569	103401	0	oneblock_tip
10569	newplayer	10570	103401	0	oneblock_tip
10570	newplayer	10571	103401	0	oneblock_tip
10571	newplayer	10572	103401	0	oneblock_tip
10572	newplayer	10573	101403	0	oneblock_tip
10573	newplayer	10574	101411	0	oneblock_tip
10574	newplayer	10575	101411	0	oneblock_tip
10575	newplayer	10576	101411	0	oneblock_tip
10576	newplayer	10577	101411	0	oneblock_tip
10577	newplayer	10578	101411	0	oneblock_tip
10578	newplayer	10579	101411	0	oneblock_tip
10579	newplayer	10580	101411	0	oneblock_tip
10580	newplayer	10581	101411	0	oneblock_tip
10581	newplayer	10582	101411	0	oneblock_tip
10582	newplayer	10583	101411	0	oneblock_tip
10583	newplayer	10584	101411	0	oneblock_tip
10584	newplayer	10585	101403	0	oneblock_tip
10585	newplayer	10586	101403	0	oneblock_tip_cd,9
10586	newplayer	10587	101411	0	oneblock_tip_cd,8
10587	newplayer	10588	101411	0	oneblock_tip_cd,7
10588	newplayer	10589	101411	0	oneblock_tip_cd,6
10589	newplayer	10590	101411	0	oneblock_tip_cd,5
10590	newplayer	10591	101411	0	oneblock_tip_cd,4
10591	newplayer	10592	102017	0	oneblock_tip_cd,3
10592	newplayer	10593	101411	0	oneblock_tip_cd,2
10593	newplayer	10594	101501	0	oneblock_tip_cd,1
10594	newplayer	10595	101501	0	oneblock_tip_5_1
10595	newplayer	10596	101501	0	oneblock_tip_5_2
10596	newplayer	10597	101501	0	oneblock_tip_5_3
10597	newplayer	10598	101501	0	oneblock_tip
10598	newplayer	10599	101502	0	oneblock_tip
10599	newplayer	10600	101502	0	oneblock_tip
10600	newplayer	10601	101502	0	oneblock_tip
10601	newplayer	10602	101501	0	oneblock_tip
10602	newplayer	10603	101501	0	oneblock_tip
10603	newplayer	10604	101501	0	oneblock_tip
10604	newplayer	10605	101503	0	oneblock_tip
10605	newplayer	10606	101503	0	oneblock_tip
10606	newplayer	10607	101503	0	oneblock_tip
10607	newplayer	10608	101503	0	oneblock_tip
10608	newplayer	10609	101501	0	oneblock_tip
10609	newplayer	10610	101501	0	oneblock_tip
10610	newplayer	10611	103502	0	oneblock_tip
10611	newplayer	10612	103502	0	oneblock_tip_5_4
10612	newplayer	10613	103502	0	oneblock_tip
10613	newplayer	10614	103502	0	oneblock_tip
10614	newplayer	10615	101501	0	oneblock_tip
10615	newplayer	10616	101501	0	oneblock_tip
10616	newplayer	10617	101501	0	oneblock_tip
10617	newplayer	10618	101501	0	oneblock_tip
10618	newplayer	10619	101504	0	oneblock_tip
10619	newplayer	10620	101511	0	oneblock_tip_5_5
10620	newplayer	10621	101511	0	oneblock_tip
10621	newplayer	10622	101511	0	oneblock_tip
10622	newplayer	10623	101511	0	oneblock_tip
10623	newplayer	10624	103503	0	oneblock_tip
10624	newplayer	10625	103503	0	oneblock_tip
10625	newplayer	10626	101511	0	oneblock_tip
10626	newplayer	10627	101511	0	oneblock_tip
10627	newplayer	10628	101511	0	oneblock_tip
10628	newplayer	10629	101511	0	oneblock_tip
10629	newplayer	10630	101511	0	oneblock_tip
10630	newplayer	10631	102018	0	oneblock_tip
10631	newplayer	10632	101511	0	oneblock_tip
10632	newplayer	10633	101511	0	oneblock_tip
10633	newplayer	10634	101511	0	oneblock_tip
10634	newplayer	10635	101511	0	oneblock_tip
10635	newplayer	10636	101511	0	oneblock_tip
10636	newplayer	10637	101504	0	oneblock_tip
10637	newplayer	10638	101511	0	oneblock_tip
10638	newplayer	10639	101511	0	oneblock_tip
10639	newplayer	10640	101511	0	oneblock_tip
10640	newplayer	10641	101511	0	oneblock_tip
10641	newplayer	10642	101511	0	oneblock_tip
10642	newplayer	10643	101511	0	oneblock_tip
10643	newplayer	10644	103504	0	oneblock_tip
10644	newplayer	10645	103504	0	oneblock_tip
10645	newplayer	10646	103504	0	oneblock_tip
10646	newplayer	10647	103504	0	oneblock_tip
10647	newplayer	10648	103504	0	oneblock_tip
10648	newplayer	10649	101511	0	oneblock_tip
10649	newplayer	10650	101511	0	oneblock_tip
10650	newplayer	10651	101511	0	oneblock_tip
10651	newplayer	10652	101511	0	oneblock_tip
10652	newplayer	10653	101511	0	oneblock_tip
10653	newplayer	10654	101511	0	oneblock_tip
10654	newplayer	10655	101511	0	oneblock_tip
10655	newplayer	10656	101511	0	oneblock_tip
10656	newplayer	10657	101511	0	oneblock_tip
10657	newplayer	10658	101511	0	oneblock_tip
10658	newplayer	10659	101511	0	oneblock_tip
10659	newplayer	10660	101511	0	oneblock_tip
10660	newplayer	10661	101511	0	oneblock_tip
10661	newplayer	10662	101511	0	oneblock_tip
10662	newplayer	10663	102019	0	oneblock_tip
10663	newplayer	10664	101511	0	oneblock_tip
10664	newplayer	10665	101511	0	oneblock_tip
10665	newplayer	10666	101511	0	oneblock_tip
10666	newplayer	10667	101511	0	oneblock_tip
10667	newplayer	10668	101511	0	oneblock_tip
10668	newplayer	10669	101511	0	oneblock_tip
10669	newplayer	10670	101511	0	oneblock_tip
10670	newplayer	10671	101511	0	oneblock_tip
10671	newplayer	10672	101511	0	oneblock_tip
10672	newplayer	10673	101511	0	oneblock_tip
10673	newplayer	10674	101511	0	oneblock_tip
10674	newplayer	10675	101511	0	oneblock_tip
10675	newplayer	10676	101504	0	oneblock_tip
10676	newplayer	10677	101511	0	oneblock_tip
10677	newplayer	10678	101511	0	oneblock_tip
10678	newplayer	10679	101511	0	oneblock_tip
10679	newplayer	10680	101511	0	oneblock_tip
10680	newplayer	10681	101511	0	oneblock_tip
10681	newplayer	10682	101511	0	oneblock_tip
10682	newplayer	10683	101511	0	oneblock_tip
10683	newplayer	10684	101511	0	oneblock_tip
10684	newplayer	10685	101511	0	oneblock_tip
10685	newplayer	10686	103501	0	oneblock_tip
10686	newplayer	10687	103501	0	oneblock_tip
10687	newplayer	10688	103501	0	oneblock_tip
10688	newplayer	10689	103501	0	oneblock_tip
10689	newplayer	10690	103501	0	oneblock_tip
10690	newplayer	10691	103501	0	oneblock_tip
10691	newplayer	10692	101511	0	oneblock_tip
10692	newplayer	10693	101511	0	oneblock_tip
10693	newplayer	10694	101511	0	oneblock_tip
10694	newplayer	10695	101511	0	oneblock_tip
10695	newplayer	10696	101511	0	oneblock_tip
10696	newplayer	10697	101511	0	oneblock_tip
10697	newplayer	10698	101511	0	oneblock_tip
10698	newplayer	10699	101511	0	oneblock_tip
10699	newplayer	10700	101511	0	oneblock_tip
10700	newplayer	10701	101511	0	oneblock_tip
10701	newplayer	10702	101511	0	oneblock_tip
10702	newplayer	10703	101511	0	oneblock_tip
10703	newplayer	10704	101511	0	oneblock_tip
10704	newplayer	10705	103501	0	oneblock_tip
10705	newplayer	10706	101511	0	oneblock_tip
10706	newplayer	10707	103501	0	oneblock_tip
10707	newplayer	10708	103501	0	oneblock_tip
10708	newplayer	10709	101511	0	oneblock_tip
10709	newplayer	10710	101511	0	oneblock_tip
10710	newplayer	10711	103501	0	oneblock_tip
10711	newplayer	10712	103501	0	oneblock_tip
10712	newplayer	10713	101511	0	oneblock_tip
10713	newplayer	10714	101511	0	oneblock_tip
10714	newplayer	10715	101511	0	oneblock_tip
10715	newplayer	10716	101511	0	oneblock_tip
10716	newplayer	10717	101511	0	oneblock_tip
10717	newplayer	10718	102020	0	oneblock_tip
10718	newplayer	10719	101511	0	oneblock_tip
10719	newplayer	10720	101511	0	oneblock_tip
10720	newplayer	10721	101511	0	oneblock_tip
10721	newplayer	10722	101511	0	oneblock_tip
10722	newplayer	10723	101511	0	oneblock_tip
10723	newplayer	10724	101511	0	oneblock_tip
10724	newplayer	10725	103501	0	oneblock_tip
10725	newplayer	10726	103501	0	oneblock_tip
10726	newplayer	10727	101511	0	oneblock_tip
10727	newplayer	10728	103501	0	oneblock_tip
10728	newplayer	10729	103501	0	oneblock_tip
10729	newplayer	10730	101511	0	oneblock_tip
10730	newplayer	10731	101511	0	oneblock_tip
10731	newplayer	10732	101511	0	oneblock_tip
10732	newplayer	10733	101511	0	oneblock_tip
10733	newplayer	10734	101511	0	oneblock_tip
10734	newplayer	10735	101511	0	oneblock_tip
10735	newplayer	10736	101511	0	oneblock_tip
10736	newplayer	10737	101511	0	oneblock_tip
10737	newplayer	10738	103501	0	oneblock_tip
10738	newplayer	10739	103501	0	oneblock_tip
10739	newplayer	10740	101511	0	oneblock_tip
10740	newplayer	10741	101511	0	oneblock_tip
10741	newplayer	10742	103501	0	oneblock_tip
10742	newplayer	10743	103501	0	oneblock_tip
10743	newplayer	10744	103501	0	oneblock_tip
10744	newplayer	10745	101511	0	oneblock_tip
10745	newplayer	10746	101511	0	oneblock_tip
10746	newplayer	10747	101511	0	oneblock_tip
10747	newplayer	10748	101511	0	oneblock_tip
10748	newplayer	10749	101511	0	oneblock_tip
10749	newplayer	10750	101511	0	oneblock_tip
10750	newplayer	10751	101511	0	oneblock_tip
10751	newplayer	10752	101504	0	oneblock_tip
10752	newplayer	10753	101511	0	oneblock_tip
10753	newplayer	10754	101511	0	oneblock_tip
10754	newplayer	10755	101511	0	oneblock_tip
10755	newplayer	10756	101511	0	oneblock_tip
10756	newplayer	10757	102021	0	oneblock_tip
10757	newplayer	10758	101511	0	oneblock_tip
10758	newplayer	10759	101511	0	oneblock_tip
10759	newplayer	10760	101511	0	oneblock_tip
10760	newplayer	10761	101511	0	oneblock_tip
10761	newplayer	10762	101511	0	oneblock_tip
10762	newplayer	10763	101511	0	oneblock_tip
10763	newplayer	10764	101511	0	oneblock_tip
10764	newplayer	10765	101511	0	oneblock_tip
10765	newplayer	10766	101511	0	oneblock_tip
10766	newplayer	10767	101511	0	oneblock_tip
10767	newplayer	10768	101511	0	oneblock_tip
10768	newplayer	10769	101511	0	oneblock_tip
10769	newplayer	10770	101511	0	oneblock_tip
10770	newplayer	10771	101511	0	oneblock_tip
10771	newplayer	10772	101511	0	oneblock_tip
10772	newplayer	10773	101511	0	oneblock_tip
10773	newplayer	10774	101511	0	oneblock_tip
10774	newplayer	10775	101504	0	oneblock_tip
10775	newplayer	10776	101511	0	oneblock_tip
10776	newplayer	10777	101511	0	oneblock_tip
10777	newplayer	10778	101511	0	oneblock_tip
10778	newplayer	10779	101511	0	oneblock_tip
10779	newplayer	10780	103501	0	oneblock_tip
10780	newplayer	10781	103501	0	oneblock_tip
10781	newplayer	10782	103501	0	oneblock_tip
10782	newplayer	10783	101511	0	oneblock_tip
10783	newplayer	10784	103501	0	oneblock_tip
10784	newplayer	10785	103501	0	oneblock_tip
10785	newplayer	10786	101511	0	oneblock_tip
10786	newplayer	10787	101511	0	oneblock_tip
10787	newplayer	10788	101511	0	oneblock_tip
10788	newplayer	10789	101511	0	oneblock_tip
10789	newplayer	10790	101511	0	oneblock_tip
10790	newplayer	10791	101511	0	oneblock_tip
10791	newplayer	10792	101511	0	oneblock_tip
10792	newplayer	10793	101511	0	oneblock_tip
10793	newplayer	10794	101504	0	oneblock_tip
10794	newplayer	10795	101511	0	oneblock_tip
10795	newplayer	10796	101511	0	oneblock_tip
10796	newplayer	10797	101511	0	oneblock_tip
10797	newplayer	10798	101511	0	oneblock_tip
10798	newplayer	10799	103501	0	oneblock_tip
10799	newplayer	10800	103501	0	oneblock_tip
10800	newplayer	10801	103501	0	oneblock_tip
10801	newplayer	10802	103501	0	oneblock_tip
10802	newplayer	10803	103501	0	oneblock_tip
10803	newplayer	10804	101511	0	oneblock_tip
10804	newplayer	10805	101511	0	oneblock_tip
10805	newplayer	10806	101511	0	oneblock_tip
10806	newplayer	10807	101511	0	oneblock_tip
10807	newplayer	10808	101511	0	oneblock_tip
10808	newplayer	10809	101511	0	oneblock_tip
10809	newplayer	10810	101511	0	oneblock_tip
10810	newplayer	10811	101511	0	oneblock_tip
10811	newplayer	10812	102022	0	oneblock_tip
10812	newplayer	10813	101511	0	oneblock_tip
10813	newplayer	10814	101511	0	oneblock_tip
10814	newplayer	10815	101511	0	oneblock_tip
10815	newplayer	10816	101511	0	oneblock_tip
10816	newplayer	10817	101511	0	oneblock_tip
10817	newplayer	10818	101511	0	oneblock_tip
10818	newplayer	10819	101511	0	oneblock_tip
10819	newplayer	10820	101511	0	oneblock_tip
10820	newplayer	10821	101511	0	oneblock_tip
10821	newplayer	10822	101511	0	oneblock_tip
10822	newplayer	10823	101511	0	oneblock_tip
10823	newplayer	10824	101511	0	oneblock_tip
10824	newplayer	10825	101504	0	oneblock_tip
10825	newplayer	10826	101511	0	oneblock_tip
10826	newplayer	10827	101511	0	oneblock_tip
10827	newplayer	10828	101511	0	oneblock_tip
10828	newplayer	10829	101511	0	oneblock_tip
10829	newplayer	10830	103501	0	oneblock_tip
10830	newplayer	10831	103501	0	oneblock_tip
10831	newplayer	10832	103501	0	oneblock_tip
10832	newplayer	10833	101511	0	oneblock_tip
10833	newplayer	10834	103501	0	oneblock_tip
10834	newplayer	10835	103501	0	oneblock_tip
10835	newplayer	10836	101511	0	oneblock_tip
10836	newplayer	10837	101511	0	oneblock_tip
10837	newplayer	10838	101511	0	oneblock_tip
10838	newplayer	10839	101511	0	oneblock_tip
10839	newplayer	10840	101511	0	oneblock_tip
10840	newplayer	10841	101511	0	oneblock_tip
10841	newplayer	10842	101511	0	oneblock_tip
10842	newplayer	10843	101511	0	oneblock_tip
10843	newplayer	10844	101504	0	oneblock_tip
10844	newplayer	10845	101511	0	oneblock_tip
10845	newplayer	10846	101511	0	oneblock_tip
10846	newplayer	10847	101511	0	oneblock_tip
10847	newplayer	10848	101511	0	oneblock_tip
10848	newplayer	10849	103501	0	oneblock_tip
10849	newplayer	10850	103501	0	oneblock_tip
10850	newplayer	10851	103501	0	oneblock_tip
10851	newplayer	10852	103501	0	oneblock_tip
10852	newplayer	10853	103501	0	oneblock_tip
10853	newplayer	10854	101511	0	oneblock_tip
10854	newplayer	10855	101511	0	oneblock_tip
10855	newplayer	10856	101511	0	oneblock_tip
10856	newplayer	10857	101511	0	oneblock_tip
10857	newplayer	10858	101511	0	oneblock_tip
10858	newplayer	10859	101511	0	oneblock_tip
10859	newplayer	10860	101511	0	oneblock_tip
10860	newplayer	10861	101511	0	oneblock_tip
10861	newplayer	10862	101511	0	oneblock_tip
10862	newplayer	10863	101511	0	oneblock_tip
10863	newplayer	10864	101511	0	oneblock_tip
10864	newplayer	10865	101511	0	oneblock_tip
10865	newplayer	10866	101504	0	oneblock_tip
10866	newplayer	10867	101511	0	oneblock_tip
10867	newplayer	10868	101511	0	oneblock_tip
10868	newplayer	10869	101511	0	oneblock_tip
10869	newplayer	10870	101511	0	oneblock_tip
10870	newplayer	10871	103501	0	oneblock_tip
10871	newplayer	10872	103501	0	oneblock_tip
10872	newplayer	10873	103501	0	oneblock_tip
10873	newplayer	10874	103501	0	oneblock_tip
10874	newplayer	10875	103501	0	oneblock_tip
10875	newplayer	10876	101511	0	oneblock_tip
10876	newplayer	10877	101511	0	oneblock_tip
10877	newplayer	10878	101511	0	oneblock_tip
10878	newplayer	10879	101511	0	oneblock_tip
10879	newplayer	10880	101511	0	oneblock_tip
10880	newplayer	10881	101511	0	oneblock_tip
10881	newplayer	10882	101511	0	oneblock_tip
10882	newplayer	10883	101511	0	oneblock_tip
10883	newplayer	10884	101511	0	oneblock_tip
10884	newplayer	10885	103501	0	oneblock_tip
10885	newplayer	10886	103501	0	oneblock_tip
10886	newplayer	10887	101511	0	oneblock_tip
10887	newplayer	10888	101511	0	oneblock_tip
10888	newplayer	10889	101511	0	oneblock_tip
10889	newplayer	10890	101511	0	oneblock_tip
10890	newplayer	10891	101511	0	oneblock_tip
10891	newplayer	10892	101511	0	oneblock_tip
10892	newplayer	10893	101511	0	oneblock_tip
10893	newplayer	10894	101511	0	oneblock_tip
10894	newplayer	10895	101511	0	oneblock_tip
10895	newplayer	10896	101511	0	oneblock_tip
10896	newplayer	10897	101511	0	oneblock_tip
10897	newplayer	10898	101511	0	oneblock_tip
10898	newplayer	10899	101511	0	oneblock_tip
10899	newplayer	10900	103501	0	oneblock_tip
10900	newplayer	10901	103501	0	oneblock_tip
10901	newplayer	10902	101511	0	oneblock_tip
10902	newplayer	10903	101511	0	oneblock_tip
10903	newplayer	10904	101511	0	oneblock_tip
10904	newplayer	10905	101511	0	oneblock_tip
10905	newplayer	10906	101511	0	oneblock_tip
10906	newplayer	10907	101511	0	oneblock_tip
10907	newplayer	10908	101511	0	oneblock_tip
10908	newplayer	10909	101511	0	oneblock_tip
10909	newplayer	10910	101511	0	oneblock_tip
10910	newplayer	10911	103501	0	oneblock_tip
10911	newplayer	10912	101511	0	oneblock_tip
10912	newplayer	10913	101511	0	oneblock_tip
10913	newplayer	10914	101511	0	oneblock_tip
10914	newplayer	10915	101511	0	oneblock_tip
10915	newplayer	10916	101511	0	oneblock_tip
10916	newplayer	10917	101511	0	oneblock_tip
10917	newplayer	10918	101511	0	oneblock_tip
10918	newplayer	10919	101511	0	oneblock_tip
10919	newplayer	10920	101511	0	oneblock_tip
10920	newplayer	10921	101511	0	oneblock_tip
10921	newplayer	10922	101511	0	oneblock_tip
10922	newplayer	10923	101511	0	oneblock_tip
10923	newplayer	10924	101511	0	oneblock_tip
10924	newplayer	10925	101511	0	oneblock_tip
10925	newplayer	10926	101511	0	oneblock_tip
10926	newplayer	10927	103501	0	oneblock_tip
10927	newplayer	10928	103501	0	oneblock_tip
10928	newplayer	10929	101511	0	oneblock_tip
10929	newplayer	10930	103501	0	oneblock_tip
10930	newplayer	10931	103501	0	oneblock_tip
10931	newplayer	10932	103501	0	oneblock_tip
10932	newplayer	10933	101511	0	oneblock_tip
10933	newplayer	10934	101511	0	oneblock_tip
10934	newplayer	10935	101511	0	oneblock_tip
10935	newplayer	10936	101511	0	oneblock_tip
10936	newplayer	10937	101511	0	oneblock_tip
10937	newplayer	10938	101511	0	oneblock_tip
10938	newplayer	10939	101511	0	oneblock_tip
10939	newplayer	10940	103501	0	oneblock_tip
10940	newplayer	10941	103501	0	oneblock_tip
10941	newplayer	10942	103501	0	oneblock_tip
10942	newplayer	10943	101511	0	oneblock_tip
10943	newplayer	10944	103501	0	oneblock_tip
10944	newplayer	10945	103501	0	oneblock_tip
10945	newplayer	10946	101511	0	oneblock_tip
10946	newplayer	10947	102023	0	oneblock_tip
10947	newplayer	10948	101511	0	oneblock_tip
10948	newplayer	10949	101511	0	oneblock_tip
10949	newplayer	10950	101511	0	oneblock_tip
10950	newplayer	10951	101511	0	oneblock_tip
10951	newplayer	10952	101511	0	oneblock_tip
10952	newplayer	10953	101511	0	oneblock_tip
10953	newplayer	10954	101511	0	oneblock_tip
10954	newplayer	10955	101511	0	oneblock_tip
10955	newplayer	10956	101511	0	oneblock_tip
10956	newplayer	10957	101511	0	oneblock_tip
10957	newplayer	10958	101511	0	oneblock_tip
10958	newplayer	10959	101511	0	oneblock_tip
10959	newplayer	10960	103501	0	oneblock_tip
10960	newplayer	10961	101511	0	oneblock_tip
10961	newplayer	10962	103501	0	oneblock_tip
10962	newplayer	10963	103501	0	oneblock_tip
10963	newplayer	10964	103501	0	oneblock_tip
10964	newplayer	10965	101511	0	oneblock_tip
10965	newplayer	10966	101511	0	oneblock_tip
10966	newplayer	10967	101511	0	oneblock_tip
10967	newplayer	10968	101511	0	oneblock_tip
10968	newplayer	10969	101511	0	oneblock_tip
10969	newplayer	10970	101511	0	oneblock_tip
10970	newplayer	10971	101511	0	oneblock_tip
10971	newplayer	10972	101511	0	oneblock_tip
10972	newplayer	10973	101504	0	oneblock_tip
10973	newplayer	10974	101511	0	oneblock_tip
10974	newplayer	10975	101511	0	oneblock_tip
10975	newplayer	10976	101511	0	oneblock_tip
10976	newplayer	10977	101511	0	oneblock_tip
10977	newplayer	10978	101511	0	oneblock_tip
10978	newplayer	10979	103501	0	oneblock_tip
10979	newplayer	10980	103501	0	oneblock_tip
10980	newplayer	10981	103501	0	oneblock_tip
10981	newplayer	10982	101511	0	oneblock_tip
10982	newplayer	10983	103501	0	oneblock_tip
10983	newplayer	10984	101511	0	oneblock_tip
10984	newplayer	10985	101511	0	oneblock_tip
10985	newplayer	10986	101511	0	oneblock_tip
10986	newplayer	10987	101511	0	oneblock_tip
10987	newplayer	10988	101511	0	oneblock_tip
10988	newplayer	10989	101511	0	oneblock_tip
10989	newplayer	10990	101511	0	oneblock_tip
10990	newplayer	10991	101511	0	oneblock_tip
10991	newplayer	10992	101511	0	oneblock_tip
10992	newplayer	10993	101511	0	oneblock_tip
10993	newplayer	10994	101504	0	oneblock_tip_endcd,9
10994	newplayer	10995	101511	0	oneblock_tip_endcd,8
10995	newplayer	10996	101511	0	oneblock_tip_endcd,7
10996	newplayer	10997	101511	0	oneblock_tip_endcd,6
10997	newplayer	10998	101511	0	oneblock_tip_endcd,5
10998	newplayer	10999	101511	0	oneblock_tip_endcd,4
10999	newplayer	11000	101511	0	oneblock_tip_endcd,3
11000	newplayer	11001	102024	0	oneblock_tip_endcd,2
11001	newplayer	11002	101511	0	oneblock_tip_endcd,1
11002	newplayer	0	0	0	oneblock_tip_end
21001	oneblock_1	21002	211001	1	oneblock_tip
21002	oneblock_1	21003	211001	0	oneblock_tip_1_1
21003	oneblock_1	21004	211001	0	oneblock_tip_1_2
21004	oneblock_1	21005	211001	0	oneblock_tip_1_3
21005	oneblock_1	21006	211001	0	oneblock1_tip_4
21006	oneblock_1	21007	211001	0	oneblock_tip
21007	oneblock_1	21008	211001	0	oneblock_tip
21008	oneblock_1	21009	211001	0	oneblock_tip
21009	oneblock_1	21010	211001	0	oneblock_tip
21010	oneblock_1	21011	211001	0	oneblock_tip
21011	oneblock_1	21012	211001	0	oneblock_tip
21012	oneblock_1	21013	211001	0	oneblock_tip
21013	oneblock_1	21014	211001	0	oneblock_tip
21014	oneblock_1	21015	211001	0	oneblock_tip
21015	oneblock_1	21016	211001	0	oneblock_tip
21016	oneblock_1	21017	211001	0	oneblock_tip
21017	oneblock_1	21018	211001	0	oneblock_tip
21018	oneblock_1	21019	211001	0	oneblock_tip
21019	oneblock_1	21020	211001	0	oneblock_tip
21020	oneblock_1	21021	211001	0	oneblock_tip
21021	oneblock_1	21022	211001	0	oneblock_tip
21022	oneblock_1	21023	211001	0	oneblock_tip
21023	oneblock_1	21024	211001	0	oneblock_tip
21024	oneblock_1	21025	211001	0	oneblock_tip
21025	oneblock_1	21026	211001	0	oneblock_tip
21026	oneblock_1	21027	211001	0	oneblock_tip
21027	oneblock_1	21028	211001	0	oneblock_tip
21028	oneblock_1	21029	211001	0	oneblock_tip
21029	oneblock_1	21030	211001	0	oneblock_tip
21030	oneblock_1	21031	211001	0	oneblock_tip
21031	oneblock_1	21032	211001	0	oneblock_tip
21032	oneblock_1	21033	211001	0	oneblock_tip
21033	oneblock_1	21034	211001	0	oneblock_tip
21034	oneblock_1	21035	211001	0	oneblock_tip
21035	oneblock_1	21036	211001	0	oneblock_tip
21036	oneblock_1	21037	211001	0	oneblock_tip
21037	oneblock_1	21038	211001	0	oneblock_tip
21038	oneblock_1	21039	211001	0	oneblock_tip
21039	oneblock_1	21040	211001	0	oneblock_tip
21040	oneblock_1	21041	211001	0	oneblock_tip
21041	oneblock_1	21042	211001	0	oneblock_tip
21042	oneblock_1	21043	211001	0	oneblock_tip
21043	oneblock_1	21044	211001	0	oneblock_tip
21044	oneblock_1	21045	211001	0	oneblock_tip
21045	oneblock_1	21046	211001	0	oneblock_tip
21046	oneblock_1	21047	211001	0	oneblock_tip
21047	oneblock_1	21048	211001	0	oneblock_tip
21048	oneblock_1	21049	211001	0	oneblock_tip
21049	oneblock_1	21050	211001	0	oneblock_tip
21050	oneblock_1	21051	211001	0	oneblock_tip
21051	oneblock_1	21052	211001	0	oneblock_tip
21052	oneblock_1	21053	211001	0	oneblock_tip
21053	oneblock_1	21054	211001	0	oneblock_tip
21054	oneblock_1	21055	211001	0	oneblock_tip
21055	oneblock_1	21056	211001	0	oneblock_tip
21056	oneblock_1	21057	211001	0	oneblock_tip
21057	oneblock_1	21058	211001	0	oneblock_tip
21058	oneblock_1	21059	211001	0	oneblock_tip
21059	oneblock_1	21060	211001	0	oneblock_tip
21060	oneblock_1	21061	211001	0	oneblock_tip
21061	oneblock_1	21062	211001	0	oneblock_tip
21062	oneblock_1	21063	211001	0	oneblock_tip
21063	oneblock_1	21064	211001	0	oneblock_tip
21064	oneblock_1	21065	211001	0	oneblock_tip
21065	oneblock_1	21066	211001	0	oneblock_tip
21066	oneblock_1	21067	211001	0	oneblock_tip
21067	oneblock_1	21068	211001	0	oneblock_tip
21068	oneblock_1	21069	211001	0	oneblock_tip
21069	oneblock_1	21070	211001	0	oneblock_tip
21070	oneblock_1	21071	211001	0	oneblock_tip
21071	oneblock_1	21072	211001	0	oneblock_tip
21072	oneblock_1	21073	211001	0	oneblock_tip
21073	oneblock_1	21074	211001	0	oneblock_tip
21074	oneblock_1	21075	211001	0	oneblock_tip
21075	oneblock_1	21076	211001	0	oneblock_tip
21076	oneblock_1	21077	211001	0	oneblock_tip
21077	oneblock_1	21078	211001	0	oneblock_tip
21078	oneblock_1	21079	211001	0	oneblock_tip
21079	oneblock_1	21080	211001	0	oneblock_tip
21080	oneblock_1	21081	211001	0	oneblock_tip
21081	oneblock_1	21082	211001	0	oneblock_tip
21082	oneblock_1	21083	211001	0	oneblock_tip
21083	oneblock_1	21084	211001	0	oneblock_tip
21084	oneblock_1	21085	211001	0	oneblock_tip
21085	oneblock_1	21086	211001	0	oneblock_tip
21086	oneblock_1	21087	211001	0	oneblock_tip
21087	oneblock_1	21088	211001	0	oneblock_tip
21088	oneblock_1	21089	211001	0	oneblock_tip
21089	oneblock_1	21090	211001	0	oneblock_tip
21090	oneblock_1	21091	211001	0	oneblock_tip
21091	oneblock_1	21092	211001	0	oneblock_tip
21092	oneblock_1	21093	211001	0	oneblock_tip
21093	oneblock_1	21094	211001	0	oneblock_tip_endcd,9
21094	oneblock_1	21095	211001	0	oneblock_tip_endcd,8
21095	oneblock_1	21096	211001	0	oneblock_tip_endcd,7
21096	oneblock_1	21097	211001	0	oneblock_tip_endcd,6
21097	oneblock_1	21098	211001	0	oneblock_tip_endcd,5
21098	oneblock_1	21099	211001	0	oneblock_tip_endcd,4
21099	oneblock_1	21100	211001	0	oneblock_tip_endcd,3
21100	oneblock_1	21101	211001	0	oneblock_tip_endcd,2
21101	oneblock_1	21102	211002	0	oneblock_tip_endcd,1
21102	oneblock_1	0	0	0	oneblock_tip_end
22001	oneblock_2	22002	221001	1	oneblock_tip
22002	oneblock_2	22003	221001	0	oneblock_tip_1_1
22003	oneblock_2	22004	221001	0	oneblock_tip_1_2
22004	oneblock_2	22005	221001	0	oneblock_tip_1_3
22005	oneblock_2	22006	221001	0	oneblock2_tip_4
22006	oneblock_2	22007	221001	0	oneblock_tip
22007	oneblock_2	22008	221001	0	oneblock_tip
22008	oneblock_2	22009	221001	0	oneblock_tip
22009	oneblock_2	22010	221001	0	oneblock_tip
22010	oneblock_2	22011	221001	0	oneblock_tip
22011	oneblock_2	22012	221001	0	oneblock_tip
22012	oneblock_2	22013	221001	0	oneblock_tip
22013	oneblock_2	22014	221001	0	oneblock_tip
22014	oneblock_2	22015	221001	0	oneblock_tip
22015	oneblock_2	22016	221001	0	oneblock_tip
22016	oneblock_2	22017	221001	0	oneblock_tip
22017	oneblock_2	22018	221001	0	oneblock_tip
22018	oneblock_2	22019	221001	0	oneblock_tip
22019	oneblock_2	22020	221001	0	oneblock_tip
22020	oneblock_2	22021	221001	0	oneblock_tip
22021	oneblock_2	22022	221001	0	oneblock_tip
22022	oneblock_2	22023	221001	0	oneblock_tip
22023	oneblock_2	22024	221001	0	oneblock_tip
22024	oneblock_2	22025	221001	0	oneblock_tip
22025	oneblock_2	22026	221001	0	oneblock_tip
22026	oneblock_2	22027	221001	0	oneblock_tip
22027	oneblock_2	22028	221001	0	oneblock_tip
22028	oneblock_2	22029	221001	0	oneblock_tip
22029	oneblock_2	22030	221001	0	oneblock_tip
22030	oneblock_2	22031	221001	0	oneblock_tip
22031	oneblock_2	22032	221001	0	oneblock_tip
22032	oneblock_2	22033	221001	0	oneblock_tip
22033	oneblock_2	22034	221001	0	oneblock_tip
22034	oneblock_2	22035	221001	0	oneblock_tip
22035	oneblock_2	22036	221001	0	oneblock_tip
22036	oneblock_2	22037	221001	0	oneblock_tip
22037	oneblock_2	22038	221001	0	oneblock_tip
22038	oneblock_2	22039	221001	0	oneblock_tip
22039	oneblock_2	22040	221001	0	oneblock_tip
22040	oneblock_2	22041	221001	0	oneblock_tip
22041	oneblock_2	22042	221001	0	oneblock_tip
22042	oneblock_2	22043	221001	0	oneblock_tip
22043	oneblock_2	22044	221001	0	oneblock_tip
22044	oneblock_2	22045	221001	0	oneblock_tip
22045	oneblock_2	22046	221001	0	oneblock_tip
22046	oneblock_2	22047	221001	0	oneblock_tip
22047	oneblock_2	22048	221001	0	oneblock_tip
22048	oneblock_2	22049	221001	0	oneblock_tip
22049	oneblock_2	22050	221001	0	oneblock_tip
22050	oneblock_2	22051	221001	0	oneblock_tip
22051	oneblock_2	22052	221001	0	oneblock_tip
22052	oneblock_2	22053	221001	0	oneblock_tip
22053	oneblock_2	22054	221001	0	oneblock_tip
22054	oneblock_2	22055	221001	0	oneblock_tip
22055	oneblock_2	22056	221001	0	oneblock_tip
22056	oneblock_2	22057	221001	0	oneblock_tip
22057	oneblock_2	22058	221001	0	oneblock_tip
22058	oneblock_2	22059	221001	0	oneblock_tip
22059	oneblock_2	22060	221001	0	oneblock_tip
22060	oneblock_2	22061	221001	0	oneblock_tip
22061	oneblock_2	22062	221001	0	oneblock_tip
22062	oneblock_2	22063	221001	0	oneblock_tip
22063	oneblock_2	22064	221001	0	oneblock_tip
22064	oneblock_2	22065	221001	0	oneblock_tip
22065	oneblock_2	22066	221001	0	oneblock_tip
22066	oneblock_2	22067	221001	0	oneblock_tip
22067	oneblock_2	22068	221001	0	oneblock_tip
22068	oneblock_2	22069	221001	0	oneblock_tip
22069	oneblock_2	22070	221001	0	oneblock_tip
22070	oneblock_2	22071	221001	0	oneblock_tip
22071	oneblock_2	22072	221001	0	oneblock_tip
22072	oneblock_2	22073	221001	0	oneblock_tip
22073	oneblock_2	22074	221001	0	oneblock_tip
22074	oneblock_2	22075	221001	0	oneblock_tip
22075	oneblock_2	22076	221001	0	oneblock_tip
22076	oneblock_2	22077	221001	0	oneblock_tip
22077	oneblock_2	22078	221001	0	oneblock_tip
22078	oneblock_2	22079	221001	0	oneblock_tip
22079	oneblock_2	22080	221001	0	oneblock_tip
22080	oneblock_2	22081	221001	0	oneblock_tip
22081	oneblock_2	22082	221001	0	oneblock_tip
22082	oneblock_2	22083	221001	0	oneblock_tip
22083	oneblock_2	22084	221001	0	oneblock_tip
22084	oneblock_2	22085	221001	0	oneblock_tip
22085	oneblock_2	22086	221001	0	oneblock_tip
22086	oneblock_2	22087	221001	0	oneblock_tip
22087	oneblock_2	22088	221001	0	oneblock_tip
22088	oneblock_2	22089	221001	0	oneblock_tip
22089	oneblock_2	22090	221001	0	oneblock_tip
22090	oneblock_2	22091	221001	0	oneblock_tip
22091	oneblock_2	22092	221001	0	oneblock_tip
22092	oneblock_2	22093	221001	0	oneblock_tip
22093	oneblock_2	22094	221001	0	oneblock_tip_endcd,9
22094	oneblock_2	22095	221001	0	oneblock_tip_endcd,8
22095	oneblock_2	22096	221001	0	oneblock_tip_endcd,7
22096	oneblock_2	22097	221001	0	oneblock_tip_endcd,6
22097	oneblock_2	22098	221001	0	oneblock_tip_endcd,5
22098	oneblock_2	22099	221001	0	oneblock_tip_endcd,4
22099	oneblock_2	22100	221001	0	oneblock_tip_endcd,3
22100	oneblock_2	22101	221001	0	oneblock_tip_endcd,2
22101	oneblock_2	22102	221001	0	oneblock_tip_endcd,1
22102	oneblock_2	0	0	0	oneblock_tip_end
