标示	排行榜Key	榜单类型	分数描述	分数图标	排行榜规则	额外参数
Index	Key	ViewType	ScoreDesc	ScoreIcon	Rule	Extra
101	g1048_thumbsUpWeek	2	g1048_likeWeek_desc	set:rank.json image:img_0_popular	g1048_likeWeek_rule	#
102	g1048_thumbsUp	2	g1048_like_desc	set:rank.json image:img_0_popular	g1048_like_rule	#
201	g1048_propCollect	2	g1048_propCollect_desc	set:rank.json image:img_0_stockpile	g1048_propCollect_rule	#
301	g1048_islandExp	2	g1048_islandExp_desc	set:rank.json image:img_0_points	g1048_islandExp_rule	#
401	g1048_valuables	2	g1048_valuables_desc	set:rank.json image:img_0_collector	g1048_valuables_rule	130#4007#4008#4009#4010#4011#3661#1589#1590#1584#1585#1582#1581#1577#1578
501	g1048_moneyCoin	2	g1048_moneyCoin_desc	set:rank.json image:img_0_gold	g1048_moneyCoin_rule	#
502	g1048_moneyChain	2	g1048_moneyChain_desc	set:rank.json image:img_0_diamond	g1048_moneyChain_rule	#
601	g1048_pvpKill	2	g1048_pvpKill_desc	set:rank.json image:img_0_hit_man	g1048_pvpKill_rule	#
701	g1048_pveKill	2	g1048_pveKill_desc	set:rank.json image:img_0_monster_hunter	g1048_pveKill_rule	#
801	g1048_bossHurt	2	g1048_bossHurt_desc	set:rank.json image:img_0_boss	g1048_bossHurt_rule	#
901	g1048_preciousBlock	2	#	#	#	130#4007#4008#4009#4010#4011
