标示	排行榜Key	排名（#分割，4#6就是456同一个奖励）	奖励（#号分隔）	数量	名称	图标
Index	Key	Rank	Rewards	Num	Title	Icon
10101	g1048_thumbsUpWeek	1	61003#15001	604800#200	g1048_rank_1	set:rank_icon.json image:g1048_crown_1
10102	g1048_thumbsUpWeek	2#30	61001#15001	604800#150	g1048_rank_2	set:rank_icon.json image:g1048_crown_2
10103	g1048_thumbsUpWeek	31#100	61001#15001	604800#100	g1048_rank_3	set:rank_icon.json image:g1048_crown_3
10104	g1048_thumbsUpWeek	101#300	15001	80	g1048_rank_4	set:rank_icon.json image:g1048_crown_4
10105	g1048_thumbsUpWeek	301#1000	15001	50	g1048_rank_5	set:rank_icon.json image:g1048_crown_5
10106	g1048_thumbsUpWeek	1001#3000	15001	30	g1048_rank_6	set:rank_icon.json image:g1048_crown_6
10107	g1048_thumbsUpWeek	3000#10000	15001	10	g1048_rank_7	set:rank_icon.json image:g1048_crown_7
20101	g1048_propCollect	1	61004#15001	604800#200	g1048_rank_1	set:rank_icon.json image:g1048_crown_1
20102	g1048_propCollect	2#30	61002#15001	604800#150	g1048_rank_2	set:rank_icon.json image:g1048_crown_2
20103	g1048_propCollect	31#100	61002#15001	604800#100	g1048_rank_3	set:rank_icon.json image:g1048_crown_3
20104	g1048_propCollect	101#300	15001	80	g1048_rank_4	set:rank_icon.json image:g1048_crown_4
20105	g1048_propCollect	301#1000	15001	50	g1048_rank_5	set:rank_icon.json image:g1048_crown_5
20106	g1048_propCollect	1001#3000	15001	30	g1048_rank_6	set:rank_icon.json image:g1048_crown_6
20107	g1048_propCollect	3000#10000	15001	10	g1048_rank_7	set:rank_icon.json image:g1048_crown_7
