{
  "说明文档": {
    "battlePos": "战场坐标",
    "killScore": "击杀积分",
    "timeScore": "游戏时间积分(60秒1次)",
    "initBuffIds": "初始化Buff",
    "resScoreRule": "资源点加分规则",
    "资源点加分规则": {
      "interval": "每隔x秒加一次分",
      "score": "基础分",
      "diffX": "差值系数(最终得分=资源点数量*基础分*资源点数量差总和*差值系数)"
    }
  },
  "g1066": {
    "battlePos": {
      "x": 91.5,
      "y": 52,
      "z": 136.5
    },
    "killScore": 10,
    "timeScore": 20,
    "initBuffIds": [
      30,
      31
    ],
    "resScoreRule": {
      "interval": 60,
      "score": 20,
      "diffX": 0.5
    }
  }
}