{
  "说明文档": {
    "respawnPos": "复活点",
    "flag": "旗帜配置",
    "旗帜配置说明(flag)": {
      "actorName": "模型名称",
      "actorPos": "坐标",
      "actorYaw": "朝向",
      "icon": "小地图内图标",
      "canvas": "帆布配置",
      "range": "检测范围",
      "riseTime": "上升时间(秒)",
      "fallTime": "下降时间(秒)",
      "riseScore": "升旗分数",
      "fallScore": "降旗分数",
      "riseTip": "升旗广播提示",
      "fallTip": "降旗广播提示",
      "buff": "增益配置"
    },
    "帆布配置(canvas)": {
      "effect0": "默认特效",
      "effect1": "队伍1特效",
      "effect2": "队伍2特效",
      "yaw": "朝向",
      "floorPos": "底部坐标",
      "topPos": "顶部坐标"
    },
    "增益配置(buff)": {
      "actorName": "模型名称",
      "actorPos": "坐标",
      "actorYaw": "朝向",
      "buffId": "buffId"
    }
  },
  "g1066": [
    {
      "resId": 1,
      "respawnPos": {
        "x": 91.5,
        "y": 52,
        "z": 119.5,
        "yaw": 90
      },
      "flag": {
        "actorName": "g1048_portal_yellow.actor",
        "actorPos": {
          "x": 90.5,
          "y": 51,
          "z": 119.5
        },
        "actorYaw": 0,
        "icon": "set:game_items_hd_event_5.json image:g1048_portal_yellow",
        "canvas": {
          "effect0": "g1048_ui_levelup_vip.effect",
          "effect1": "g1048_passreward_vip.effect",
          "effect2": "g1048_passreward_vip.effect",
          "yaw": 90,
          "floorPos": {
            "x": 90.5,
            "y": 51,
            "z": 119.5
          },
          "topPos": {
            "x": 90.5,
            "y": 55,
            "z": 119.5
          }
        },
        "range": 3,
        "riseTime": 5,
        "fallTime": 5,
        "riseScore": 200,
        "fallScore": 100,
        "riseTip": "▢FF00FF00铁匠铺的旗帜已%s▢FF00FF00成功升起",
        "fallTip": "%s▢FF00FF00铁匠铺的旗帜降下来了",
        "buff": {
          "actorName": "g1048_portal_blue.actor",
          "actorPos": {
            "x": 92.5,
            "y": 51,
            "z": 119.5
          },
          "actorYaw": 0,
          "buffId": 83033,
          "onGetTip": "你获得了铁匠铺的增益效果"
        }
      }
    }
  ]
}