表索引	动作状态	手持物Id	动作列表(多个#隔开)	动作动画		动作备注				
index	state	itemId	actions	anim						
1	0	2338	smg_idle	1				动作动画	动作状态	
2	1009	2338	smg_reload	1				1=默认	0=待机	1000=攻击
3	1010	2338	smg_shoot	1				2=随机	1=跑	1001=瞄准1
4	0	2340	smg_idle	1				3=顺序	2=跳-开始	1002=瞄准2
5	1009	2340	smg_reload	1					3=跳-结束	1003=投掷
6	1010	2340	smg_shoot	1					4=潜行	1004=吃-开始
7	0	2341	smg_idle	1					5=行走	1005=吃-结束
8	1009	2341	smg_reload	1					6=疾跑	1006=喝-开始
9	1010	2341	smg_shoot	1					7=游泳	1007=喝-结束
10	0	2345	smg_idle	1					8=滑行	1008=放方块
11	1009	2345	smg_reload	1					9=上梯子	1009=装子弹
12	1010	2345	smg_shoot	1					10=下梯子	1010=开枪
13	0	2347	smg_idle	1					11=停梯子	1011=问候
14	1009	2347	smg_reload	1					12=坐1	1012=表情动作
15	1010	2347	smg_shoot	1					13=坐2	1013=赞美
16	1009	2342	idle	1					14=飞行03	
17	1010	2342	attack	1					15=睡觉	
18	1009	2343	idle	1					16=摇摆	
19	1010	2343	g1048_aquaman_attack	1		波塞冬三叉戟攻击动作			17=坐3	
20	6	1284	g1048_sickle_run	1		十字飞刃移动			18=飞行	
21	1000	1290	g1048_ares_attack	1		阿瑞斯长枪攻击动作			19=待机飞行	
22	1000	1305	g1048_ares_attack	1		阿瑞斯长枪攻击动作			20=滑翔飞行	
23	5	2345	smg_walk	1		雪球发射器移动				
24	6	2345	smg_run	1		雪球发射器跑步				
25	1000	1468	g1048_valkyrie_attack_1#g1048_valkyrie_attack_2	3						
26	1000	1469	g1048_valkyrie_attack_1#g1048_valkyrie_attack_2	3						
27	1009	602	idle	1						
28	1010	602	g1048_aquaman_attack	1		波塞冬三叉戟攻击动作				
29	1009	603	smg_reload	1						
30	1010	603	smg_shoot	1						
31	0	603	smg_idle	1						
