{
  "?buttons_colors": "按钮颜色选择",
  "buttons_colors": [
    "FF5A5D6D",
    "FFFFFFFF",
    "FF874040",
    "FF438033",
    "FF00FFFF",
    "FFEE72AC",
    "FF33478B",
    "FF9B5D30",
    "FFA99A26",
    "FF7C3C80",
	"FF458ED8",
	"FF829DD5",
	"FFECC93D",
	"FFF14C4C",
	"FFCB6BFD"
  ],
  "?icon_colors": "按钮图标颜色选择",
  "icon_colors": [
    "FFFFFFFF",
    "FF232535",
	"FF00FFFF",
    "FFEE72AC",
	"FFF14C4C"
  ],
  "?colorful_buttons": "彩色按钮配置",
  "colorful_buttons": {
    "MainControl-forward": {
      "icon": "set:new_main_icon.json image:arrow",
      "rotate": 0
    },
    "MainControl-back": {
      "icon": "set:new_main_icon.json image:arrow",
      "rotate": 180
    },
    "MainControl-left": {
      "icon": "set:new_main_icon.json image:arrow",
      "rotate": 270
    },
    "MainControl-right": {
      "icon": "set:new_main_icon.json image:arrow",
      "rotate": 90
    },
    "MainControl-top-left": {
      "icon": "set:new_main_icon.json image:arrow",
      "rotate": 315
    },
    "MainControl-top-right": {
      "icon": "set:new_main_icon.json image:arrow",
      "rotate": 45
    },
    "MainControl-sneak": {
      "icon": "set:new_main_icon.json image:sneak_icon",
      "rotate": 0
    },
    "MainControl-jump": {
      "icon": "set:new_main_icon.json image:jump_icon",
      "rotate": 0
    },
    "Main-Jump": {
      "icon": "set:new_main_icon.json image:jump_icon",
      "rotate": 0
    },
    "Main-Fly": {
      "icon": "set:new_main_icon.json image:luodi_icon",
      "rotate": 0
    },
    "EngineMain-TempFly": {
      "icon": "set:new_main_icon.json image:luodi_icon",
      "rotate": 0
    },
    "EngineMain-BanFlying": {
      "icon": "set:new_main_icon.json image:luodi_icon",
      "rotate": 0
    },
    "Main-Up": {
      "icon": "set:new_main_icon.json image:arrow",
      "rotate": 0
    },
    "Main-Down": {
      "icon": "set:new_main_icon.json image:arrow",
      "rotate": 180
    },
    "Main-Drop": {
      "icon": "set:new_main_icon.json image:luodi_icon",
      "rotate": 0
    },
    "Main-MoveState-Run": {
      "icon": "set:new_main_icon.json image:run_icon",
      "rotate": 0
    },
    "Main-MoveState-Sneak": {
      "icon": "set:new_main_icon.json image:sneak_icon",
      "rotate": 0
    },
    "Main-MoveState-Sprint": {
      "icon": "set:new_main_icon.json image:sprint_icon",
      "rotate": 0
    },
    "BattleMain-PetRide": {
      "icon": "set:new_main_icon.json image:btn_ride_on_icon",
      "rotate": 0
    },
    "BattleMain-Camera": {
      "icon": "set:new_main_icon.json image:btn_shot_icon",
      "rotate": 0
    },
    "SettingOperation-Button-Img": {
      "icon": "set:setting.json image:ctrl1_icon",
      "rotate": 0
    },
    "SettingOperation-Jump-Img": {
      "icon": "set:setting.json image:ctrl2_icon",
      "rotate": 0
    },
    "SettingOperation-Flexible-Img": {
      "icon": "set:pole.json image:pole_center",
      "rotate": 0,
      "size": [
        0.3,
        0.3
      ]
    },
    "SettingOperation-Flexed-Img": {
      "icon": "set:pole.json image:pole_center",
      "rotate": 0,
      "size": [
        0.3,
        0.3
      ]
    },
    "SettingOperation-Jump": {
      "icon": "set:new_main_icon.json image:jump_icon",
      "rotate": 0
    },
    "SettingOperation-Control": {
      "icon": "set:setting.json image:ctrl1_icon",
      "rotate": 0
    },
    "MainChatTask-Open": {
      "icon": "set:new_main_icon.json image:btn_expand_arrow",
      "rotate": 0
    },
    "MainChatTask-Chat": {
      "icon": "set:new_main_icon.json image:chb_chat_icon",
      "rotate": 0
    },
    "MainChatTask-Task": {
      "icon": "set:new_main_icon.json image:chb_task_icon",
      "rotate": 0
    },
    "FishingController-Toss": {
      "icon": "set:new_main_icon.json image:img_0_fishing_icon",
      "rotate": 0
    },
    "FishingController-Pull": {
      "icon": "set:new_main_icon.json image:img_0_finish_icon",
      "rotate": 0
    },
    "FishingController-Exit": {
      "icon": "set:new_main_icon.json image:img_0_leave_icon",
      "rotate": 0
    },
    "FishingController-FishingRod": {
      "rotate": 0
    },
    "FishingController-Bait": {
      "rotate": 0
    },
    "Main-Fishing": {
      "icon": "set:new_main_icon.json image:img_0_finish_icon",
      "rotate": 0
    },
    "EngineMain-BanFishing": {
      "icon": "set:new_main_icon.json image:img_0_finish_icon",
      "rotate": 0
    },
    "ModuleBlockMain-FrontPlace": {
      "icon": "set:new_main_icon.json image:btn_buildblock_icon",
      "rotate": 0
    },
    "Main-Gun-Operate-LeftShootBtn": {
      "icon": "set:new_main_icon.json image:btn_shoot_left_icon",
      "rotate": 0
    },
    "Main-Gun-Operate-RightShootBtn": {
      "icon": "set:new_main_icon.json image:btn_shoot_icon",
      "rotate": 0
    },
    "Main-Gun-Operate-ReloadBtn": {
      "icon": "set:module_block.json image:img_0_buildicon_2",
      "rotate": 0
    },
    "EngineMain-BanGun1": {
      "icon": "set:new_main_icon.json image:btn_shoot_left_icon",
      "rotate": 0
    },
    "EngineMain-BanGun2": {
      "icon": "set:new_main_icon.json image:btn_shoot_icon",
      "rotate": 0
    },
    "Main-PoleControl-BG": {
      "rotate": 0
    },
    "Main-PoleControl-Center": {
      "icon": "set:pole.json image:pole_center",
      "alpha": 0.6,
      "rotate": 0
    },
    "TreasureMapMain-Open": {
      "icon": "set:new_main_icon.json image:btn_treasure_map_icon",
      "rotate": 0
    },
    "PetWhistleMain-Open": {
      "icon": "set:new_main_icon.json image:btn_whistles_icon",
      "rotate": 0
    },
    "GuideTask-EmptyIcon": {
      "alpha": 0.6,
      "rotate": 0
    }
  }
}