BuffId	Buff类型	Buff组，相同互斥，只存在一种(0不互斥)	Buff触发器Id	Buff自定义值	图标	显示信息		
id	type	group	triggerId	values	icon	displayText		
1011	CheckAttackBuff	0	101	1.5#6#1#attack	#	#		穿戴生效，每隔1.5秒在范围6检测，寻找1个敌人执行攻击，播放动作attack2
1012	ThrowableAttackBuff	0	501	0.85#5#1#g1048_cerberus_attack_02.effect	#	#		攻击100%生效，投掷物攻击，0.85秒后发射出5伤害，向上偏移1的子弹
1021	CheckAttackBuff	0	101	1#3#5#idle	#	#		穿戴生效，每隔1秒在范围3检测，寻找5个敌人执行攻击，播放动作attack2
1022	ThrowableAttackBuff	0	501	0.65#3#0.5#g1048_cerberus_attack_02.effect#901	#	#		攻击100%生效，投掷物攻击，0.65秒后发射出5伤害，向上偏移0.5的子弹
1031	CheckAttackBuff	0	101	1.5#3#1#attack2	#	#		穿戴生效，每隔1.5秒在范围5检测，寻找5个敌人执行攻击，播放动作attack2
1032	NormalAttackBuff	0	501	7#0.6	#	#		攻击100%生效，延迟0.6秒普通攻击，伤害7
101	NormalAttackBuff	0	2804	0#0.5#g1048_pet_melee_attack.effect	#	#		主人攻击30%生效，0.3秒后进行一次近战普攻
102	ThrowableAttackBuff	0	2804	0.5#0#0#g1048_pet_remote_attack.effect	#	#		主人攻击30%生效，0.3秒后进行一次远程普攻
201	AttrBuff	0	1	AutoBloodValue#2	#	#		宠物基础回血，每4秒回复4点生命值
301	AttrAttackBuff	0	501	MaxHealth#0.007#0	#	#		普攻的生命值额外伤害（伤害量=宠物生命值的1%）
302	AttrAttackBuff	0	501	Attack#0.05#0	#	#		普攻的攻击力额外伤害造成真实伤害（伤害量=宠物攻击力的5%）
303	AttrAttackBuff	0	501	Defense#0.08#0	#	#		普攻的防御力额外伤害造成真实伤害（伤害量=宠物防御力的8%）
311	AttrAttackBuff	0	501	MaxHealth#0.01#0	#	#		普攻的生命值额外伤害（伤害量=宠物生命值的1%）
322	AttrAttackBuff	0	501	Attack#0.05#0	#	#		普攻的攻击力额外伤害造成真实伤害（伤害量=宠物攻击力的5%）
333	AttrAttackBuff	0	501	Defense#0.08#0	#	#		普攻的防御力额外伤害造成真实伤害（伤害量=宠物防御力的8%）
901	AttrBuff	0	1	MaxHealth#10	#	#		生命值+10
903	AttrBuff	0	1	Attack#2	#	#		生命值+20
905	AttrBuff	0	1	Defense#0.5	#	#		攻击力+3
907	AttrBuff	0	1	Crit#15	#	#		攻击力+6
909	AttrBuff	0	1	CritDamage#20	#	#		防御力+1
911	AttrBuff	0	1	DamageAddition#12	#	#		防御力+2
913	AttrBuff	0	1	DamageReduce#6	#	#		暴击率+10%
915	AttrBuff	0	1	SuckBlood#8	#	#		暴击率+20%
917	AttrBuff	0	1	RealDamage#0.5	#	#		暴击伤害+10%
919	AttrBuff	0	1	AutoBloodValue#3	#	#		暴击伤害+20%
902	AttrBuff	0	1	MaxHealth#15	#	#		伤害增加+10%
904	AttrBuff	0	1	Attack#3	#	#		伤害增加+20%
906	AttrBuff	0	1	Defense#1	#	#		伤害减免+10%
908	AttrBuff	0	1	Crit#25	#	#		伤害减免+20%
910	AttrBuff	0	1	CritDamage#30	#	#		吸血+10%
912	AttrBuff	0	1	DamageAddition#20	#	#		吸血+20%
914	AttrBuff	0	1	DamageReduce#10	#	#		真伤+1
916	AttrBuff	0	1	SuckBlood#12	#	#		真伤+2
918	AttrBuff	0	1	RealDamage#1	#	#		每4秒生命回复+4
920	AttrBuff	0	1	AutoBloodValue#5	#	#		每4秒生命回复+6
2011	AttrBuff	0	1	MaxHealth#10	#	#		生命值+10
2012	AttrBuff	0	1	MaxHealth#20	#	#		生命值+20
2021	AttrBuff	0	1	Attack#2	#	#		攻击力+2
2022	AttrBuff	0	1	Attack#4	#	#		攻击力+4
2031	AttrBuff	0	1	Defense#1	#	#		防御力+1
2032	AttrBuff	0	1	Defense#2	#	#		防御力+2
2041	AttrBuff	0	1	Crit#20	#	#		暴击率+20%
2042	AttrBuff	0	1	Crit#30	#	#		暴击率+30%
2051	AttrBuff	0	1	CritDamage#25	#	#		暴击伤害+25%
2052	AttrBuff	0	1	CritDamage#40	#	#		暴击伤害+40%
2061	AttrBuff	0	1	DamageAddition#12	#	#		伤害增加+12%
2062	AttrBuff	0	1	DamageAddition#20	#	#		伤害增加+20%
2071	AttrBuff	0	1	DamageReduce#10	#	#		伤害减免+10%
2072	AttrBuff	0	1	DamageReduce#15	#	#		伤害减免+15%
2081	AttrBuff	0	1	SuckBlood#10	#	#		吸血+10%
2082	AttrBuff	0	1	SuckBlood#15	#	#		吸血+15%
2091	AttrBuff	0	1	RealDamage#0.5	#	#		真伤+0.5
2092	AttrBuff	0	1	RealDamage#1	#	#		真伤+1
2101	AttrBuff	0	1	AutoBloodValue#4	#	#		每4秒生命回复+4
2102	AttrBuff	0	1	AutoBloodValue#6	#	#		每4秒生命回复+6
2111	AttrBuff	0	1	Productivity#5	#	#		宠物生产力+5
2112	AttrBuff	0	1	Productivity#10	#	#		宠物生产力+10
3011	MasterAttrBuff	0	1	MaxHealth#MaxHealth#0.03	#	#		给主人增加生命值（增加生命值=3%的宠物生命值）
3012	MasterAttrBuff	0	1	MaxHealth#MaxHealth#0.05	#	#		给主人增加生命值（增加生命值=5%的宠物生命值）
3021	MasterAttrBuff	0	1	Attack#Attack#0.06	#	#		给主人增加攻击力（增加攻击力=6%的宠物攻击力）
3022	MasterAttrBuff	0	1	Attack#Attack#0.1	#	#		给主人增加攻击力（增加攻击力=10%的宠物攻击力）
3031	MasterAttrBuff	0	1	DamageReduce#Defense#0.12	#	#		给主人增加伤害减免（增加攻击力=12%的宠物防御力）
3032	MasterAttrBuff	0	1	DamageReduce#Defense#0.2	#	#		给主人增加伤害减免（增加攻击力=20%的宠物防御力）
3041	AttrBuff	0	1	DmgCounteractRate#5	#	#		宠物对主人的伤害分摊占比增加10%
3042	AttrBuff	0	1	DmgCounteractRate#8	#	#		宠物对主人的伤害分摊占比增加20%
3051	AddBuffToMasterBuff	0	511	0#91019	#	#		宠物攻击时，有10%的概率在0秒后给附加Buff=91019
3052	AddBuffToMasterBuff	0	505	0#91019	#	#		宠物攻击时，有15%的概率在0秒后给附加Buff=91019
4011	AddAttrHpBuff	0	1003	MaxHealth#0.25#g1048_pet_revival_skill.effect	#	#		宠物死亡后有15%的概率复活，并回复25%的生命值（CD：120秒）
4012	AddAttrHpBuff	0	1004	MaxHealth#0.25#g1048_pet_revival_skill.effect	#	#		宠物死亡后有30%的概率复活，并回复25%的生命值（CD：120秒）
4021	MultiAttackBuff	0	519	1	#	#		宠物攻击时，有8%的概率发动2次攻击（攻击次数+1）
4022	MultiAttackBuff	0	520	1	#	#		宠物攻击时，有15%的概率发动2次攻击（攻击次数+1）
4031	AttrBuff	0	1	BlockRate#4	#	#		宠物受伤时，有4%的概率让伤害无效
4032	AttrBuff	0	1	BlockRate#8	#	#		宠物受伤时，有8%的概率让伤害无效
4041	AttrBuff	0	1	MaxHealth#0.12#2	#	#		宠物的生命值增加12%
4043	AttrBuff	0	1	InjuryBonus#6	#	#		宠物的受到伤害增加6%
4042	AttrBuff	0	1	MaxHealth#0.2#2	#	#		宠物的生命值增加20%
4044	AttrBuff	0	1	InjuryBonus#10	#	#		宠物的受到伤害增加10%
4051	AttrBuff	0	1	Attack#0.12#2	#	#		宠物的攻击力增加12%
4053	AttrBuff	0	1	Defense#-0.5	#	#		宠物的防御力-1
4052	AttrBuff	0	1	Attack#0.2#2	#	#		宠物的攻击力增加20%
4054	AttrBuff	0	1	Defense#-1	#	#		宠物的防御力-2
4061	AttrBuff	0	1	Defense#1	#	#		宠物的防御力+1
4063	AttrBuff	0	1	Attack#-1	#	#		宠物的攻击力-1
4062	AttrBuff	0	1	Defense#2	#	#		宠物的防御力+2
4064	AttrBuff	0	1	Attack#-2	#	#		宠物的攻击力-2
4071	WildBuff	0	1	Crit#0.05#2	#	#		宠物的血量每减少5%，暴击率+1%
4072	WildBuff	0	1	Crit#0.05#2	#	#		宠物的血量每减少5%，暴击率+2%
4081	AddAttrHpBuff	0	2906	MaxHealth#0.05#g1048_buff_health.effect	#	#		宠物受击时，有6%的概率可以回复生命值；（生命值6%）
4082	AddAttrHpBuff	0	2907	MaxHealth#0.05#g1048_buff_health.effect	#	#		宠物受击时，有10%的概率可以回复生命值；（生命值6%）
4091	AddAttrHpBuff	0	1103	Attack#0.3#g1048_buff_health.effect	#	#		宠物暴击时，有25%的概率可以回复生命值；（攻击力30%）
4092	AddAttrHpBuff	0	1104	Attack#0.3#g1048_buff_health.effect	#	#		宠物暴击时，有35%的概率可以回复生命值；（攻击力30%）
4101	AddAttrHpBuff	0	505	Defense#0.4#g1048_buff_health.effect	#	#		宠物攻击时，有15%的概率可以回复生命值；（防御力X%）
4102	AddAttrHpBuff	0	516	Defense#0.4#g1048_buff_health.effect	#	#		宠物攻击时，有25%的概率可以回复生命值；（防御力X%）
4111	AttrAttackBuff	0	527	MaxHealth#0.02#0#0#g1048_pet_hp_skill.effect	#	#		宠物攻击时，有50%的概率立即给目标造成生命值的5%的伤害
4112	AttrAttackBuff	0	504	MaxHealth#0.02#0#0#g1048_pet_hp_skill.effect	#	#		宠物攻击时，有50%的概率立即给目标造成生命值的8%的伤害
4121	AttrAttackBuff	0	527	Attack#0.08#0#0#g1048_pet_atk_skill.effect	#	#		宠物攻击时，有50%的概率立即给目标造成攻击力的10%的伤害
4122	AttrAttackBuff	0	504	Attack#0.08#0#0#g1048_pet_atk_skill.effect	#	#		宠物攻击时，有50%的概率立即给目标造成攻击力的20%的伤害
4131	AttrAttackBuff	0	527	Defense#0.15#0#0#g1048_pet_def_skill.effect	#	#		宠物攻击时，有50%的概率立即给目标造成防御力的10%的伤害
4132	AttrAttackBuff	0	504	Defense#0.15#0#0#g1048_pet_def_skill.effect	#	#		宠物攻击时，有50%的概率立即给目标造成防御力的20%的伤害
91001	AttrAttackBuff	0	504	Attack#0.2#0.3#0#g1048_pet_skill_punch.effect	#	#		攻击有30%的概率对目标0.3秒后造成真实伤害（伤害量=20%的宠物攻击力）
91002	AttrAttackBuff	0	504	Defense#0.2#0.3#91014	#	#		攻击有30%的概率对目标0.3秒后造成真实伤害并附加Buff=91014（伤害量=20%的宠物防御力）
92001	TempMasterAttrBuff	0	516	RealDamage#Attack#0.05#3#g1048_pet_wolf_skill.effect	#	#		攻击有25%的概率给主人增加真实伤害，持续3秒（真实伤害=20%的宠物攻击力）
92002	AttrBuff	0	1	DmgCounteractBlock#8	#	#		有8%的概率为主人完全承受该此伤害
92003	AddBuffToMasterBuff	0	504	0#91015	#	#		攻击有30%的概率给主人在0秒后给附加Buff=91015
93001	HoldAttrAttackBuff	0	504	MaxHealth#0.02#3#91018	#	#		攻击有30%的概率对目标造成真实伤害，持续3秒并附加Buff=91018（伤害量=5%的宠物生命值）
