BuffId	Buff类型	Buff组，相同互斥，只存在一种(0不互斥)	Buff触发器Id	Buff自定义值	图标	显示信息	
id	type	group	triggerId	values	icon	displayText	
1000	NormalAttackBuff	0	501	0	#	攻击100%生效	
1001	NormalAttackBuff	0	501	0.6	#	攻击100%生效	
1002	NormalAttackBuff	0	501	0.5	#	攻击100%生效	
10021	PoisonBuff	0	505	1#2#3#3	#	攻击有15%的概率，让其中毒，每2秒减少3点生命值，并期间无法恢复，持续3秒	
1003	NormalAttackBuff	0	501	0.6	#	攻击100%生效	
10031	ThrowableAttackBuff	0	504	3#8#903#1#g1048_boss_fireball.effect	#	攻击30%生效，让目标燃烧	
1004	NormalAttackBuff	0	501	0.4	#	攻击100%生效	
1005	NormalAttackBuff	0	501	0.6	#	攻击100%生效	
10051	WildBuff	0	1	DamageReduce#0.05#3	#	出生生效，每消耗5%血，伤害减少增10%	
1006	NormalAttackBuff	0	501	0.6	#	攻击100%生效	
10061	WildBuff	0	1	RealDamage#0.05#0.5	#	出生生效，每消耗5%血，真伤增加1	
1007	GroupAttackBuff	0	501	0.8#3#905#none#2000#2	#	攻击100%生效	
1008	NormalAttackBuff	0	501	0.7	#	攻击100%生效	
10081	BulletAttackBuff	0	1202	none#8#6#2#15#904	#	攻击3次后触发	
10082	GroupAttackBuff	0	504	0.8#5#905#none#2000#2	#	攻击30%生效	
1009	GroupAttackBuff	0	501	0.6#3#0#none#2000#2	#	攻击100%生效	
10091	WildBuff	0	1	Crit#0.05#5	#	出生生效，每消耗5%血，暴击率+5%	
1010	NormalAttackBuff	0	501	0.6	#	攻击100%生效	
10101	BulletAttackBuff	0	1202	none#3#6#2#15#909	#	攻击3次后触发	
10102	AttrBuff	0	1	AutoBloodValue#5	#	每4秒恢复5点生命值	
1101	NormalAttackBuff	0	501	0.6	#	攻击100%生效	
11011	ThrowableAttackBuff	0	504	9#10#902#5#g1048_baozha_dandao.effect	#	攻击30%生效	
1102	NormalAttackBuff	0	501	0.5	#	攻击100%生效	
11021	KnockBackBuff	0	503	0.5#2	#	攻击50%生效，延迟0.5秒击退2	
11022	ThrowableAttackBuff	0	504	9#15#903#5#g1048_boss_fireball.effect	#	攻击30%生效	
1103	NormalAttackBuff	0	501	0.5	#	攻击100%生效	
11031	WildBuff	0	1	SuckBlood#0.05#10	#	出生生效，每消耗5%血，增加10%吸血	
11032	BulletAttackBuff	0	504	g1048_boss_skill_blade.effect#8#6#2#15#902	#	攻击30%生效	
11033	SummonMonsterBuff	0	1	0.1#1#0#9001	#	出生生效，每扣5%血，召唤1只怪(9001)	
11034	RecycleMonsterBuff	0	1001	#	#	死亡100%生效，死亡回收所有召唤的怪物	
1104	NormalAttackBuff	0	501	0.6	#	攻击100%生效	
11041	WildBuff	0	1	DamageReduce#0.05#2	#	出生生效，每消耗5%血，增加2%减伤	
11042	BulletAttackBuff	0	1202	none#8#6#2#15#904	#	攻击3次后触发	
11043	GroupAttackBuff	0	505	1.3#5#907#g1048_boss_skill_warden_explode.effect#2000#2	#	攻击15%生效	
1105	NormalAttackBuff	0	501	0.6	#	攻击100%生效	
11051	BulletAttackBuff	0	504	None#8#6#2#12#910	#	攻击30%生效	
11052	SummonMonsterBuff	0	1	0.2#4#1#1009,1010	#	出生生效，每扣20%血，召唤5(+3)只怪(1009,1010,)	
11053	SacrificeMonsterBuff	0	1	60#g1048_boss_sacrifice.effect#300#2	#	出生生效，献祭召唤60秒后的怪物，恢复500血，加3攻击力	
11054	RecycleMonsterBuff	0	1001	#	#	死亡100%生效，死亡回收所有召唤的怪物	
11055	AttrBuff	0	1	RealDamage#8	#	真伤+10	
9001	ThrowableAttackBuff	0	501	4#20#902#1#g1048_boss_skill_blade.effect	#	攻击100%生效	
4101	NormalAttackBuff	0	501	0.8	#	攻击100%生效	
4102	NormalAttackBuff	0	501	0	#	攻击100%生效	
4103	NormalAttackBuff	0	501	0.7	#	攻击100%生效	
4104	NormalAttackBuff	0	501	0.4	#	攻击100%生效	
4105	NormalAttackBuff	0	501	0.7	#	攻击100%生效	
4106	NormalAttackBuff	0	501	0.6	#	攻击100%生效	
4107	NormalAttackBuff	0	501	0.6	#	攻击100%生效	
4108	NormalAttackBuff	0	501	0.4	#	攻击100%生效	
4109	NormalAttackBuff	0	501	0.6	#	攻击100%生效	
4110	NormalAttackBuff	0	501	0.6	#	攻击100%生效	
2001	NormalAttackBuff	0	501	0.6	#	攻击100%生效	
20011	ParentDamageBuff	0	601	#	#	受伤100%生效，受伤算到boss头上（进入BOSS伤害排名）	
20021	NormalAttackBuff	0	501	0.4	#	攻击100%生效	
20022	ExplodeBuff	0	214	1.5#2#5#60	#	血量低于20%生效	
20023	ParentDamageBuff	0	601	#	#	受伤100%生效，受伤算到boss头上（进入BOSS伤害排名）	
21011	GroupAttackBuff	0	501	1.3#10#0#g1048_monster_iceslime_attack_1.effect#2000#2	#	攻击100%生效	
21012	SnowballAttackBuff	0	504	20#20#300#1.5#5#g1048_monster_iceslime_rotate.effect#1000#2	#	攻击30%生效	
21013	ExplodeSplitBuff	0	214	1.5#2#15#500#2102,2102	#	怪物攻击30%向周围20格玩家发射雪球，造成5伤害，并减速30%，持续1.5秒，雪球偏移高度5	
21014	SummonMonsterBuff	0	1	0.2#1#0#2102,2102	#	出生生效，每扣20%血，召唤1只怪(2102)	
21021	GroupAttackBuff	0	501	1.3#6#0#g1048_monster_iceslime_attack_1.effect#2000#2	#	攻击100%生效	
21022	SnowballAttackBuff	0	505	12#12#300#1.5#5#g1048_monster_iceslime_rotate.effect#1000#2	#	攻击50%生效	
21023	ExplodeBuff	0	214	1.5#2#9#50#2001,2001,2001	#	血量低于50%自爆，1.8秒后爆炸，对范围5范围内的玩家造成43伤害	
21024	ExplodeSplitBuff	0	1209	1.5#2#15#500#2001,2001,2001	#	攻击10次后自爆，1.8秒后爆炸，对范围12范围内的玩家造成43伤害，并分裂出4033和4033怪物	
20025	ParentDamageBuff	0	601	#	#	受伤100%生效，受伤算到boss头上（进入BOSS伤害排名）	
2003	NormalAttackBuff	0	501	0.6	#	攻击100%生效	
2004	NormalAttackBuff	0	501	0.4	#	攻击100%生效	
2005	NormalAttackBuff	0	501	0.5	#	攻击100%生效	
21031	GroupAttackBuff	0	501	0.8#6#0#g1048_monster_skullking_rotate.effect#2000#2	#	攻击100%生效	
21032	ThrowableAttackBuff	0	506	9#15#902#5#game_items.json g1048_item_material_skullhead	#	攻击100%生效	
2006	NormalAttackBuff	0	501	0.5	#	攻击100%生效	
20061	KnockBackBuff	0	504	0.5#3	#	攻击30%生效，延迟0.5秒击退3	
20062	ParentDamageBuff	0	601	#	#	受伤100%生效，受伤算到boss头上	
2007	NormalAttackBuff	0	501	0.2	#	攻击100%生效	
20071	WildBuff	0	1	SuckBlood#0.05#10	#	出生生效，每消耗5%血，增加10%吸血	
20072	AttrBuff	0	1	RealDamage#3	#	真伤+3	
20073	ParentDamageBuff	0	601	#	#	受伤100%生效，受伤算到boss头上	
2008	NormalAttackBuff	0	501	0.5	#	攻击100%生效	
20081	SneakBuff	0	1	10#1#RealDamage#15	#	出生生效，10秒后进入潜行，现身前1秒真伤+20	
20082	SneakRemoveBuff	0	501	#	#	攻击100%生效，攻击现身，与SneakBuff绑定	
20083	SneakRemoveBuff	0	601	#	#	受伤100%生效，受伤现身，与SneakBuff绑定	
20084	ParentDamageBuff	0	601	#	#	受伤100%生效，受伤算到boss头上	
2104	NormalAttackBuff	0	501	0.5	#	攻击100%生效	
21041	ThrowableAttackBuff	0	504	10#20#902#5#g1048_boss_fireball.effect	#	攻击15%生效	
21042	SummonMonsterBuff	0	1	0.2#5#3#2006,2007,2008	#	出生生效，每扣20%血，召唤5(+3)只怪(2001,2002,2003)	
21043	SacrificeMonsterBuff	0	1	60#g1048_boss_sacrifice.effect#500#3	#	出生生效，献祭召唤60秒后的怪物，恢复500血，加5攻击力	
21044	RecycleMonsterBuff	0	1001	#	#	死亡100%生效，死亡回收所有召唤的怪物	
21045	AttrBuff	0	1	RealDamage#10	#	真伤+10	
21046	CallDaddyBuff	0	1001	1354#2105#300#monster.rebirth.tip.2105	#	死亡100%生效，死亡5分钟后召唤出2105暴怒的哥布林大法师	
2105	NormalAttackBuff	0	501	0.5	#	攻击100%生效	
21051	ThrowableAttackBuff	0	504	10#30#902#5#g1048_boss_fireball.effect	#	攻击15%生效	
21052	SummonMonsterBuff	0	1	0.125#4#2#2006,2007,2008	#	出生生效，每扣20%血，召唤5(+3)只怪(2001,2002,2003)	
21053	SacrificeMonsterBuff	0	1	30#g1048_boss_sacrifice.effect#500#5	#	出生生效，献祭召唤30秒后的怪物，恢复500血，加5攻击力	
21054	RecycleMonsterBuff	0	1001	#	#	死亡100%生效，死亡回收所有召唤的怪物	
21055	AttrBuff	0	1	RealDamage#15	#	真伤+10	
2009	NormalAttackBuff	0	501	0.6	#	攻击100%生效	
20091	ThrowableAttackBuff	0	504	5#5#902#1#g1048_baozha_dandao.effect	#	攻击30%生效	
2010	NormalAttackBuff	0	501	0.25	#	攻击100%生效	
20101	WildBuff	0	1	SuckBlood#0.05#3	#	出生生效，每消耗5%血，增加10%吸血	
20102	AttrBuff	0	1	RealDamage#2	#	真伤+2	
2011	NormalAttackBuff	0	501	0.6	#	攻击100%生效	
20111	ShieldBuff	0	504	10#3#20112#g1048_murloc_armor_skill_1.effect	#	攻击300%生效	
20112	GroupAttackBuff	0	1	0.8#5#911#g1048_murloc_armor_skill_2.effect#700#1	#	护盾爆了触发	
2106	NormalAttackBuff	0	501	0.6	#	攻击100%生效	
21061	ShieldBuff	0	504	50#3#20112#g1048_murloc_armor_skill_1.effect	#	攻击30%生效	
21062	GroupAttackBuff	0	1	0.8#8#912#g1048_murloc_armor_skill_2.effect#700#2	#	护盾爆了触发	
21063	WildBuff	0	1	SuckBlood#0.05#5	#	出生生效，每消耗5%血，增加15%吸血	
21064	AttrBuff	0	1	RealDamage#6	#	真伤+6	
2012	NormalAttackBuff	0	501	0.7	#	攻击100%生效	
20121	PoisonBuff	0	505	1#2#3#8	#	攻击有30%的概率	
20122	AttackBaseBuff	0	1	8#1#g1048_monster_skill_ship_explode.effect#1000	#	每隔X秒攻击船一下	
2013	NormalAttackBuff	0	501	0.6	#	攻击100%生效	
20131	ThrowableAttackBuff	0	505	8#5#902#1#g1048_baozha_dandao.effect	#	攻击30%生效	
20132	AttackBaseBuff	0	1	8#1#g1048_monster_skill_ship_explode.effect#1000	#	每隔X秒攻击船一下	
2014	NormalAttackBuff	0	501	0.4	#	攻击100%生效	
20141	ExplodeBuff	0	214	1.5#2#5#80	#	血量低于20%生效	
20142	AttackBaseBuff	0	1	8#1#g1048_monster_skill_ship_explode.effect#1000	#	每隔X秒攻击船一下	
2015	NormalAttackBuff	0	501	0.75	#	攻击100%生效	
20151	ThrowableAttackBuff	0	518	9#15#913#5#g1048_boss_fireball.effect	#	攻击30%生效	
20152	AttrBuff	0	1	RealDamage#12	#	每隔X秒攻击船一下	
2019	NormalAttackBuff	0	501	0.6	#	攻击100%生效	
20191	WildBuff	0	1	RealDamage#0.1#1	#	出生生效，每消耗10%血，增加真伤+1	
2020	NormalAttackBuff	0	501	0.6	#	攻击100%生效	
20201	ThrowableAttackBuff	0	504	5#15#913#5#game_items_hd_event_7.json g1048_item_pearl	#	攻击15%生效	
2021	NormalAttackBuff	0	501	0.6	#	攻击100%生效	
20211	WildBuff	0	1	RealDamage#0.05#1	#	出生生效，每消耗5%血，增加真伤+1	
21071	CreateMonsterBuff	0	1	0.5#2108,2109	#	出生生效，2只怪(2108,2109)	
21072	GroupAttackBuff	0	501	0.6#15	#	0.8秒后对范围10内的玩家照成群攻	
21073	InjuryBuff	0	1	10	#	重伤状态（播放动作）	
21074	AttrBuff	0	1	Crit#60	#	暴率+60%	
21075	AttrBuff	0	1	CritDamage#150	#	暴击伤害+200	
21081	ParentAddHpBuff	0	501	3#3000#monster.add.hp.tips#g1048_aquaman_skill_healing_1.effect	#	3秒后给爸爸2000点回血	
21082	ParentInjuryBuff	0	1002	30#21073	#	死亡时，重伤爸爸30%最大生命值，并添加重伤状态buff	
21091	AttackHighestDamageBuff	0	501	4.5#914#g1048_aquaman_skill_thunder_1.effect#monster.attack.tips	#	4.5秒后小弟对爸爸造成伤害最高的玩家攻击	
21092	ParentInjuryBuff	0	1002	30#21073	#	死亡时，重伤爸爸30%最大生命值，并添加重伤状态buff	
21093	AttrBuff	0	1	RealDamage#15	#	真伤+15	
91014	SubHpBuff	0	1	1#1#2#3#g1048_pet_dog_skill.effect	#	流血，每秒扣3血，持续3秒	
91018	TempAttrBuff	0	1	InjuryBonus#10#3#g1048_pet_dragon_skill.effect	#	#	+10%受伤加成，持续3秒
