仓库Id	图标	仓库容量	是否免费获得	解锁价格
id	icon	size	free	price
1	set:pet_depot.json image:icon_repository1	10	1	3#0
2	set:pet_depot.json image:icon_repository2	10	0	5#300
3	set:pet_depot.json image:icon_repository3	10	0	5#600
4	set:pet_depot.json image:icon_repository4	10	0	1#300
5	set:pet_depot.json image:icon_repository5	10	0	1#400
6	set:pet_depot.json image:icon_repository6	10	0	1#500
7	set:pet_depot.json image:icon_repository7	10	0	1#600
8	set:pet_depot.json image:icon_repository8	10	0	1#600
9	set:pet_depot.json image:icon_repository9	10	0	1#600
