孵化器Id	名称	图标	背部图片	前部图片	模型	初始等级	最高等级	孵化器品质
id	name	icon	back	front	actor	initLv	maxLv	quality
101	pet_incubator_1_name	set:pet_incubator.json image:pet_incubator_lv	set:pet_incubator_icon_1.json image:img_nest_	set:pet_incubator_front_1.json image:img_nest_front_	g1048_pet_egg_tray.actor	1	5	1
102	pet_incubator_2_name	set:pet_incubator.json image:pet_incubator_lv	set:pet_incubator_icon_1.json image:img_nest_	set:pet_incubator_front_1.json image:img_nest_front_	g1048_pet_egg_tray.actor	0	5	1
103	pet_incubator_3_name	set:pet_incubator.json image:pet_incubator_lv	set:pet_incubator_icon_1.json image:img_nest_	set:pet_incubator_front_1.json image:img_nest_front_	g1048_pet_egg_tray.actor	0	5	1
104	pet_incubator_4_name	set:pet_incubator.json image:pet_incubator_lv	set:pet_incubator_icon_1.json image:img_nest_	set:pet_incubator_front_1.json image:img_nest_front_	g1048_pet_egg_tray.actor	0	5	1
105	pet_incubator_5_name	set:pet_incubator.json image:pet_incubator_lv	set:pet_incubator_icon_1.json image:img_nest_	set:pet_incubator_front_1.json image:img_nest_front_	g1048_pet_egg_tray.actor	0	5	1
