技能Id	技能书Id	技能书meta	品质	技能组	技能名	技能描述	技能图标	技能类型	打工指数	额外Id	战力值
id	itemId	meta	quality	group	name	desc	icon	type	work	extraIds	power
1011	1584	101	1	101	pet_skill_1011	pet_skill_desc_1011	set:pet_skill.json image:g1048_pet_skill_101	4	30	1011	40
1012	1585	101	2	101	pet_skill_1012	pet_skill_desc_1012	set:pet_skill.json image:g1048_pet_skill_101	4	100	1012	80
1021	1584	102	1	102	pet_skill_1021	pet_skill_desc_1021	set:pet_skill.json image:g1048_pet_skill_102	4	75	1021	40
1022	1585	102	2	102	pet_skill_1022	pet_skill_desc_1022	set:pet_skill.json image:g1048_pet_skill_102	4	250	1022	80
1031	1584	103	1	103	pet_skill_1031	pet_skill_desc_1031	set:pet_skill.json image:g1048_pet_skill_103	4	60	1031	40
1032	1585	103	2	103	pet_skill_1032	pet_skill_desc_1032	set:pet_skill.json image:g1048_pet_skill_103	4	240	1032	80
1041	1584	104	1	104	pet_skill_1041	pet_skill_desc_1041	set:pet_skill.json image:g1048_pet_skill_104	4	30	1041	40
1042	1585	104	2	104	pet_skill_1042	pet_skill_desc_1042	set:pet_skill.json image:g1048_pet_skill_104	4	150	1042	80
2011	1584	201	1	201	pet_skill_2011	pet_skill_desc_2011	set:pet_skill.json image:g1048_pet_skill_201	1	0	2011	0
2012	1585	201	2	201	pet_skill_2012	pet_skill_desc_2011	set:pet_skill.json image:g1048_pet_skill_201	1	0	2012	0
2021	1584	202	1	202	pet_skill_2021	pet_skill_desc_2021	set:pet_skill.json image:g1048_pet_skill_202	1	0	2021	0
2022	1585	202	2	202	pet_skill_2022	pet_skill_desc_2021	set:pet_skill.json image:g1048_pet_skill_202	1	0	2022	0
2031	1584	203	1	203	pet_skill_2031	pet_skill_desc_2031	set:pet_skill.json image:g1048_pet_skill_203	1	0	2031	0
2032	1585	203	2	203	pet_skill_2032	pet_skill_desc_2031	set:pet_skill.json image:g1048_pet_skill_203	1	0	2032	0
2041	1584	204	1	204	pet_skill_2041	pet_skill_desc_2041	set:pet_skill.json image:g1048_pet_skill_204	1	0	2041	40
2042	1585	204	2	204	pet_skill_2042	pet_skill_desc_2041	set:pet_skill.json image:g1048_pet_skill_204	1	0	2042	80
2051	1584	205	1	205	pet_skill_2051	pet_skill_desc_2051	set:pet_skill.json image:g1048_pet_skill_205	1	0	2051	40
2052	1585	205	2	205	pet_skill_2052	pet_skill_desc_2051	set:pet_skill.json image:g1048_pet_skill_205	1	0	2052	80
2061	1584	206	1	206	pet_skill_2061	pet_skill_desc_2061	set:pet_skill.json image:g1048_pet_skill_206	1	0	2061	40
2062	1585	206	2	206	pet_skill_2062	pet_skill_desc_2061	set:pet_skill.json image:g1048_pet_skill_206	1	0	2062	80
2071	1584	207	1	207	pet_skill_2071	pet_skill_desc_2071	set:pet_skill.json image:g1048_pet_skill_207	1	0	2071	40
2072	1585	207	2	207	pet_skill_2072	pet_skill_desc_2071	set:pet_skill.json image:g1048_pet_skill_207	1	0	2072	80
2081	1584	208	1	208	pet_skill_2081	pet_skill_desc_2081	set:pet_skill.json image:g1048_pet_skill_208	1	0	2081	40
2082	1585	208	2	208	pet_skill_2082	pet_skill_desc_2081	set:pet_skill.json image:g1048_pet_skill_208	1	0	2082	80
2091	1584	209	1	209	pet_skill_2091	pet_skill_desc_2091	set:pet_skill.json image:g1048_pet_skill_209	1	0	2091	40
2092	1585	209	2	209	pet_skill_2092	pet_skill_desc_2091	set:pet_skill.json image:g1048_pet_skill_209	1	0	2092	80
2101	1584	210	1	210	pet_skill_2101	pet_skill_desc_2101	set:pet_skill.json image:g1048_pet_skill_210	1	0	2101	40
2102	1585	210	2	210	pet_skill_2102	pet_skill_desc_2101	set:pet_skill.json image:g1048_pet_skill_210	1	0	2102	80
2111	1584	211	1	211	pet_skill_2111	pet_skill_desc_2111	set:pet_skill.json image:g1048_pet_skill_island	1	0	2111	40
2112	1585	211	2	211	pet_skill_2112	pet_skill_desc_2111	set:pet_skill.json image:g1048_pet_skill_island	1	0	2112	80
3011	1584	301	1	301	pet_skill_3011	pet_skill_desc_3011	set:pet_skill.json image:g1048_pet_skill_301	1	0	3011	50
3012	1585	301	2	301	pet_skill_3012	pet_skill_desc_3012	set:pet_skill.json image:g1048_pet_skill_301	1	0	3012	100
3021	1584	302	1	302	pet_skill_3021	pet_skill_desc_3021	set:pet_skill.json image:g1048_pet_skill_302	1	0	3021	50
3022	1585	302	2	302	pet_skill_3022	pet_skill_desc_3022	set:pet_skill.json image:g1048_pet_skill_302	1	0	3022	100
3031	1584	303	1	303	pet_skill_3031	pet_skill_desc_3031	set:pet_skill.json image:g1048_pet_skill_303	1	0	3031	50
3032	1585	303	2	303	pet_skill_3032	pet_skill_desc_3032	set:pet_skill.json image:g1048_pet_skill_303	1	0	3032	100
3041	1584	304	1	304	pet_skill_3041	pet_skill_desc_3041	set:pet_skill.json image:g1048_pet_skill_304	1	0	3041	50
3042	1585	304	2	304	pet_skill_3042	pet_skill_desc_3041	set:pet_skill.json image:g1048_pet_skill_304	1	0	3042	100
3051	1584	305	1	305	pet_skill_3051	pet_skill_desc_3051	set:pet_skill.json image:g1048_pet_skill_305	1	0	3051	40
3052	1585	305	2	305	pet_skill_3052	pet_skill_desc_3052	set:pet_skill.json image:g1048_pet_skill_305	1	0	3052	80
4011	1584	401	1	401	pet_skill_4011	pet_skill_desc_4011	set:pet_skill.json image:g1048_pet_skill_401	1	0	4011	60
4012	1585	401	2	401	pet_skill_4012	pet_skill_desc_4012	set:pet_skill.json image:g1048_pet_skill_401	1	0	4012	120
4021	1584	402	1	402	pet_skill_4021	pet_skill_desc_4021	set:pet_skill.json image:g1048_pet_skill_402	1	0	4021	60
4022	1585	402	2	402	pet_skill_4022	pet_skill_desc_4022	set:pet_skill.json image:g1048_pet_skill_402	1	0	4022	120
4031	1584	403	1	403	pet_skill_4031	pet_skill_desc_4031	set:pet_skill.json image:g1048_pet_skill_403	1	0	4031	60
4032	1585	403	2	403	pet_skill_4032	pet_skill_desc_4032	set:pet_skill.json image:g1048_pet_skill_403	1	0	4032	120
4041	1584	404	1	404	pet_skill_4041	pet_skill_desc_4041	set:pet_skill.json image:g1048_pet_skill_404	1	0	4041#4043	0
4042	1585	404	2	404	pet_skill_4042	pet_skill_desc_4042	set:pet_skill.json image:g1048_pet_skill_404	1	0	4042#4044	0
4051	1584	405	1	405	pet_skill_4051	pet_skill_desc_4051	set:pet_skill.json image:g1048_pet_skill_405	1	0	4051#4053	0
4052	1585	405	2	405	pet_skill_4052	pet_skill_desc_4052	set:pet_skill.json image:g1048_pet_skill_405	1	0	4052#4054	0
4061	1584	406	1	406	pet_skill_4061	pet_skill_desc_4061	set:pet_skill.json image:g1048_pet_skill_406	1	0	4061#4063	0
4062	1585	406	2	406	pet_skill_4062	pet_skill_desc_4061	set:pet_skill.json image:g1048_pet_skill_406	1	0	4062#4064	0
4071	1584	407	1	407	pet_skill_4071	pet_skill_desc_4071	set:pet_skill.json image:g1048_pet_skill_407	1	0	4071	60
4072	1585	407	2	407	pet_skill_4072	pet_skill_desc_4072	set:pet_skill.json image:g1048_pet_skill_407	1	0	4072	120
4081	1584	408	1	408	pet_skill_4081	pet_skill_desc_4081	set:pet_skill.json image:g1048_pet_skill_408	1	0	4081	50
4082	1585	408	2	408	pet_skill_4082	pet_skill_desc_4082	set:pet_skill.json image:g1048_pet_skill_408	1	0	4082	100
4091	1584	409	1	409	pet_skill_4091	pet_skill_desc_4091	set:pet_skill.json image:g1048_pet_skill_409	1	0	4091	50
4092	1585	409	2	409	pet_skill_4092	pet_skill_desc_4092	set:pet_skill.json image:g1048_pet_skill_409	1	0	4092	100
4101	1584	410	1	410	pet_skill_4101	pet_skill_desc_4101	set:pet_skill.json image:g1048_pet_skill_410	1	0	4101	50
4102	1585	410	2	410	pet_skill_4102	pet_skill_desc_4102	set:pet_skill.json image:g1048_pet_skill_410	1	0	4102	100
4111	1584	411	1	411	pet_skill_4111	pet_skill_desc_4111	set:pet_skill.json image:g1048_pet_skill_411	1	0	4111	50
4112	1585	411	2	411	pet_skill_4112	pet_skill_desc_4112	set:pet_skill.json image:g1048_pet_skill_411	1	0	4112	100
4121	1584	412	1	412	pet_skill_4121	pet_skill_desc_4121	set:pet_skill.json image:g1048_pet_skill_412	1	0	4121	50
4122	1585	412	2	412	pet_skill_4122	pet_skill_desc_4122	set:pet_skill.json image:g1048_pet_skill_412	1	0	4122	100
4131	1584	413	1	413	pet_skill_4131	pet_skill_desc_4131	set:pet_skill.json image:g1048_pet_skill_413	1	0	4131	50
4132	1585	413	2	413	pet_skill_4132	pet_skill_desc_4132	set:pet_skill.json image:g1048_pet_skill_413	1	0	4132	100
90011	0	0	3	0	pet_skill_attack	pet_skill_desc_90011	set:pet_skill.json image:g1048_pet_skill_attack	1	0	101#201	0
90021	0	0	3	0	pet_skill_attack	pet_skill_desc_90011	set:pet_skill.json image:g1048_pet_skill_attack	1	0	102#201	0
90031	0	0	3	0	pet_skill_island	pet_skill_desc_90031	set:pet_skill.json image:g1048_pet_skill_island	4	10	1	0
90032	0	0	3	0	pet_skill_island	pet_skill_desc_90032	set:pet_skill.json image:g1048_pet_skill_island	4	10	1	0
90033	0	0	3	0	pet_skill_island	pet_skill_desc_90033	set:pet_skill.json image:g1048_pet_skill_island	4	10	1	0
90034	0	0	3	0	pet_skill_island	pet_skill_desc_90034	set:pet_skill.json image:g1048_pet_skill_island	4	10	1	0
90041	0	0	3	0	pet_skill_riding	pet_skill_desc_90041	set:pet_skill.json image:g1048_pet_skill_riding	3	0	91011	0
90042	0	0	3	0	pet_skill_riding	pet_skill_desc_90042	set:pet_skill.json image:g1048_pet_skill_riding	3	0	91012	0
90043	0	0	3	0	pet_skill_riding	pet_skill_desc_90043	set:pet_skill.json image:g1048_pet_skill_riding	3	0	91013	0
90044	0	0	3	0	pet_skill_riding	pet_skill_desc_90044	set:pet_skill.json image:g1048_pet_skill_riding	3	0	91013	0
90051	0	0	3	0	pet_skill_passive	pet_skill_desc_90051	set:pet_skill.json image:g1048_pet_skill_passive	1	0	301	40
90052	0	0	3	0	pet_skill_passive	pet_skill_desc_90052	set:pet_skill.json image:g1048_pet_skill_passive	1	0	302	40
90053	0	0	3	0	pet_skill_passive	pet_skill_desc_90053	set:pet_skill.json image:g1048_pet_skill_passive	1	0	303	40
90054	0	0	3	0	pet_skill_passive	pet_skill_desc_90054	set:pet_skill.json image:g1048_pet_skill_passive	1	0	311	60
90055	0	0	3	0	pet_skill_passive	pet_skill_desc_90055	set:pet_skill.json image:g1048_pet_skill_passive	1	0	312	60
90056	0	0	3	0	pet_skill_passive	pet_skill_desc_90056	set:pet_skill.json image:g1048_pet_skill_passive	1	0	313	60
90060	0	0	3	0	pet_skill_passive	pet_skill_desc_90060	set:pet_skill.json image:g1048_pet_skill_passive	1	0	901	0
90061	0	0	3	0	pet_skill_passive	pet_skill_desc_90061	set:pet_skill.json image:g1048_pet_skill_passive	1	0	903	0
90062	0	0	3	0	pet_skill_passive	pet_skill_desc_90062	set:pet_skill.json image:g1048_pet_skill_passive	1	0	905	0
90063	0	0	3	0	pet_skill_passive	pet_skill_desc_90063	set:pet_skill.json image:g1048_pet_skill_passive	1	0	907	30
90064	0	0	3	0	pet_skill_passive	pet_skill_desc_90064	set:pet_skill.json image:g1048_pet_skill_passive	1	0	909	30
90065	0	0	3	0	pet_skill_passive	pet_skill_desc_90065	set:pet_skill.json image:g1048_pet_skill_passive	1	0	911	40
90066	0	0	3	0	pet_skill_passive	pet_skill_desc_90066	set:pet_skill.json image:g1048_pet_skill_passive	1	0	913	30
90067	0	0	3	0	pet_skill_passive	pet_skill_desc_90067	set:pet_skill.json image:g1048_pet_skill_passive	1	0	915	30
90068	0	0	3	0	pet_skill_passive	pet_skill_desc_90068	set:pet_skill.json image:g1048_pet_skill_passive	1	0	917	40
90069	0	0	3	0	pet_skill_passive	pet_skill_desc_90069	set:pet_skill.json image:g1048_pet_skill_passive	1	0	919	30
90070	0	0	3	0	pet_skill_passive	pet_skill_desc_90060	set:pet_skill.json image:g1048_pet_skill_passive	1	0	902	0
90071	0	0	3	0	pet_skill_passive	pet_skill_desc_90061	set:pet_skill.json image:g1048_pet_skill_passive	1	0	904	0
90072	0	0	3	0	pet_skill_passive	pet_skill_desc_90062	set:pet_skill.json image:g1048_pet_skill_passive	1	0	906	0
90073	0	0	3	0	pet_skill_passive	pet_skill_desc_90063	set:pet_skill.json image:g1048_pet_skill_passive	1	0	908	50
90074	0	0	3	0	pet_skill_passive	pet_skill_desc_90064	set:pet_skill.json image:g1048_pet_skill_passive	1	0	910	50
90075	0	0	3	0	pet_skill_passive	pet_skill_desc_90065	set:pet_skill.json image:g1048_pet_skill_passive	1	0	912	65
90076	0	0	3	0	pet_skill_passive	pet_skill_desc_90066	set:pet_skill.json image:g1048_pet_skill_passive	1	0	914	50
90077	0	0	3	0	pet_skill_passive	pet_skill_desc_90067	set:pet_skill.json image:g1048_pet_skill_passive	1	0	916	50
90078	0	0	3	0	pet_skill_passive	pet_skill_desc_90068	set:pet_skill.json image:g1048_pet_skill_passive	1	0	918	80
90079	0	0	3	0	pet_skill_passive	pet_skill_desc_90069	set:pet_skill.json image:g1048_pet_skill_passive	1	0	920	50
91001	0	0	3	0	pet_skill_91001	pet_skill_desc_91001	set:pet_skill.json image:g1048_pet_skill_91001	1	0	91001	0
91002	0	0	3	0	pet_skill_91002	pet_skill_desc_91002	set:pet_skill.json image:g1048_pet_skill_91002	1	0	91002	0
91003	0	0	3	0	pet_skill_91003	pet_skill_desc_91003	set:pet_skill.json image:g1048_pet_skill_91003	1	0	91003	0
91004	0	0	3	0	pet_skill_91004	pet_skill_desc_91004	set:pet_skill.json image:g1048_pet_skill_91004	1	0	91004	0
92001	0	0	3	0	pet_skill_92001	pet_skill_desc_92001	set:pet_skill.json image:g1048_pet_skill_92001	1	0	92001	0
92002	0	0	3	0	pet_skill_92002	pet_skill_desc_92002	set:pet_skill.json image:g1048_pet_skill_92002	1	0	92002	0
92003	0	0	3	0	pet_skill_92003	pet_skill_desc_92003	set:pet_skill.json image:g1048_pet_skill_92003	1	0	92003	0
92004	0	0	3	0	pet_skill_92004	pet_skill_desc_92004	set:pet_skill.json image:g1048_pet_skill_92004	1	0	92004	0
92005	0	0	3	0	pet_skill_92005	pet_skill_desc_92005	set:pet_skill.json image:g1048_pet_skill_92005	1	0	92005	0
92006	0	0	3	0	pet_skill_92006	pet_skill_desc_92006	set:pet_skill.json image:g1048_pet_skill_92006	1	0	92006	0
93001	0	0	3	0	pet_skill_93001	pet_skill_desc_93001	set:pet_skill.json image:g1048_pet_skill_93001	1	0	93001	0
93002	0	0	3	0	pet_skill_93002	pet_skill_desc_93002	set:pet_skill.json image:g1048_pet_skill_93002	1	0	93002	0
