套装id	套装名	部位1	部位2	部位3	部位4	部位5	部位6	部位	部位信息	匹配数量(默认)	附加Buff(默认)	匹配数量(星装)	附加Buff(星装)	无套多语言显示
id	name	itemId1	itemId2	itemId3	itemId4	itemId5	itemId6	masterName	slaveName	matchCount1	buffId1	matchCount2	buffId2	noneText
1	g1048_equipment_suit_wither_1	3583	3584	3585	3586	3587	0	effect_1	g1048_wither	2	0	2	301	suitbuff_none_2
2	g1048_equipment_suit_wither_2	3583	3584	3585	3586	3587	0	effect_2	g1048_wither	5	201	4	401	#
3	g1048_equipment_suit_icedragon_1	3592	3593	3594	3595	3596	0	effect_1	g1048_icedragon	2	0	2	303	suitbuff_none_2
4	g1048_equipment_suit_icedragon_2	3592	3593	3594	3595	3596	0	effect_2	g1048_icedragon	5	203	4	403	#
5	g1048_equipment_suit_pumpkin_knight_1	3597	3598	3599	3600	3601	0	effect_1	g1048_pumpkin_knight	2	0	2	302	suitbuff_none_2
6	g1048_equipment_suit_pumpkin_knight_2	3597	3598	3599	3600	3601	0	effect_2	g1048_pumpkin_knight	5	202	4	402	#
7	g1048_equipment_suit_miner	3686	3687	3688	3689	3690	0	effect_1	g1048_miner	5	204	5	204	#
8	g1048_equipment_suit_whitewolf_1	3693	3694	3695	3696	3697	0	effect_1	g1048_whitewolf	2	0	2	305	suitbuff_none_2
9	g1048_equipment_suit_whitewolf_2	3693	3694	3695	3696	3697	0	effect_2	g1048_whitewolf	5	205	4	405	#
10	g1048_equipment_suit_iceslimeking _1	3707	3708	3709	3710	3711	0	effect_1	g1048_iceslimeking 	2	0	2	306	suitbuff_none_2
11	g1048_equipment_suit_iceslimeking _2	3707	3708	3709	3710	3711	0	effect_2	g1048_iceslimeking 	5	206	4	406	#
12	g1048_equipment_suit_zodiac_1	3728	3729	3730	3731	3732	0	effect_1	g1048_zodiac	2	0	2	307	suitbuff_none_2
13	g1048_equipment_suit_zodiac_2	3728	3729	3730	3731	3732	0	effect_2	g1048_zodiac	5	207	4	407	#
14	g1048_equipment_suit_angel_1	3742	3743	3744	3745	3746	0	effect_1	g1048_angel	2	0	2	308	suitbuff_none_2
15	g1048_equipment_suit_angel_2	3742	3743	3744	3745	3746	0	effect_2	g1048_angel	5	208	4	408	#
16	g1048_equipment_suit_forest_1	3758	3759	3760	3761	3762	0	effect_1	g1048_forest	2	0	2	309	suitbuff_none_2
17	g1048_equipment_suit_forest_2	3758	3759	3760	3761	3762	0	effect_2	g1048_forest	5	209	4	409	#
18	g1048_equipment_suit_fire_1	3784	3785	3786	3787	3788	0	effect_1	g1048_flame	2	0	2	310	suitbuff_none_2
19	g1048_equipment_suit_fire_2	3784	3785	3786	3787	3788	0	effect_2	g1048_flame	5	210	4	410	#
20	g1048_equipment_suit_skeleton_1	3797	3798	3799	3800	3801	0	effect_1	g1048_skullking	2	0	2	311	suitbuff_none_2
21	g1048_equipment_suit_skeleton _2	3797	3798	3799	3800	3801	0	effect_2	g1048_skullking	5	211	4	411	#
22	g1048_equipment_suit_shadow_1	3814	3815	3816	3817	3818	0	effect_1	g1048_shadow	2	0	2	312	suitbuff_none_2
23	g1048_equipment_suit_shadow_2	3814	3815	3816	3817	3818	0	effect_2	g1048_shadow	5	212	4	412	#
24	g1048_equipment_suit_paladin_1	3833	3834	3835	3836	3837	0	effect_1	g1048_paladin	2	0	2	313	suitbuff_none_2
25	g1048_equipment_suit_paladin_2	3833	3834	3835	3836	3837	0	effect_2	g1048_paladin	5	213	4	413	#
26	g1048_equipment_suit_aquaman_1	3855	3856	3857	3858	3859	0	effect_1	g1048_aquaman	2	0	2	314	suitbuff_none_2
27	g1048_equipment_suit_aquaman_2	3855	3856	3857	3858	3859	0	effect_2	g1048_aquaman	5	214	4	414	#
28	g1048_equipment_suit_aerospace_1	3861	3862	3863	3864	3865	0	effect_1	g1048_aerospace	2	0	2	315	suitbuff_none_2
29	g1048_equipment_suit_aerospace_2	3861	3862	3863	3864	3865	0	effect_2	g1048_aerospace	5	215	4	415	#
30	g1048_equipment_suit_steampunk_1	3876	3877	3878	3879	3880	0	effect_1	g1048_steampunk	2	0	2	316	suitbuff_none_2
31	g1048_equipment_suit_steampunk_2	3876	3877	3878	3879	3880	0	effect_2	g1048_steampunk	5	216	4	416	#
32	g1048_equipment_suit_death_1	3809	3810	3811	3812	3813	0	effect_1	g1048_death	2	0	2	326	suitbuff_none_2
33	g1048_equipment_suit_death_2	3809	3810	3811	3812	3813	0	effect_2	g1048_death	5	226	4	426	#
34	g1048_equipment_suit_zeus_1	3894	3895	3896	3897	3898	0	effect_1	g1048_zeus	2	0	2	317	suitbuff_none_2
35	g1048_equipment_suit_zeus_2	3894	3895	3896	3897	3898	0	effect_2	g1048_zeus	5	217	4	417	#
36	g1048_equipment_suit_egypt_1	3902	3903	3904	3905	3906	0	effect_1	g1048_egypt	2	0	2	318	suitbuff_none_2
37	g1048_equipment_suit_egypt_2	3902	3903	3904	3905	3906	0	effect_2	g1048_egypt	5	218	4	418	#
38	g1048_equipment_suit_goblin_1	3919	3920	3921	3922	3923	0	effect_1	g1048_goblin	2	0	2	319	suitbuff_none_2
39	g1048_equipment_suit_goblin_2	3919	3920	3921	3922	3923	0	effect_2	g1048_goblin	5	219	4	419	#
40	g1048_equipment_suit_goblinking_1	3924	3925	3926	3927	3928	0	effect_1	g1048_goblin_king	2	0	2	320	suitbuff_none_2
41	g1048_equipment_suit_goblinking_2	3924	3925	3926	3927	3928	0	effect_2	g1048_goblin_king	5	220	4	420	#
42	g1048_equipment_suit_halloween_wood_1	3642	3643	3644	3645	3646	0	effect_1	g1048_halloween_wood	2	321	2	321	suitbuff_none_2
43	g1048_equipment_suit_halloween_emerald_1	3647	3648	3649	3650	3651	0	effect_1	g1048_halloween_emerald	2	322	2	322	suitbuff_none_2
44	g1048_equipment_suit_vampire_1	3930	3931	3932	3933	3934	0	effect_1	g1048_vampire	2	0	2	323	suitbuff_none_2
45	g1048_equipment_suit_vampire_2	3930	3931	3932	3933	3934	0	effect_2	g1048_vampire	5	223	4	423	#
46	g1048_equipment_suit_hades_1	3995	3996	3997	3998	3999	0	effect_1	g1048_hades	2	0	2	324	suitbuff_none_2
47	g1048_equipment_suit_hades_2	3995	3996	3997	3998	3999	0	effect_2	g1048_hades	5	224	4	424	#
48	g1048_equipment_suit_warrior_1	1260	1261	1262	1263	1264	0	effect_1	g1048_warrior	2	0	2	325	suitbuff_none_2
49	g1048_equipment_suit_warrior_2	1260	1261	1262	1263	1264	0	effect_2	g1048_warrior	5	225	4	425	#
50	g1048_equipment_suit_ares_1	1285	1286	1287	1288	1289	0	effect_1	g1048_ares	2	0	2	327	suitbuff_none_2
51	g1048_equipment_suit_ares_2	1285	1286	1287	1288	1289	0	effect_2	g1048_ares	5	227	4	427	#
52	g1048_equipment_suit_freeze_1	1292	1293	1294	1295	1296	0	effect_1	g1048_freeze	2	0	2	328	suitbuff_none_2
53	g1048_equipment_suit_freeze_2	1292	1293	1294	1295	1296	0	effect_2	g1048_freeze	5	228	4	428	#
54	g1048_equipment_suit_boss_lava_1	1314	1315	1316	1317	1318	0	effect_1	g1048_boss_lava	2	0	2	329	suitbuff_none_2
55	g1048_equipment_suit_boss_lava_2	1314	1315	1316	1317	1318	0	effect_2	g1048_boss_lava	5	229	4	429	#
56	g1048_equipment_suit_boss_samurai_1	1319	1320	1321	1322	1323	0	effect_1	g1048_boss_samurai	2	0	2	330	suitbuff_none_2
57	g1048_equipment_suit_boss_samurai_2	1319	1320	1321	1322	1323	0	effect_2	g1048_boss_samurai	5	230	4	430	#
58	g1048_equipment_suit_boss_warden_1	1324	1325	1326	1327	1328	0	effect_1	g1048_boss_warden	2	0	2	331	suitbuff_none_2
59	g1048_equipment_suit_boss_warden_2	1324	1325	1326	1327	1328	0	effect_2	g1048_boss_warden	5	231	4	431	#
60	g1048_equipment_suit_boss_dragon_1	1329	1330	1331	1332	1333	0	effect_1	g1048_boss_dragon	2	0	2	332	suitbuff_none_2
61	g1048_equipment_suit_boss_dragon_2	1329	1330	1331	1332	1333	0	effect_2	g1048_boss_dragon	5	232	4	432	#
62	g1048_equipment_suit_boss_wither_1	1334	1335	1336	1337	1338	0	effect_1	g1048_boss_wither	2	0	2	333	suitbuff_none_2
63	g1048_equipment_suit_boss_wither_2	1334	1335	1336	1337	1338	0	effect_2	g1048_boss_wither	5	233	4	433	#
64	g1048_equipment_suit_cthulhu_1	1339	1340	1341	1342	1343	0	effect_1	g1048_cthulhu	2	0	2	334	suitbuff_none_2
65	g1048_equipment_suit_cthulhu_2	1339	1340	1341	1342	1343	0	effect_2	g1048_cthulhu	5	234	4	434	#
66	g1048_equipment_suit_noob	3560	3561	3562	3563	0	0	effect_1	g1048_halloween_wood	4	235	4	235	#
67	g1048_equipment_suit_blackrose_1	1374	1375	1376	1377	1378	0	effect_1	g1048_blackrose	2	0	2	336	suitbuff_none_2
68	g1048_equipment_suit_blackrose_2	1374	1375	1376	1377	1378	0	effect_2	g1048_blackrose	5	236	4	436	#
69	g1048_equipment_suit_apollo_1	1387	1388	1389	1390	1391	0	effect_1	g1048_apollo	2	0	2	337	suitbuff_none_2
70	g1048_equipment_suit_apollo_2	1387	1388	1389	1390	1391	0	effect_2	g1048_apollo	5	237	4	437	#
71	g1048_equipment_suit_ramadan_1	1394	1395	1396	1397	1398	0	effect_1	g1048_ramadan	2	0	2	338	suitbuff_none_2
72	g1048_equipment_suit_ramadan_2	1394	1395	1396	1397	1398	0	effect_2	g1048_ramadan	5	238	4	438	#
73	g1048_equipment_suit_fenrir_1	1429	1430	1431	1432	1433	0	effect_1	g1048_fenrir	2	0	2	339	suitbuff_none_2
74	g1048_equipment_suit_fenrir_2	1429	1430	1431	1432	1433	0	effect_2	g1048_fenrir	5	239	4	439	#
75	g1048_equipment_suit_elf_1	1436	1437	1438	1439	1440	0	effect_1	g1048_elf	2	0	2	340	suitbuff_none_2
76	g1048_equipment_suit_elf_2	1436	1437	1438	1439	1440	0	effect_2	g1048_elf	5	240	4	440	#
77	g1048_equipment_suit_shark_1	1449	1450	1451	1452	1453	0	effect_1	g1048_shark	2	0	2	341	suitbuff_none_2
78	g1048_equipment_suit_shark_2	1449	1450	1451	1452	1453	0	effect_2	g1048_shark	5	241	4	441	#
79	g1048_equipment_suit_valkyrie_1	1463	1464	1465	1466	1467	0	effect_1	g1048_valkyrie	2	0	2	342	suitbuff_none_2
80	g1048_equipment_suit_valkyrie_2	1463	1464	1465	1466	1467	0	effect_2	g1048_valkyrie	5	242	4	442	#
81	g1048_equipment_suit_cloud_1	1470	1471	1472	1473	1474	0	effect_1	g1048_cloud	2	0	2	343	suitbuff_none_2
82	g1048_equipment_suit_cloud_2	1470	1471	1472	1473	1474	0	effect_2	g1048_cloud	5	243	4	443	#
83	g1048_equipment_suit_murloc_1	1489	1490	1491	1492	1493	0	effect_1	g1048_murloc	2	0	2	344	suitbuff_none_2
84	g1048_equipment_suit_murloc_2	1489	1490	1491	1492	1493	0	effect_2	g1048_murloc	5	244	4	444	#
85	g1048_equipment_suit_murloc_king_1	1494	1495	1496	1497	1498	0	effect_1	g1048_murloc_king	2	0	2	345	suitbuff_none_2
86	g1048_equipment_suit_murloc_king_2	1494	1495	1496	1497	1498	0	effect_2	g1048_murloc_king	5	245	4	445	#
87	g1048_equipment_suit_raven_1	1531	1532	1533	1534	1535	0	effect_1	g1048_raven	2	0	2	346	suitbuff_none_2
88	g1048_equipment_suit_raven_2	1531	1532	1533	1534	1535	0	effect_2	g1048_raven	5	246	4	446	#
89	g1048_equipment_suit_jormungandr_1	1546	1547	1548	1549	1550	0	effect_1	g1048_jormungandr	2	0	2	347	suitbuff_none_2
90	g1048_equipment_suit_jormungandr_2	1546	1547	1548	1549	1550	0	effect_2	g1048_jormungandr	5	247	4	447	#
91	g1048_equipment_suit_beetle_1	1554	1555	1556	1557	1558	0	effect_1	g1048_beetle	2	0	2	348	suitbuff_none_2
92	g1048_equipment_suit_beetle_2	1554	1555	1556	1557	1558	0	effect_2	g1048_beetle	5	248	4	448	#
93	g1048_equipment_suit_thor_1	1568	1569	1570	1571	1572	0	effect_1	g1048_thor	2	0	2	349	suitbuff_none_2
94	g1048_equipment_suit_thor_2	1568	1569	1570	1571	1572	0	effect_2	g1048_thor	5	249	4	449	#
95	g1048_equipment_suit_nebula_1	1591	1592	1593	1594	1595	0	effect_1	g1048_nebula	2	0	2	350	suitbuff_none_2
96	g1048_equipment_suit_nebula_2	1591	1592	1593	1594	1595	0	effect_2	g1048_nebula	5	250	4	450	#
97	g1048_equipment_suit_hel_1	1608	1609	1610	1611	1612	0	effect_1	g1048_hel	2	0	2	351	suitbuff_none_2
98	g1048_equipment_suit_hel_2	1608	1609	1610	1611	1612	0	effect_2	g1048_hel	5	251	4	451	#
