装备Id	部件名	头像框
itemId	meshName	headerFrame
3757	skyblock_dev	header_frame_dev.json
3929	skyblock_pass_anniversary	#
1530	g1048_title_ocean_conqueror	#
1544	g1048_title_king_of_gods	g1048_profile_img_king_of_gods.effect
1553	g1048_title_world_serpent	g1048_profile_img_world_serpent.effect
1567	g1048_title_god_of_dead	g1048_profile_img_hades.effect
1575	g1048_title_god_of_thunder	g1048_profile_img_god_of_thunder.effect
1605	g1048_pass_2nd_title	g1048_profile_img_pass_2nd_anniversary.effect
1606	g1048_title_god_of_war	g1048_profile_img_god_of_war.effect
1615	g1048_title_lord_of_helheim	g1048_profile_img_lord_of_helheim.effect
