枪Id	枪伤害	模型mesh	是否可以破坏方块
gunId	damage	mesh	isBreakBlock
2337	0	gun_171.mesh	0
2338	1	gun_172.mesh	0
2339	0	g1048_item_wither_gun.mesh	0
2340	1	g1048_newyear_gatling.mesh	0
2341	1	g1048_gold_gatling.mesh	0
2342	12	g1048_rose_wand.mesh	0
2343	22	g1048_aquaman_weapon.mesh	0
2344	15	g1048_wand_pixel_christmas.mesh	1
2345	5	g1048_gun_christmas_snowball.mesh	0
2346	5	g1048_gun_christmas_snowball.mesh	0
2347	1	g1048_ender_gatling.mesh	0
2348	1	g1048_ramadan_wish_gun.mesh	0
2349	1	g1048_ramadan_wish_gun.mesh	0
600	15	g1048_summer_staff_1.mesh	1
601	15	g1048_summer_staff_2.mesh	1
602	23	g1048_aquaman_weapon_2.mesh	0
603	1	g1048_ocean_gatling.mesh	0
