宝箱Id	游戏类型	宝箱模型	等待刷新模型	打开特效	宝箱位置	刷新Cd	产出奖励
id	gameType	chestActor	waitActor	openEffect	position	refreshCd	output
1	骷髅岛	g1050_gem_1.actor	g1048_gem_pos_blue.actor	g1008_chestopen2.effect	20.5,88,56.5	600	3806,0,1
2	骷髅岛	g1050_gem_1.actor	g1048_gem_pos_blue.actor	g1008_chestopen2.effect	21.5,88,19.5	900	3806,0,1
3	骷髅岛	g1050_gem_1.actor	g1048_gem_pos_blue.actor	g1008_chestopen2.effect	22.5,88,90.5	600	3806,0,1
4	骷髅岛	g1050_gem_1.actor	g1048_gem_pos_blue.actor	g1008_chestopen2.effect	117.5,89,56.5	600	3806,0,1
5	骷髅岛	g1050_gem_1.actor	g1048_gem_pos_blue.actor	g1008_chestopen2.effect	103.5,94,-17.5	300	3806,0,1
6	骷髅岛	g1050_gem_1.actor	g1048_gem_pos_blue.actor	g1008_chestopen2.effect	103.5,94,131.5	300	3806,0,1
7	骷髅岛	g1050_gem_2.actor	g1048_gem_pos_purple.actor	g1008_chestopen2.effect	38.5,115,-17.5	1200	3807,0,1
8	骷髅岛	g1050_gem_2.actor	g1048_gem_pos_purple.actor	g1008_chestopen2.effect	29.5,87,-17.5	1800	3807,0,1
9	骷髅岛	g1050_gem_2.actor	g1048_gem_pos_purple.actor	g1008_chestopen2.effect	121.5,82,99.5	2400	3807,0,1
10	骷髅岛	g1050_gem_2.actor	g1048_gem_pos_purple.actor	g1008_chestopen2.effect	59.5,87,130.5	1800	3807,0,1
11	骷髅岛	g1050_gem_3.actor	g1048_gem_pos_orange.actor	g1008_chestopen2.effect	141.5,82,30.5	5400	3808,0,1
12	骷髅岛	g1050_gem_3.actor	g1048_gem_pos_orange.actor	g1008_chestopen2.effect	33.5,113,129.5	6300	3808,0,1
13	g1049	g1048_pvp_gem_shards.actor	g1048_pvp_gem_shards_pos.actor	g1008_chestopen2.effect	91.5,54,223.5	57	1372,0,1
