GunId	Name	Desc	Model	GunIcon	GunType	BulletType	AdapedtBullet	BulletPerShoot	MaxBulletNum	ShootRange	PrepareTime	CdTime	SniperDistance	MouseSensitivity	Damage	KnockBackDistance	SoundType	SwitchMagazineAction	EmptySoundType	BulletOffset	SwitchClipSoundType	PreviewMesh	BulletSpeed	ReloadTime	Recoil	FPVBulletEffect	FPVFlameEffect	TPVBulletEffect	TPVFlameEffect	CrossHairMoveSpeed	CrossHairMoveDistance	HeadshotDamage	BulletEffect	FlameEffect	ExplosionEffect	IsPiercing	ExplosionRange	GravityVelocity	BounceTimes	IsAutoShoot	UIBulletEffect	UIBulletEffectOffset	UIFlameEffect	UIFlameEffectOffset	IsFireworks	EffectName
枪械道具Id	多语言名称	多语言描述	对应模型	对应Item图标	枪械类型(1手枪/2步枪/3狙击枪/4散弹枪/5冲锋枪)	子弹类型(实体/虚拟)	适配子弹Id(185+256~194+256)	击发子弹数量	最大子弹数量	射程	蓄力时间	射速	狙击距离	鼠标灵敏度	伤害	击退力	射击音效	换弹匣动作	空发音效	子弹偏移	换弹匣音效	预览Mesh	子弹速度(每tick几米,1秒20个tick)	换弹匣时间(多少个tick)	后座力	第一人称特效参数（眼睛偏移#向右偏移#下面偏移#缩放）	第一人称特效参数（眼睛偏移#向右偏移#下面偏移#缩放）	第三人称特效参数（眼睛偏移#向右偏移#下面偏移#缩放）	第三人称特效参数（眼睛偏移#向右偏移#下面偏移#缩放）	准星移动速度	准星移动距离	爆头伤害	弹道特效	枪火特效	爆炸特效	子弹穿透	爆炸范围	重力速度	子弹反弹次数	自动射击	UI弹道特效	UI弹道特效偏移参数	UI枪火特效	UI枪火特效偏移参数	是否子弹到射程爆裂	手持特效（第一人称）
2337	gui_gun_name_171	gui_gun_desc_171	gun_171.mesh	gun_171	6	1	442	1	100	60	0	1	0	0.2	0	0	121	smg_reload	125	0	127	gun.171	1	24	0.2	1#0.35#0.1#1.0	1#0.35#0.1#1	1.08#0.2#0.9#1.0	1.08#0.2#0.9#1	2	35	0	effect_gun_fireworks_bullet.effect	default	effect_gun_fireworks_explosion.effect	0	3	0	0	1	default	1.0#0.55#0.19#1	default	1.0#0.55#0.19#1	1	#
2338	gui_gun_name_172	gui_gun_desc_172	gun_172.mesh	g1048_gatling	6	1	443	1	150	60	0	0.1	0	0.2	1	0	130	smg_reload	125	35	131	gun.172	12	60	0.5	1.3#0.3#0.05#1.0	1.3#0.3#0.05#1.0	1.5#0.2#0.9#1	1.5#0.2#0.9#2.4	0	0	5	effect_gun_fireworks_bullet.effect	default	none	0	0	0	0	1	default	1.0#0.55#0.19#1	default	1.0#0.55#0.19#1	0	#
2339	gui_gun_name_173	gui_gun_desc_173	g1048_item_wither_gun.mesh	g1048_item_wither_gun	6	1	442	1	100	60	0	1	0	0.2	0	0	121	smg_reload	125	0	127	gun.171	1	24	0.2	1#0.35#0.1#1.0	1#0.35#0.1#1	1.08#0.2#0.9#1.0	1.08#0.2#0.9#1	2	35	0	g1048_baozha_dandao.effect	default	g1048_baozha_01.effect	0	3	0	0	1	default	1.0#0.55#0.19#1	default	1.0#0.55#0.19#1	1	#
2340	gui_gun_name_2340	gui_gun_desc_2340	g1048_newyear_gatling.mesh	g1048_Newyear_Gatling	6	1	443	1	150	60	0	0.1	0	0.2	1	0	400	smg_reload	125	35	131	gun.172	12	60	0.5	1.3#0.3#0.05#1.0	1.3#0.3#0.05#1.0	1.5#0.2#0.9#1	1.5#0.2#0.9#2.4	0	0	5	effect_gun_fireworks_bullet.effect	default	none	0	0	0	0	1	default	1.0#0.55#0.19#1	default	1.0#0.55#0.19#1	0	#
2341	gui_gun_name_2341	gui_gun_desc_2341	g1048_gold_gatling.mesh	g1048_gold_gatling	6	1	443	1	150	60	0	0.1	0	0.2	1	0	130	smg_reload	125	35	131	gun.172	12	60	0.5	1.3#0.3#0.05#1.0	1.3#0.3#0.05#1.0	1.5#0.2#0.9#1	1.5#0.2#0.9#2.4	0	0	5	effect_gun_fireworks_bullet_yellow.effect	default	none	0	0	0	0	1	default	1.0#0.55#0.19#1	default	1.0#0.55#0.19#1	0	#
2342	gui_gun_name_2342	gui_gun_desc_2342	g1048_rose_wand.mesh	g1048_rose_wand	9	1	442	1	12	60	0	1.2	0	0.2	1	0	401	smg_reload	125	0	#	gun.172	1	120	0.5	1.15#0.43#0.19#0.65	1.15#0.43#0.19#1	0.68#0.28#0.88#1	0.68#0.28#0.88#1	0	0	0	effect_gun_default_pink.effect	default	g1048_rose_baozha_01.effect	0	3	0.05	0	0	default	1.0#0.55#0.19#1	default	1.0#0.55#0.19#1	1	g1048_rose_wand.effect
2343	gui_gun_name_2343	gui_gun_desc_2343	g1048_aquaman_weapon.mesh	g1048_suit_aquaman_sword	6	1	443	1	150	60	0	1.8	0	0.2	1	0	402	smg_reload	125	0	#	gun.172	4	60	0.5	0.4#0.33#0#1	0.4#0.33#0#1	1.5#0.2#0.9#1	1.5#0.2#0.9#2.4	0	0	5	g1048_gun_water_bullet.effect	effect_gun_magic_flame.effect	effect_gun_magic_flame.effect	0	2	0	0	1	default	1.0#0.55#0.19#1	default	1.0#0.55#0.19#1	0	g1048_aquaman_weapon_1.effect
2344	gui_gun_name_2344	gui_gun_desc_2344	g1048_wand_pixel_christmas.mesh	g1048_pixel_christmas_wand	9	1	442	1	12	30	0	1.2	0	0.2	1	0	401	smg_reload	125	0	#	gun.172	1	120	0.5	1.15#0.43#0.19#0.65	1.15#0.43#0.19#1	0.68#0.28#0.88#1	0.68#0.28#0.88#1	0	0	0	g1048_gun_christmas_bullet.effect	g1048_gun_flame_yellow.effect	g1048_christmas_baozha_01.effect	0	1	0.005	0	0	default	1.0#0.55#0.19#1	default	1.0#0.55#0.19#1	1	g1048_wand_pixel_christmas.effect
2345	gui_gun_name_2345	gui_gun_desc_2345	g1048_gun_christmas_snowball.mesh	g1048_snowball_gun	9	1	442	1	30	60	0	0.8	0	0.2	0	0	121	smg_reload	125	0	127	gun.171	1	24	0.2	1#0.35#0.1#5	1#0.35#0.1#1	1.08#0.2#0.9#5	1.08#0.2#0.9#1	2	35	0	g1048_gun_snowball_bullet.effect	default	g1048_gun_snowball_explode.effect	0	1	0.025	0	1	default	1.0#0.55#0.19#1	default	1.0#0.55#0.19#1	1	#
2346	gui_gun_name_2346	gui_gun_desc_2346	g1048_gun_christmas_snowball.mesh	g1048_snowball_gun	9	1	442	1	30	60	0	0.8	0	0.2	0	0	121	smg_reload	125	0	127	gun.171	1	24	0.2	1#0.35#0.1#5	1#0.35#0.1#1	1.08#0.2#0.9#5	1.08#0.2#0.9#1	2	35	0	g1048_gun_snowball_bullet.effect	default	g1048_gun_snowball_explode.effect	0	1	0.025	0	1	default	1.0#0.55#0.19#1	default	1.0#0.55#0.19#1	1	#
2347	gui_gun_name_2347	gui_gun_desc_2347	g1048_ender_gatling.mesh	g1048_ender_gatling	6	1	443	1	150	60	0	0.1	0	0.2	1	0	130	smg_reload	125	35	131	gun.172	12	60	0.5	1.3#0.3#0.05#1.0	1.3#0.3#0.05#1.0	1.5#0.2#0.9#1	1.5#0.2#0.9#2.4	0	0	5	effect_gun_fireworks_bullet_purple.effect	default	none	0	0	0	0	1	default	1.0#0.55#0.19#1	default	1.0#0.55#0.19#1	0	g1048_ender_gatling.effect
2348	gui_gun_name_2348	#	g1048_ramadan_wish_gun.mesh	g1048_item_wish_ramadan_gun	6	1	442	1	100	20	0	1	0	0.2	0	0	121	smg_reload	125	0	127	gun.171	1	24	0.2	1#0.35#0.1#1.0	1#0.35#0.1#1	1.08#0.2#0.9#1.0	1.08#0.2#0.9#1	2	35	0	effect_gun_fireworks_bullet.effect	default	g1048_gun_ramadan_wish_explode.effect	0	3	0	0	1	default	1.0#0.55#0.19#1	default	1.0#0.55#0.19#1	1	g1048_ramadan_wish_gun.effect
2349	gui_gun_name_2349	#	g1048_ramadan_wish_gun.mesh	g1048_item_wish_ramadan_gun	6	1	442	1	100	20	0	1	0	0.2	0	0	121	smg_reload	125	0	127	gun.171	1	24	0.2	1#0.35#0.1#1.0	1#0.35#0.1#1	1.08#0.2#0.9#1.0	1.08#0.2#0.9#1	2	35	0	effect_gun_fireworks_bullet.effect	default	g1048_gun_ramadan_wish_explode.effect	0	3	0	0	1	default	1.0#0.55#0.19#1	default	1.0#0.55#0.19#1	1	g1048_ramadan_wish_gun.effect
600	gui_gun_name_600	gui_gun_desc_600	g1048_summer_staff_1.mesh	g1048_summer_staff_1	9	1	442	1	12	30	0	1.2	0	0.2	1	0	401	smg_reload	125	0	#	gun.172	1	120	0.5	1.15#0.43#0.19#0.65	1.15#0.43#0.19#1	0.68#0.28#0.88#1	0.68#0.28#0.88#1	0	0	0	g1048_gun_water_bullet.effect	effect_gun_magic_flame.effect	g1048_murloc_armor_skill_2.effect	0	1	0.005	0	0	default	1.0#0.55#0.19#1	default	1.0#0.55#0.19#1	1	g1048_summer_staff_1.effect
601	gui_gun_name_601	gui_gun_desc_601	g1048_summer_staff_2.mesh	g1048_summer_staff_2	9	1	442	1	12	30	0	1.2	0	0.2	1	0	401	smg_reload	125	0	#	gun.172	1	120	0.5	1.15#0.43#0.19#0.65	1.15#0.43#0.19#1	0.68#0.28#0.88#1	0.68#0.28#0.88#1	0	0	0	g1048_gun_water_bullet.effect	g1048_gun_flame_green.effect	g1048_murloc_armor_skill_3.effect	0	1	0.005	0	0	default	1.0#0.55#0.19#1	default	1.0#0.55#0.19#1	1	g1048_summer_staff_2.effect
602	gui_gun_name_602	gui_gun_desc_602	g1048_aquaman_weapon_2.mesh	g1048_suit_aquaman_sword_2	6	1	443	1	150	60	0	1.4	0	0.2	1	0	402	smg_reload	125	0	#	gun.172	4	60	0.5	0.4#0.33#0#1	0.4#0.33#0#1	1.5#0.2#0.9#1	1.5#0.2#0.9#2.4	0	0	5	g1048_gun_water_bullet.effect	effect_gun_magic_flame.effect	effect_gun_magic_flame.effect	0	2	0	0	1	default	1.0#0.55#0.19#1	default	1.0#0.55#0.19#1	0	g1048_aquaman_weapon_2.effect
603	gui_gun_name_603	gui_gun_desc_603	g1048_ocean_gatling.mesh	g1048_ocean_gatling	6	1	443	1	150	60	0	0.1	0	0.2	1	0	130	smg_reload	125	35	131	gun.172	12	60	0.5	1.3#0.3#0.05#1.0	1.3#0.3#0.05#1.0	1.5#0.2#0.9#1	1.5#0.2#0.9#2.4	0	0	5	effect_gun_fireworks_bullet_blue.effect	default	none	0	0	0	0	1	default	1.0#0.55#0.19#1	default	1.0#0.55#0.19#1	0	g1048_ocean_gatling.effect
