ItemId	Name	Icon	MeshName	EffectName	MaxStackSize	ClassName	Params	Rotation
手持道具Id	多语言名称	对应Item图标	模型	手持特效（第一人称）	堆叠数量	类型	自定义参数	特定动作下旋转（转速#特定动作1#特定动作2#….）
297	item.bread	bread	#	#	64	ItemFood	#	0
320	item.porkchopCooked	porkchop_cooked	#	#	64	ItemFood	#	0
322	item.appleGold	apple_golden	#	#	64	ItemFood	0&0&false&true	0
508	Item_Name50800.name	icon_miningmachine_coins	#	#	64	ItemCustom	#	0
2801	item.christmas_tree.name	christmas_tree	g1048_shengdanshu_1.mesh	#	1	ItemCustom	#	0
2803	item.box1.name	common_box	#	#	64	ItemCustom	#	0
2802	item.box2.name	exquisite_box	#	#	64	ItemCustom	#	0
2804	item.treasure.map.name	g1048_item_treasuremap	#	#	16	ItemCustom	#	0
2805	item.backpack.1.name	g1048_item_bag_lv1	#	#	1	ItemCustom	#	0
2806	item.backpack.2.name	g1048_item_bag_lv2	#	#	1	ItemCustom	#	0
2807	item.backpack.3.name	g1048_item_bag_lv3	#	#	1	ItemCustom	#	0
2810	Item_Name281000.name	fountain_red_low	g1048_fountain_handle.mesh	#	1	ItemCustom	#	0
2811	Item_Name281100.name	fountain_green_low	g1048_fountain_handle.mesh	#	1	ItemCustom	#	0
2812	Item_Name281200.name	fountain_blue_low	g1048_fountain_handle.mesh	#	1	ItemCustom	#	0
2813	Item_Name281300.name	fountain_cyan_low	g1048_fountain_handle.mesh	#	1	ItemCustom	#	0
2814	Item_Name281400.name	fountain_purple_low	g1048_fountain_handle.mesh	#	1	ItemCustom	#	0
2815	Item_Name281500.name	fountain_yellow_low	g1048_fountain_handle.mesh	#	1	ItemCustom	#	0
2816	Item_Name281600.name	fountain_colourless_low	g1048_fountain_handle.mesh	#	1	ItemCustom	#	0
2817	Item_Name281700.name	fountain_red_middle	g1048_fountain_handle.mesh	#	1	ItemCustom	#	0
2818	Item_Name281800.name	fountain_green_middle	g1048_fountain_handle.mesh	#	1	ItemCustom	#	0
2819	Item_Name281900.name	fountain_blue_middle	g1048_fountain_handle.mesh	#	1	ItemCustom	#	0
2820	Item_Name282000.name	fountain_cyan_middle	g1048_fountain_handle.mesh	#	1	ItemCustom	#	0
2821	Item_Name282100.name	fountain_purple_middle	g1048_fountain_handle.mesh	#	1	ItemCustom	#	0
2822	Item_Name282200.name	fountain_yellow_middle	g1048_fountain_handle.mesh	#	1	ItemCustom	#	0
2823	Item_Name282300.name	fountain_colourless_middle	g1048_fountain_handle.mesh	#	1	ItemCustom	#	0
2824	Item_Name282400.name	fountain_red_high	g1048_fountain_handle.mesh	#	1	ItemCustom	#	0
2825	Item_Name282500.name	fountain_green_high	g1048_fountain_handle.mesh	#	1	ItemCustom	#	0
2826	Item_Name282600.name	fountain_blue_high	g1048_fountain_handle.mesh	#	1	ItemCustom	#	0
2827	Item_Name282700.name	fountain_cyan_high	g1048_fountain_handle.mesh	#	1	ItemCustom	#	0
2828	Item_Name282800.name	fountain_purple_high	g1048_fountain_handle.mesh	#	1	ItemCustom	#	0
2829	Item_Name282900.name	fountain_yellow_high	g1048_fountain_handle.mesh	#	1	ItemCustom	#	0
2830	Item_Name283000.name	fountain_colourless_high	g1048_fountain_handle.mesh	#	1	ItemCustom	#	0
2833	name_decorate_001.name	g1048_decorate_001	#	#	1	ItemCustom	#	0
2834	name_decorate_002.name	g1048_decorate_002	#	#	1	ItemCustom	#	0
2835	name_decorate_003.name	g1048_decorate_003	#	#	1	ItemCustom	#	0
2836	name_decorate_004.name	g1048_decorate_004	#	#	1	ItemCustom	#	0
2837	name_decorate_005.name	g1048_decorate_005	#	#	1	ItemCustom	#	0
2838	name_decorate_006.name	g1048_decorate_006	#	#	1	ItemCustom	#	0
2839	name_decorate_007.name	g1048_decorate_007	#	#	1	ItemCustom	#	0
2840	name_decorate_008.name	g1048_decorate_008	#	#	1	ItemCustom	#	0
2841	name_decorate_009.name	g1048_decorate_009	#	#	1	ItemCustom	#	0
2842	name_decorate_010.name	g1048_decorate_010	#	#	1	ItemCustom	#	0
2843	name_decorate_011.name	g1048_decorate_011	#	#	1	ItemCustom	#	0
2844	name_decorate_012.name	g1048_decorate_012	#	#	1	ItemCustom	#	0
2845	name_decorate_013.name	g1048_decorate_013	#	#	1	ItemCustom	#	0
2846	name_decorate_014.name	g1048_item_paint_01	g1048_minghua_01.mesh	#	1	ItemCustom	#	0
2847	name_decorate_015.name	g1048_item_paint_02	g1048_minghua_02.mesh	#	1	ItemCustom	#	0
2848	name_decorate_016.name	g1048_item_paint_03	g1048_minghua_03.mesh	#	1	ItemCustom	#	0
2849	name_decorate_017.name	g1048_item_paint_04	g1048_minghua_04.mesh	#	1	ItemCustom	#	0
2850	name_decorate_018.name	g1048_item_paint_05	g1048_minghua_05.mesh	#	1	ItemCustom	#	0
2851	name_decorate_019.name	g1048_item_duck	g1048_xiaohuangya.mesh	#	1	ItemCustom	#	0
2852	name_decorate_020.name	g1048_item_bonfire_01	g2052_house4.mesh	#	1	ItemCustom	#	0
2853	name_decorate_021.name	g1048_item_sign_3	g1048_anquanchukong_01.mesh	#	1	ItemCustom	#	0
2854	name_decorate_022.name	g1048_item_sign_2	g1048_anquanchukong_03.mesh	#	1	ItemCustom	#	0
2855	name_decorate_023.name	g1048_item_sign_1	g1048_anquanchukong_02.mesh	#	1	ItemCustom	#	0
2856	name_decorate_024.name	g1048_item_sort_1	g1008_wupingfenglei_02.mesh	#	1	ItemCustom	#	0
2857	name_decorate_025.name	g1048_item_sort_2	g1008_wupingfenglei_01.mesh	#	1	ItemCustom	#	0
2858	name_decorate_026.name	g1048_item_sort_5	g1008_wupingfenglei_04.mesh	#	1	ItemCustom	#	0
2859	name_decorate_027.name	g1048_item_sort_4	g1008_wupingfenglei_05.mesh	#	1	ItemCustom	#	0
2860	name_decorate_028.name	g1048_item_sort_3	g1008_wupingfenglei_03.mesh	#	1	ItemCustom	#	0
2861	name_decorate_029.name	g1048_item_roadblock	g2060_a1_dating_4.mesh	#	1	ItemCustom	#	0
2862	name_decorate_030.name	g1048_item_discoball	g1048_discoqiu.mesh	#	1	ItemCustom	#	0
2864	name_decorate_032.name	g1048_quest_item_shred_1	#	#	64	ItemCustom	#	0
2865	name_decorate_033.name	g1048_quest_item_shred_2	#	#	64	ItemCustom	#	0
2866	name_decorate_034.name	g1048_quest_item_shred_3	#	#	64	ItemCustom	#	0
2867	name_decorate_035.name	g1048_quest_item_shred_4	#	#	64	ItemCustom	#	0
2868	name_decorate_036.name	g1048_quest_item_shred_5	#	#	64	ItemCustom	#	0
2869	name_decorate_037.name	g1048_quest_item_fossil_1	#	#	64	ItemCustom	#	0
2870	name_decorate_038.name	g1048_quest_item_fossil_4	#	#	64	ItemCustom	#	0
2871	name_decorate_039.name	g1048_quest_item_fossil_2	#	#	64	ItemCustom	#	0
2872	name_decorate_040.name	g1048_quest_item_fossil_3	#	#	64	ItemCustom	#	0
2873	name_decorate_041.name	g1048_quest_item_fossil_5	#	#	64	ItemCustom	#	0
2874	name_decorate_042.name	g1048_quest_item_feather_1	#	#	64	ItemCustom	#	0
2875	name_decorate_043.name	g1048_quest_item_feather_2	#	#	64	ItemCustom	#	0
2876	name_decorate_044.name	g1048_quest_item_feather_4	#	#	64	ItemCustom	#	0
2877	name_decorate_045.name	g1048_quest_item_feather_3	#	#	64	ItemCustom	#	0
2878	name_decorate_046.name	g1048_quest_item_feather_5	#	#	64	ItemCustom	#	0
2879	name_decorate_047.name	g1048_quest_item_sword_1	#	#	64	ItemCustom	#	0
2880	name_decorate_048.name	g1048_quest_item_sword_2	#	#	64	ItemCustom	#	0
2881	name_decorate_049.name	g1048_quest_item_sword_3	#	#	64	ItemCustom	#	0
2882	name_decorate_050.name	g1048_quest_item_sword_4	#	#	64	ItemCustom	#	0
2883	name_decorate_051.name	g1048_quest_item_sword_5	#	#	64	ItemCustom	#	0
2884	name_decorate_052.name	g1048_quest_item_conch_3	#	#	64	ItemCustom	#	0
2885	name_decorate_053.name	g1048_quest_item_conch_2	#	#	64	ItemCustom	#	0
2886	name_decorate_054.name	g1048_quest_item_conch_1	#	#	64	ItemCustom	#	0
2887	name_decorate_055.name	g1048_quest_item_conch_5	#	#	64	ItemCustom	#	0
2888	name_decorate_056.name	g1048_quest_item_conch_4	#	#	64	ItemCustom	#	0
2889	name_decorate_057.name	g1048_quest_item_stone_2	#	#	64	ItemCustom	#	0
2890	name_decorate_058.name	g1048_quest_item_stone_5	#	#	64	ItemCustom	#	0
2891	name_decorate_059.name	g1048_quest_item_stone_4	#	#	64	ItemCustom	#	0
2892	name_decorate_060.name	g1048_quest_item_stone_3	#	#	64	ItemCustom	#	0
2893	name_decorate_061.name	g1048_quest_item_stone_1	#	#	64	ItemCustom	#	0
2894	name_bossdrop_001.name	g1048_item_boss_3	g1048_item_boss_head_skull.mesh	#	1	ItemCustom	#	0
2895	name_bossdrop_002.name	g1048_item_boss_4	g1048_item_boss_head_warden.mesh	#	1	ItemCustom	#	0
2896	name_bossdrop_003.name	g1048_item_boss_5	g1048_item_boss_head_golem.mesh	#	1	ItemCustom	#	0
2897	name_decorate_062.name	g1048_item_bonfire_02	g2052_house4.mesh	#	1	ItemCustom	#	0
2898	name_decorate_063.name	g1048_item_bonfire_03	g2052_house4.mesh	#	1	ItemCustom	#	0
2899	name_decorate_064.name	g1048_item_bonfire_04	g2052_house4.mesh	#	1	ItemCustom	#	0
2900	name_decorate_065.name	g1048_item_bonfire_05	g2052_house4.mesh	#	1	ItemCustom	#	0
2247	item.axe_purple.name	axe_purple	#	#	1	ItemAxe	emerald	0
2248	item.shovel_purple.name	shovel_purple	#	#	1	ItemSpade	emerald	0
2249	item.pickaxe_purple.name	pickaxe_purple	#	#	1	ItemPickaxe	emerald	0
2250	item.arrow_purple.name	arrow_purple	#	#	64	ItemArrow	#	0
2251	item.bow_purple.name	bow_purple	#	#	1	ItemBow	#	0
2252	item.hoe_purple.name	hoe_purple	#	#	1	ItemHoe	emerald	0
2246	item.sword_purple.name	sword_purple	#	#	1	ItemSword	emerald	0
3568	item.g1048_sword_15.name	g1008_sword_15	g1048_sword_15.mesh	#	1	ItemSword	emerald	0
3569	item.g1048_sword_18.name	g1008_sword_18	g1048_sword_18.mesh	#	1	ItemSword	emerald	0
3570	item.g1048_sword_21.name	g1008_sword_21	g1048_sword_21.mesh	#	1	ItemSword	emerald	0
3571	item.g1048_sword_christmas.name	g1048_sword_christmas	g1048_crown_widget_shengdanzhuang.mesh	#	1	ItemSword	wood	0
2831	ltem_Name283100.name	g1048_feifu	g1048_feifu.mesh	#	1	ItemPickaxe	emerald	5#1000#19
2832	ltem_Name283200.name	g1048_feifu_1	g1048_feifu_1.mesh	#	1	ItemPickaxe	emerald	5#1000#19
2072	item.helmetPurple.name	helmet_purple	#	#	1	ItemArmor	diamond&0&purple	0
2073	item.platePurple.name	plate_purple	#	#	1	ItemArmor	diamond&1&purple	0
2074	item.legsPurple.name	legs_purple	#	#	1	ItemArmor	diamond&2&purple	0
2075	item.bootsPurple.name	boots_purple	#	#	1	ItemArmor	diamond&3&purple	0
3556	item.helmetGreen1.name	helmet_green1	#	#	1	ItemArmor	diamond&0&g1048_green1	0
3557	item.plateGreen1.name	plate_green1	#	#	1	ItemArmor	diamond&1&g1048_green1	0
3558	item.legsGreen1.name	legs_green1	#	#	1	ItemArmor	diamond&2&g1048_green1	0
3559	item.bootsGreen1.name	boots_green1	#	#	1	ItemArmor	diamond&3&g1048_green1	0
3560	item.helmetGold1.name	helmet_gold1	#	#	1	ItemArmor	diamond&0&g1048_gold1	0
3561	item.plateGold1.name	plate_gold1	#	#	1	ItemArmor	diamond&1&g1048_gold1	0
3562	item.legsGold1.name	legs_gold1	#	#	1	ItemArmor	diamond&2&g1048_gold1	0
3563	item.bootsGold1.name	boots_gold1	#	#	1	ItemArmor	diamond&3&g1048_gold1	0
3564	item.helmetPurple1.name	helmet_purple1	#	#	1	ItemArmor	diamond&0&g1048_purple1	0
3565	item.platePurple1.name	plate_purple1	#	#	1	ItemArmor	diamond&1&g1048_purple1	0
3566	item.legsPurple1.name	legs_purple1	#	#	1	ItemArmor	diamond&2&g1048_purple1	0
3567	item.bootsPurple1.name	boots_purple1	#	#	1	ItemArmor	diamond&3&g1048_purple1	0
3572	item.g1048_helmet_christmas.name	g1048_helmet_christmas	#	#	1	ItemArmor	iron&0&g1048_christmas&custom_hat:g1048_christmas	0
3573	item.g1048_plate_christmas.name	g1048_plate_christmas	#	#	1	ItemArmor	iron&1&g1048_christmas	0
3574	item.g1048_legs_christmas.name	g1048_legs_christmas	#	#	1	ItemArmor	iron&2&g1048_christmas	0
3575	item.g1048_boots_christmas.name	g1048_boots_christmas	#	#	1	ItemArmor	iron&3&g1048_christmas	0
3580	item.axe_soul.name	g1048_item_axe_1	g1008_axe_30.mesh	g1048_passreward_axe.effect	1	ItemAxe	emerald	0
3581	item.pickaxe_soul.name	g1048_item_pickaxe_1	g1008_pickaxe_30.mesh	g1048_passreward_pickaxe.effect	1	ItemPickaxe	emerald	0
3582	item.g1048_sword_necrotic.name	g1048_suit_wither_weapon	g1048_item_wither_axe.mesh	#	1	ItemSword	emerald	0
3583	item.g1048_helmet_necrotic.name	g1048_suit_wither_head	#	#	1	ItemArmor	iron&0&g1048_wither	0
3584	item.g1048_plate_necrotic.name	g1048_suit_wither_armor	#	#	1	ItemArmor	iron&1&g1048_wither	0
3585	item.g1048_legs_necrotic.name	g1048_suit_wither_pants	#	#	1	ItemArmor	iron&2&g1048_wither	0
3586	item.g1048_boots_necrotic.name	g1048_suit_wither_shoes	#	#	1	ItemArmor	iron&3&g1048_wither	0
3587	item.g1048_cloak_necrotic.name	g1048_suit_wither_cape	#	#	1	ItemArmor	iron&4&g1048_wither&armor_wing:g1048_wither	0
3588	item.g1048_ring_frost.name	g1048_item_icering	#	g1008_sword_33.effect	1	ItemArmor	iron&5&g1048_frostring&armor_ring:g1048_frostring	0
3589	item.g1048_sword_soul.name	g1048_item_sword_2	g1008_sword_30.mesh	g1048_sword_30.effect	1	ItemSword	emerald	0
3590	item.g1048_sword_shark.name	g1048_item_sword_1	g1008_sword_27.mesh	#	1	ItemSword	emerald	0
3591	item.g1048_sword_icedragon.name	g1048_suit_dragon_weapon	g1008_sword_33.mesh	g1008_sword_33.effect	1	ItemSword	emerald	0
3592	item.g1048_helmet_icedragon.name	g1048_suit_dragon_head	#	#	1	ItemArmor	iron&0&g1048_icedragon	0
3593	item.g1048_plate_icedragon.name	g1048_suit_dragon_armor	#	#	1	ItemArmor	iron&1&g1048_icedragon	0
3594	item.g1048_legs_icedragon.name	g1048_suit_dragon_pants	#	#	1	ItemArmor	iron&2&g1048_icedragon	0
3595	item.g1048_boots_icedragon.name	g1048_suit_dragon_shoes	#	#	1	ItemArmor	iron&3&g1048_icedragon	0
3596	item.g1048_cloak_icedragon.name	g1048_suit_dragon_cape	#	#	1	ItemArmor	iron&4&g1048_icedragon&armor_wing:g1048_icedragon	0
3597	item.g1048_helmet_halloween.name	g1048_suit_nightmare_head	#	#	1	ItemArmor	iron&0&g1048_halloween	0
3598	item.g1048_plate_halloween.name	g1048_suit_nightmare_armor	#	#	1	ItemArmor	iron&1&g1048_halloween	0
3599	item.g1048_legs_halloween.name	g1048_suit_nightmare_pants	#	#	1	ItemArmor	iron&2&g1048_halloween	0
3600	item.g1048_boots_halloween.name	g1048_suit_nightmare_shoes	#	#	1	ItemArmor	iron&3&g1048_halloween	0
3601	item.g1048_cloak_halloween.name	g1048_suit_nightmare_cape	#	#	1	ItemArmor	iron&4&g1048_halloween&armor_wing:g1048_halloween	0
3602	item.g1048_cloak_demon.name	g1048_suit_demon_cape	#	#	1	ItemArmor	iron&4&g1048_demon&armor_wing:g1048_demon	0
3603	item.g1048_sword_sickle.name	g1048_item_sword_sickle	g1048_sishenliandao.mesh	g1048_sword_halloween_sickle_1.effect	1	ItemSword	emerald	0
3604	item.g1048_sword_broom.name	g1048_item_sword_broom	g1048_mofasaozhou.mesh	#	1	ItemSword	emerald	0
3605	name_decorate_066.name	g1048_item_skull	#	#	1	ItemCustom	#	0
3606	name_decorate_067.name	g1048_item_cat	#	#	1	ItemCustom	#	0
3607	name_decorate_068.name	g1048_item_spider	#	#	1	ItemCustom	#	0
3608	name_decorate_069.name	g1048_item_mouse	#	#	1	ItemCustom	#	0
3609	name_decorate_070.name	g1048_item_bat	#	#	1	ItemCustom	#	0
3610	name_decorate_071.name	g1048_item_lamp	#	#	1	ItemCustom	#	0
3611	name_decorate_072.name	g1048_item_coffln	#	#	1	ItemCustom	#	0
3612	name_decorate_073.name	g1048_item_ghost	#	#	1	ItemCustom	#	0
3613	name_decorate_074.name	g1048_item_tombstone01	#	#	1	ItemCustom	#	0
3614	name_decorate_075.name	g1048_item_tombstone02	#	#	1	ItemCustom	#	0
3615	name_decorate_076.name	g1048_item_tombstone03	#	#	1	ItemCustom	#	0
3616	name_decorate_077.name	g1048_item_tombstone04	#	#	1	ItemCustom	#	0
3617	name_decorate_078.name	g1048_item_pot	#	#	1	ItemCustom	#	0
3618	name_decorate_079.name	g1048_item_pumpkin01	#	#	1	ItemCustom	#	0
3619	name_decorate_080.name	g1048_item_pumpkin02	#	#	1	ItemCustom	#	0
3620	name_decorate_081.name	g1048_item_pumpkin03	#	#	1	ItemCustom	#	0
3621	name_decorate_082.name	g1048_item_hand	#	#	1	ItemCustom	#	0
3622	name_decorate_083.name	g1048_quest_item_potion_1	#	#	64	ItemCustom	#	0
3623	name_decorate_084.name	g1048_quest_item_potion_2	#	#	64	ItemCustom	#	0
3624	name_decorate_085.name	g1048_quest_item_potion_3	#	#	64	ItemCustom	#	0
3625	name_decorate_086.name	g1048_quest_item_potion_4	#	#	64	ItemCustom	#	0
3626	name_decorate_087.name	g1048_quest_item_potion_5	#	#	64	ItemCustom	#	0
3627	name_decorate_088.name	g1048_quest_item_candy_1	#	#	64	ItemCustom	#	0
3628	name_decorate_089.name	g1048_quest_item_candy_2	#	#	64	ItemCustom	#	0
3629	name_decorate_090.name	g1048_quest_item_candy_3	#	#	64	ItemCustom	#	0
3630	name_decorate_091.name	g1048_quest_item_candy_4	#	#	64	ItemCustom	#	0
3631	name_decorate_092.name	g1048_quest_item_candy_5	#	#	64	ItemCustom	#	0
3632	item.treasure.map_shred.name	g1048_item_treasuremap_shred	#	#	16	ItemCustom	#	0
3633	item.treasure.map_fossil.name	g1048_item_treasuremap_fossil	#	#	16	ItemCustom	#	0
3634	item.treasure.map_feather.name	g1048_item_treasuremap_feather	#	#	16	ItemCustom	#	0
3635	item.treasure.map_sword.name	g1048_item_treasuremap_sword	#	#	16	ItemCustom	#	0
3636	item.treasure.map_conch.name	g1048_item_treasuremap_conch	#	#	16	ItemCustom	#	0
3637	item.treasure.map_stone.name	g1048_item_treasuremap_stone	#	#	16	ItemCustom	#	0
3638	item.treasure.map_potion.name	g1048_item_treasuremap_potion	#	#	16	ItemCustom	#	0
3639	item.treasure.map_candy.name	g1048_item_treasuremap_candy	#	#	16	ItemCustom	#	0
3640	name_decorate_093.name	g1048_item_hallowring	#	#	1	ItemArmor	iron&5&g1048_bat&armor_ring:g1048_bat	0
3641	name_decorate_094.name	g1048_item_halloween_event	#	#	9999	ItemCustom	#	0
3642	name_decorate_095.name	g1048_suit_halloween_wood_head	#	#	1	ItemArmor	iron&0&g1048_halloween_wood	0
3643	name_decorate_096.name	g1048_suit_halloween_wood_armor	#	#	1	ItemArmor	iron&1&g1048_halloween_wood	0
3644	name_decorate_097.name	g1048_suit_halloween_wood_pants	#	#	1	ItemArmor	iron&2&g1048_halloween_wood	0
3645	name_decorate_098.name	g1048_suit_halloween_wood_shoes	#	#	1	ItemArmor	iron&3&g1048_halloween_wood	0
3646	name_decorate_099.name	g1048_suit_halloween_wood_cape	#	#	1	ItemArmor	iron&4&g1048_halloween_wood&armor_wing:g1048_halloween_wood	0
3647	name_decorate_100.name	g1048_suit_halloween_emerald_head	#	#	1	ItemArmor	iron&0&g1048_halloween_emerald	0
3648	name_decorate_101.name	g1048_suit_halloween_emerald_armor	#	#	1	ItemArmor	iron&1&g1048_halloween_emerald	0
3649	name_decorate_102.name	g1048_suit_halloween_emerald_pants	#	#	1	ItemArmor	iron&2&g1048_halloween_emerald	0
3650	name_decorate_103.name	g1048_suit_halloween_emerald_shoes	#	#	1	ItemArmor	iron&3&g1048_halloween_emerald	0
3651	name_decorate_104.name	g1048_suit_halloween_emerald_cape	#	#	1	ItemArmor	iron&4&g1048_halloween_emerald&armor_wing:g1048_halloween_emerald	0
3652	name_decorate_105.name	g1048_item_bow_halloween	g1048_item_bow_halloween_1.mesh	g1048_gong.effect	1	ItemBow	#	0
3653	name_decorate_106.name	g1048_item_arrow_halloween	g1048_item_arrow_halloween_1.mesh	#	64	ItemArrow	true&g1048_jian.effect	0
3654	name_decorate_107.name	g1048_item_nightmare_sword	g1048_item_sword_nightmare.mesh	g1048_sword_nightmare.effect	1	ItemSword	#	0
3655	name_decorate_108.name	g1048_item_nightmare_shield	#	#	1	ItemArmor	iron&5&g1048_shield_nightmare&armor_ring:g1048_shield_nightmare	0
3656	name_decorate_109.name	g1048_item_toyhorse	#	#	1	ItemCustom	#	0
3657	name_decorate_110.name	g1048_item_nightmare_bow	g1048_item_nightmare_bow.mesh	g1048_item_nightmare_bow.effect	1	ItemBow	#	0
3658	name_decorate_111.name	#	g1048_item_nightmare_arrow_1.mesh	g1048_item_nightmare_arrow_01.effect	64	ItemArrow	true&g1048_item_nightmare_arrow_01.effect	0
3659	name_decorate_112.name	g1048_item_sunblade	g1048_item_sunblade.mesh	#	1	ItemSword	emerald	0
3660	name_decorate_113.name	g1048_item_moonblade	g1048_item_moonblade.mesh	#	1	ItemSword	emerald	0
3661	name_decorate_114.name	g1048_item_skysword	g1048_item_skysword.mesh	#	1	ItemSword	emerald	0
3662	name_decorate_115.name	g1048_item_chaossword	g1048_item_chaossword.mesh	#	1	ItemSword	emerald	0
3663	name_decorate_116.name	g1048_item_nightmare_axe	g1048_item_nightmare_axe.mesh	#	1	ItemAxe	#	0
3664	name_decorate_117.name	g1048_item_nightmare_pickaxe	g1048_item_nightmare_pickaxe.mesh	#	1	ItemPickaxe	#	0
3665	name_decorate_118.name	g1048_item_paint_06	g1048_minghua_06.mesh	#	1	ItemCustom	#	0
3666	name_decorate_119.name	g1048_item_paint_07	g1048_minghua_07.mesh	#	1	ItemCustom	#	0
3667	name_decorate_120.name	g1048_item_paint_08	g1048_minghua_08.mesh	#	1	ItemCustom	#	0
3668	name_decorate_121.name	g1048_item_paint_09	g1048_minghua_09.mesh	#	1	ItemCustom	#	0
3669	name_decorate_122.name	g1048_item_paint_10	g1048_minghua_10.mesh	#	1	ItemCustom	#	0
3670	name_decorate_123.name	g1048_item_paint_11	g1048_minghua_11.mesh	#	1	ItemCustom	#	0
3671	name_decorate_124.name	g1048_item_paint_12	g1048_minghua_12.mesh	#	1	ItemCustom	#	0
3672	name_decorate_125.name	g1048_item_paint_13	g1048_minghua_13.mesh	#	1	ItemCustom	#	0
3673	name_decorate_126.name	g1048_item_paint_14	g1048_minghua_14.mesh	#	1	ItemCustom	#	0
3674	name_decorate_127.name	g1048_item_paint_15	g1048_minghua_15.mesh	#	1	ItemCustom	#	0
3675	name_decorate_128.name	g2042_snow_bathroom_toilet	#	#	1	ItemCustom	#	0
3676	name_decorate_129.name	g2042_snow_bathroom_window	#	#	1	ItemCustom	#	0
3677	name_decorate_130.name	g2042_snow_kitchen_chair	#	#	1	ItemCustom	#	0
3678	name_decorate_131.name	g2042_snow_livingroom_carpet	#	#	1	ItemCustom	#	0
3679	name_decorate_132.name	g2042_snow_livingroom_clock	#	#	1	ItemCustom	#	0
3680	name_decorate_133.name	g2042_snow_kitchen_table	#	#	1	ItemCustom	#	0
3681	name_decorate_134.name	g1048_item_ice_pixelart_1	g1048_item_ice_pixelart_1.mesh	#	1	ItemCustom	#	0
3682	name_decorate_135.name	g1048_item_ice_pixelart_2	g1048_item_ice_pixelart_2.mesh	#	1	ItemCustom	#	0
3683	name_decorate_136.name	g1048_item_ice_pixelart_3	g1048_item_ice_pixelart_3.mesh	#	1	ItemCustom	#	0
3684	name_decorate_137.name	g1048_item_ice_event	#	#	9999	ItemCustom	#	0
3685	name_decorate_138.name	g1048_item_icebracelet	#	#	1	ItemArmor	iron&5&g1048_ice_bracelet&armor_ring:g1048_ice_bracelet	0
3686	item.g1048_helmet_miner.name	g1048_suit_miner_head	#	#	1	ItemArmor	iron&0&g1048_miner	0
3687	item.g1048_plate_miner.name	g1048_suit_miner_chest	#	#	1	ItemArmor	iron&1&g1048_miner	0
3688	item.g1048_legs_miner.name	g1048_suit_miner_pants	#	#	1	ItemArmor	iron&2&g1048_miner	0
3689	item.g1048_boots_minern.name	g1048_suit_miner_shoes	#	#	1	ItemArmor	iron&3&g1048_miner	0
3690	item.g1048_cloak_miner.name	g1048_suit_miner_cape	#	#	1	ItemArmor	iron&4&g1048_miner&armor_wing:g1048_miner	0
3691	item.g1048_pickaxe_miner.name	g1048_item_check_pickaxe	g1048_item_check_pickaxe.mesh	g1048_item_check_pickaxe.effect	1	ItemPickaxe	emerald	0
3692	item.g1048_sword_minern.name	g1048_item_check_sword	g1048_item_check_sword.mesh	g1048_item_check_sword.effect	1	ItemSword	emerald	0
3693	item.g1048_helmet_whitewolf.name	g1048_suit_whitewolf_head	#	#	1	ItemArmor	iron&0&g1048_whitewolf	0
3694	item.g1048_plate_whitewolf.name	g1048_suit_whitewolf_armor	#	#	1	ItemArmor	iron&1&g1048_whitewolf	0
3695	item.g1048_legs_whitewolf.name	g1048_suit_whitewolf_pants	#	#	1	ItemArmor	iron&2&g1048_whitewolf	0
3696	item.g1048_boots_whitewolf.name	g1048_suit_whitewolf_shoes	#	#	1	ItemArmor	iron&3&g1048_whitewolf	0
3697	item.g1048_cloak_whitewolf.name	g1048_suit_whitewolf_cape	#	#	1	ItemArmor	iron&4&g1048_whitewolf&armor_wing:g1048_whitewolf	0
3698	name_decorate_139.name	g1048_item_whitewolf_gloves	g1048_item_gloves_whitewolf.mesh	#	1	ItemSword	#	0
3699	name_decorate_140.name	g1048_item_whitewolf_sword	g1048_item_sword_whitewolf.mesh	#	1	ItemSword	#	0
3700	name_decorate_141.name	g1048_item_whitewolf_sawsword	g1048_item_whitewolf_sawsword.mesh	#	1	ItemSword	#	0
3701	name_decorate_142.name	g1048_item_whitewolf_axe	g1048_item_whitewolf_axe.mesh	#	1	ItemAxe	#	0
3702	name_decorate_143.name	g1048_item_whitewolf_pickaxe	g1048_item_whitewolf_pickaxe.mesh	#	1	ItemPickaxe	#	0
3703	name_decorate_144.name	g1048_item_whitewolf_bow	g1048_item_whitewolf_bow.mesh	#	1	ItemBow	#	0
3704	name_decorate_145.name	#	g1048_item_whitewolf_arrow.mesh	#	64	ItemArrow	true&g1048_item_whitewolf_arrow_01.effect	0
3705	name_decorate_146.name	g1048_item_tiger_carpet	#	#	1	ItemCustom	#	0
3706	item.g1048_sword_iceslimeking.name	g1048_suit_iceslimeking_weapon	g1048_dao.mesh	g1008_sword_33.effect	1	ItemSword	emerald	0
3707	item.g1048_helmet_iceslimeking.name	g1048_suit_iceslimeking_head	#	#	1	ItemArmor	iron&0&g1048_iceslimeking	0
3708	item.g1048_plate_iceslimeking.name	g1048_suit_iceslimeking_armor	#	#	1	ItemArmor	iron&1&g1048_iceslimeking	0
3709	item.g1048_legs_iceslimeking.name	g1048_suit_iceslimeking_pants	#	#	1	ItemArmor	iron&2&g1048_iceslimeking	0
3710	item.g1048_boots_iceslimeking.name	g1048_suit_iceslimeking_shoes	#	#	1	ItemArmor	iron&3&g1048_iceslimeking	0
3711	item.g1048_cloak_iceslimeking.name	g1048_suit_iceslimeking_cape	#	#	1	ItemArmor	iron&4&g1048_iceslimeking&armor_wing:g1048_iceslimeking	0
3712	item_material_ice_01.name	g1048_item_material_coldiron	#	#	64	ItemCustom	#	0
3713	item_material_ice_02.name	g1048_item_material_slimegel	#	#	64	ItemCustom	#	0
3714	item_material_ice_03.name	g1048_item_material_icecore	#	#	64	ItemCustom	#	0
3715	name_decorate_147.name	g1048_item_christmas_candle_1	#	#	1	ItemCustom	#	0
3716	name_decorate_148.name	g1048_item_christmas_candle_2	#	#	1	ItemCustom	#	0
3717	name_decorate_149.name	g1048_item_christmas_candycane	#	#	1	ItemCustom	#	0
3718	name_decorate_150.name	g1048_item_christmas_door	#	#	1	ItemCustom	#	0
3719	name_decorate_151.name	g1048_item_christmas_giftbox	#	#	1	ItemCustom	#	0
3720	name_decorate_152.name	g1048_item_christmas_gnome_1	#	#	1	ItemCustom	#	0
3721	name_decorate_153.name	g1048_item_christmas_gnome_2	#	#	1	ItemCustom	#	0
3722	name_decorate_154.name	g1048_item_christmas_sled	#	#	1	ItemCustom	#	0
3723	name_decorate_155.name	g1048_item_christmas_tree_1	#	#	1	ItemCustom	#	0
3724	name_decorate_156.name	g1048_item_christmas_tree_2	#	#	1	ItemCustom	#	0
3725	name_decorate_157.name	g1048_item_christmas_billboard	#	#	1	ItemCustom	#	0
3726	name_decorate_158.name	g1048_item_christmas_sword_tree	g1048_item_christmas_sword_tree.mesh	#	1	ItemSword	emerald	0
3727	name_decorate_159.name	g1048_item_christmas_sword_candy	g1048_item_christmas_sword_candy.mesh	#	1	ItemSword	emerald	0
3728	name_decorate_160.name	g1048_suit_zodiac_head	#	#	1	ItemArmor	iron&0&g1048_zodiac	0
3729	name_decorate_161.name	g1048_suit_zodiac_armor	#	#	1	ItemArmor	iron&1&g1048_zodiac	0
3730	name_decorate_162.name	g1048_suit_zodiac_pants	#	#	1	ItemArmor	iron&2&g1048_zodiac	0
3731	name_decorate_163.name	g1048_suit_zodiac_shoes	#	#	1	ItemArmor	iron&3&g1048_zodiac	0
3732	name_decorate_164.name	g1048_suit_zodiac_cape	#	#	1	ItemArmor	iron&4&g1048_zodiac&armor_wing:g1048_zodiac	0
3733	name_decorate_165.name	g1048_zodiac_sword_taurus	g1048_zodiac_sword_taurus.mesh	g1048_zodiac_sword.effect	1	ItemSword	emerald	0
3734	name_decorate_166.name	g1048_zodiac_bow_sagittarius	g1048_zodiac_bow_sagittarius.mesh	#	1	ItemBow	#	0
3735	name_decorate_167.name	g1048_item_christmas_sword_candy	g1048_zodiac_arrow_sagittarius.mesh	#	64	ItemArrow	true&g1048_item_zodiac_arrow_01.effect	0
3736	name_decorate_168.name	g1048_zodiac_sword_aries	g1048_zodiac_sword_aries.mesh	#	1	ItemSword	emerald	0
3737	name_decorate_169.name	g1048_zodiac_sword_scorpio	g1048_zodiac_sword_scorpio.mesh	#	1	ItemSword	emerald	0
3738	name_decorate_170.name	g1048_zodiac_axe	g1048_zodiac_axe.mesh	#	1	ItemPickaxe	emerald	0
3739	name_decorate_171.name	g1048_zodiac_pickaxe	g1048_zodiac_pickaxe.mesh	#	1	ItemPickaxe	emerald	0
3740	name_decorate_172.name	g1048_zodiac_decorate_aquarius	#	#	1	ItemCustom	#	0
3741	name_decorate_173.name	g1048_zodiac_ring_cancer	#	#	1	ItemArmor	iron&5&g1048_ice_bracelet&armor_ring:g1048_ice_bracelet	0
3742	name_decorate_174.name	g1048_suit_angel_head	#	#	1	ItemArmor	iron&0&g1048_angel	0
3743	name_decorate_175.name	g1048_suit_angel_armor	#	#	1	ItemArmor	iron&1&g1048_angel	0
3744	name_decorate_176.name	g1048_suit_angel_pants	#	#	1	ItemArmor	iron&2&g1048_angel	0
3745	name_decorate_177.name	g1048_suit_angel_shoes	#	#	1	ItemArmor	iron&3&g1048_angel	0
3746	name_decorate_178.name	g1048_suit_angel_cape	#	#	1	ItemArmor	iron&4&g1048_angel&armor_wing:g1048_angel	0
3747	name_decorate_179.name	g1048_angel_sword	g1048_pass_angel_sword.mesh	g1048_pass_angel_sword.effect	1	ItemSword	emerald	0
3748	name_decorate_180.name	g1048_angel_bow	g1048_angel_bow.mesh	#	1	ItemBow	#	0
3749	name_decorate_181.name	#	g1048_angel_arrow.mesh	#	64	ItemArrow	true&g1048_angel_arrow.effect	0
3750	name_decorate_182.name	g1048_angel_sword_knife	g1048_daozi.mesh	#	1	ItemSword	emerald	0
3751	name_decorate_183.name	g1048_angel_sword_fork	g1048_chazi.mesh	#	1	ItemSword	emerald	0
3752	name_decorate_184.name	g1048_angel_axe	g1048_angel_axe.mesh	#	1	ItemPickaxe	emerald	0
3753	name_decorate_185.name	g1048_angel_pickaxe	g1048_angel_pickaxe.mesh	#	1	ItemPickaxe	emerald	0
3754	name_decorate_186.name	g1048_angel_photo_board	#	#	1	ItemCustom	#	0
3755	name_decorate_187.name	g1048_angel_ring	#	#	1	ItemArmor	iron&5&g1048_angel&armor_ring:g1048_angel	0
3756	name_decorate_188.name	g1048_rose_sword	g1048_rose_sword.mesh	g1048_rose_sword.effect	1	ItemSword	emerald	0
3757	Skyblock_Dev	g1048_dev	#	#	1	ItemArmor	iron&6	0
3758	name_decorate_189.name	g1048_suit_forest_head	#	#	1	ItemArmor	iron&0&g1048_forest	0
3759	name_decorate_190.name	g1048_suit_forest_armor	#	#	1	ItemArmor	iron&1&g1048_forest	0
3760	name_decorate_191.name	g1048_suit_forest_pants	#	#	1	ItemArmor	iron&2&g1048_forest	0
3761	name_decorate_192.name	g1048_suit_forest_shoes	#	#	1	ItemArmor	iron&3&g1048_forest	0
3762	name_decorate_193.name	g1048_suit_forest_cape	#	#	1	ItemArmor	iron&4&g1048_forest&armor_wing:g1048_forest	0
3763	name_decorate_194.name	g1048_forest_sword	g1048_forest_sword_1.mesh	g1048_forest_swordfire.effect	1	ItemSword	emerald	0
3764	name_decorate_195.name	g1048_forest_bow	g1048_forest_bow.mesh	#	1	ItemBow	emerald	0
3765	name_decorate_196.name	#	#	#	64	ItemArrow	true&g1048_forest_arrow.effect	0
3766	name_decorate_197.name	g1048_forest_vinesword	g1048_forest_vinesword.mesh	#	1	ItemSword	emerald	0
3767	name_decorate_198.name	g1048_forest_flowersword	g1048_forest_flowersword.mesh	#	1	ItemSword	emerald	0
3768	name_decorate_199.name	g1048_forest_axe	g1048_forest_axe.mesh	#	1	ItemPickaxe	emerald	0
3769	name_decorate_200.name	g1048_forest_pickaxe	g1048_forest_pickaxe.mesh	#	1	ItemPickaxe	emerald	0
3770	name_decorate_201.name	g1048_forest_jackbeans	#	#	1	ItemCustom	emerald	0
3771	name_decorate_202.name	g1048_april_foolsday_sword	#	#	1	ItemSword	emerald	0
3772	name_decorate_203.name	g1048_fools_carrotIron	g1048_carrot.mesh	#	1	ItemSword	emerald	0
3773	name_decorate_204.name	g1048_fools_ring	#	#	1	ItemArmor	iron&5&g1048_rabbit&armor_ring:g1048_rabbit	0
3774	name_decorate_205.name	g1048_foolshead_boy	#	#	1	ItemArmor	iron&0&g1048_fools_boy	0
3775	name_decorate_206.name	g1048_foolshead_girl	#	#	1	ItemArmor	iron&0&g1048_fools_girl	0
3776	name_decorate_207.name	g1048_easter_egg_01	#	#	1	ItemCustom	#	0
3777	name_decorate_208.name	g1048_easter_egg_02	#	#	1	ItemCustom	#	0
3778	name_decorate_209.name	g1048_easter_egg_03	#	#	1	ItemCustom	#	0
3779	name_decorate_210.name	g1048_easter_egg_04	#	#	1	ItemCustom	#	0
3780	name_decorate_211.name	g1048_easter_egg_05	#	#	1	ItemCustom	#	0
3781	name_decorate_212.name	g1048_fools_ggcube	#	#	9999	ItemCustom	#	0
3782	name_decorate_213.name	book_written	#	#	64	ItemCustom	#	0
3783	name_decorate_214.name	g1048_april_foolsday_4axe	#	#	1	ItemPickaxe	emerald	0
3784	name_decorate_215.name	g1048_flame_head	#	#	1	ItemArmor	iron&0&g1048_flame	0
3785	name_decorate_216.name	g1048_flame_armor	#	#	1	ItemArmor	iron&1&g1048_flame	0
3786	name_decorate_217.name	g1048_flame_pants	#	#	1	ItemArmor	iron&2&g1048_flame	0
3787	name_decorate_218.name	g1048_flame_shoes	#	#	1	ItemArmor	iron&3&g1048_flame	0
3788	name_decorate_219.name	g1048_flame_wing	#	#	1	ItemArmor	iron&4&g1048_flame&armor_wing:g1048_flame	0
3789	name_decorate_220.name	g1048_flame_sword	g1048_flame_sword.mesh	g1048_flame_sword.effect	1	ItemSword	emerald	0
3790	name_decorate_221.name	g1048_flame_bow	g1048_flame_bow.mesh	#	1	ItemBow	emerald	0
3791	name_decorate_222.name	#	g1048_flame_arrow.mesh	#	64	ItemArrow	true&g1048_flame_arrow.effect	0
3792	name_decorate_223.name	g1048_flame_knife_1	g1048_flame_knife.mesh	#	1	ItemSword	emerald	0
3793	name_decorate_224.name	g1048_flame_knife_2	g1048_flame_sword_1.mesh	#	1	ItemSword	emerald	0
3794	name_decorate_225.name	g1048_flame_axe	g1048_flame_axe.mesh	#	1	ItemPickaxe	emerald	0
3795	name_decorate_226.name	g1048_flame_pickaxe	g1048_flame_pickaxe.mesh	#	1	ItemPickaxe	emerald	0
3796	name_decorate_227.name	g1048_flame_decorate_2	#	#	1	ItemCustom	emerald	0
3797	item.g1048_helmet_easter.name	g1048_suit_skullking_head	#	#	1	ItemArmor	iron&0&g1048_skullking	0
3798	item.g1048_plate_easter.name	g1048_suit_skullking_armor	#	#	1	ItemArmor	iron&1&g1048_skullking	0
3799	item.g1048_legs_easter.name	g1048_suit_skullking_pants	#	#	1	ItemArmor	iron&2&g1048_skullking	0
3800	item.g1048_boots_easter.name	g1048_suit_skullking_shoes	#	#	1	ItemArmor	iron&3&g1048_skullking	0
3801	item.g1048_cloak_easter.name	g1048_suit_skullking_wing	#	#	1	ItemArmor	iron&4&g1048_skullking&armor_wing:g1048_skullking	0
3802	item.g1048_sword_easter.name	g1048_suit_skullking_sword	g1048_skull_king_sword.mesh	#	1	ItemSword	emerald	0
3803	item_material_easter_01.name	g1048_item_material_boneingot	#	#	64	ItemCustom	#	0
3804	item_material_easter_02.name	g1048_item_material_skullhead	#	#	64	ItemCustom	#	0
3805	item_material_easter_03.name	g1048_item_material_darksoul	#	#	64	ItemCustom	#	0
3806	item_gem_easter_1.name	g1048_gem_1	#	#	1	ItemCustom	#	0
3807	item_gem_easter_2.name	g1048_gem_2	#	#	1	ItemCustom	#	0
3808	item_gem_easter_3.name	g1048_gem_3	#	#	1	ItemCustom	#	0
3809	item.g1048_helmet_death.name	g1048_suit_death_head	#	#	1	ItemArmor	iron&0&g1048_death	0
3810	item.g1048_plate_death.name	g1048_suit_death_armor	#	#	1	ItemArmor	iron&1&g1048_death	0
3811	item.g1048_legs_death.name	g1048_suit_death_pants	#	#	1	ItemArmor	iron&2&g1048_death	0
3812	item.g1048_boots_death.name	g1048_suit_death_shoes	#	#	1	ItemArmor	iron&3&g1048_death	0
3813	item.g1048_cloak_death.name	g1048_suit_death_wing	#	#	1	ItemArmor	iron&4&g1048_death&armor_wing:g1048_death	0
3814	name_decorate_228.name	g1048_suit_shadow_head	#	#	1	ItemArmor	iron&0&g1048_shadow	0
3815	name_decorate_229.name	g1048_suit_shadow_armor	#	#	1	ItemArmor	iron&1&g1048_shadow	0
3816	name_decorate_230.name	g1048_suit_shadow_pants	#	#	1	ItemArmor	iron&2&g1048_shadow	0
3817	name_decorate_231.name	g1048_suit_shadow_shoes	#	#	1	ItemArmor	iron&3&g1048_shadow	0
3818	name_decorate_232.name	g1048_suit_shadow_wing	#	#	1	ItemArmor	iron&4&g1048_shadow&armor_wing:g1048_shadow	0
3819	name_decorate_233.name	g1048_shadow_sword_1	g1048_shadow_sword_1.mesh	g1048_shadow_sword.effect	1	ItemSword	emerald	0
3820	name_decorate_234.name	g1048_shadow_sword_2	g1048_shadow_sword_2.mesh	#	1	ItemSword	emerald	0
3821	name_decorate_235.name	g1048_shadow_sword_3	g1048_shadow_sword_3.mesh	#	1	ItemSword	emerald	0
3822	name_decorate_236.name	g1048_shadow_bow	g1048_shadow_bow.mesh	g1048_shadow_bow.effect	1	ItemBow	emerald	0
3823	name_decorate_237.name	#	#	#	64	ItemArrow	true&g1048_shadow_arrow.effect	0
3824	name_decorate_238.name	g1048_shadow_axe	g1048_shadow_axe.mesh	#	1	ItemPickaxe	emerald	0
3825	name_decorate_239.name	g1048_shadow_pickaxe	g1048_shadow_pickaxe.mesh	#	1	ItemPickaxe	emerald	0
3826	name_decorate_240.name	g1048_shadow_decorate	#	#	1	ItemCustom	emerald	0
3827	name_decorate_241.name	g1048_design_01	#	#	1	ItemSword	emerald	0
3828	name_decorate_242.name	g1048_design_02	#	#	1	ItemSword	emerald	0
3829	name_decorate_243.name	g1048_design_03	#	#	1	ItemSword	emerald	0
3830	name_decorate_244.name	g1048_design_04	#	#	1	ItemSword	emerald	0
3831	name_decorate_245.name	g1048_wings_butterfly	#	#	1	ItemArmor	iron&4&g1048_butterfly&armor_wing:g1048_butterfly	0
3832	name_decorate_246.name	g1048_piratehat	#	#	1	ItemArmor	iron&0&g1048_pirate	0
3833	name_decorate_247.name	g1048_suit_paladin_head	#	#	1	ItemArmor	iron&0&g1048_paladin	0
3834	name_decorate_248.name	g1048_suit_paladin_armor	#	#	1	ItemArmor	iron&1&g1048_paladin	0
3835	name_decorate_249.name	g1048_suit_paladin_pants	#	#	1	ItemArmor	iron&2&g1048_paladin	0
3836	name_decorate_250.name	g1048_suit_paladin_shoes	#	#	1	ItemArmor	iron&3&g1048_paladin	0
3837	name_decorate_251.name	g1048_suit_paladin_wing	#	#	1	ItemArmor	iron&4&g1048_paladin&armor_wing:g1048_paladin	0
3838	name_decorate_252.name	g1048_paladin_sword_1	g1048_paladin_weapon.mesh	g1048_paladin_weapon.effect	1	ItemSword	emerald	0
3839	name_decorate_253.name	g1048_paladin_sword_2	g1048_paladin_weapon_1.mesh	#	1	ItemSword	emerald	0
3840	name_decorate_254.name	g1048_paladin_sword_3	g1048_paladin_weapon_2.mesh	#	1	ItemSword	emerald	0
3841	name_decorate_255.name	g1048_paladin_bow	g1048_paladin_bow.mesh	g1048_paladin_bow.effect	1	ItemBow	emerald	0
3842	name_decorate_256.name	#	#	#	64	ItemArrow	true&g1048_paladin_arrow.effect	0
3843	name_decorate_257.name	g1048_paladin_axe	g1048_paladin_axe.mesh	#	1	ItemPickaxe	emerald	0
3844	name_decorate_258.name	g1048_paladin_pickaxe	g1048_paladin_pickaxe.mesh	#	1	ItemPickaxe	emerald	0
3845	name_decorate_259.name	g1048_paladin_decorate	#	#	1	ItemCustom	emerald	0
3846	item_star_material.name	g1048_item_strengthen_ore	#	#	9999	ItemCustom	#	0
3847	item_star_reset1_0.name	g1048_item_armor_refined_grey	#	#	64	ItemCustom	#	0
3848	item_star_reset1_1.name	g1048_item_armor_refined_green	#	#	64	ItemCustom	#	0
3849	item_star_reset1_2.name	g1048_item_armor_refined_red	#	#	64	ItemCustom	#	0
3850	item_star_reset1_3.name	g1048_item_armor_refined_yellow	#	#	64	ItemCustom	#	0
3851	item_star_reset2_0.name	g1048_item_weapon_refined_grey	#	#	64	ItemCustom	#	0
3852	item_star_reset2_1.name	g1048_item_weapon_refined_green	#	#	64	ItemCustom	#	0
3853	item_star_reset2_2.name	g1048_item_weapon_refined_red	#	#	64	ItemCustom	#	0
3854	item_star_reset2_3.name	g1048_item_weapon_refined_yellow	#	#	64	ItemCustom	#	0
3855	name_decorate_260.name	g1048_suit_aquaman_head	#	#	1	ItemArmor	iron&0&g1048_aquaman	0
3856	name_decorate_261.name	g1048_suit_aquaman_armor	#	#	1	ItemArmor	iron&1&g1048_aquaman	0
3857	name_decorate_262.name	g1048_suit_aquaman_pants	#	#	1	ItemArmor	iron&2&g1048_aquaman	0
3858	name_decorate_263.name	g1048_suit_aquaman_shoes	#	#	1	ItemArmor	iron&3&g1048_aquaman	0
3859	name_decorate_264.name	g1048_suit_aquaman_wing	#	#	1	ItemArmor	iron&4&g1048_aquaman&armor_wing:g1048_aquaman	0
3860	name_decorate_265.name	g1048_wings_crystal	#	#	1	ItemArmor	iron&4&g1048_crystal&armor_wing:g1048_crystal	0
3861	name_decorate_266.name	g1048_suit_aerospace_head	#	#	1	ItemArmor	iron&0&g1048_aerospace	0
3862	name_decorate_267.name	g1048_suit_aerospace_armor	#	#	1	ItemArmor	iron&1&g1048_aerospace	0
3863	name_decorate_268.name	g1048_suit_aerospace_pants	#	#	1	ItemArmor	iron&2&g1048_aerospace	0
3864	name_decorate_269.name	g1048_suit_aerospace_shoes	#	#	1	ItemArmor	iron&3&g1048_aerospace	0
3865	name_decorate_270.name	g1048_suit_aerospace_wing	#	#	1	ItemArmor	iron&4&g1048_aerospace&armor_wing:g1048_aerospace	0
3866	name_decorate_271.name	g1048_aerospace_sword_1	g1048_aerospace_weapon_1.mesh	g1048_aerospace_weapon_1.effect	1	ItemSword	emerald	0
3867	name_decorate_272.name	g1048_aerospace_sword_2	g1048_aerospace_weapon_2.mesh	#	1	ItemSword	emerald	0
3868	name_decorate_273.name	g1048_aerospace_sword_3	g1048_aerospace_weapon_3.mesh	#	1	ItemSword	emerald	0
3869	name_decorate_274.name	g1048_aerospace_bow	g1048_aerospace_bow.mesh	g1048_aerospace_bow.effect	1	ItemBow	emerald	0
3870	name_decorate_275.name	#	#	#	64	ItemArrow	true&g1048_aerospace_arrow.effect	0
3871	name_decorate_276.name	g1048_aerospace_axe	g1048_aerospace_axe.mesh	#	1	ItemPickaxe	emerald	0
3872	name_decorate_277.name	g1048_aerospace_pickaxe	g1048_aerospace_pickaxe.mesh	#	1	ItemPickaxe	emerald	0
3873	name_decorate_278.name	g1048_aerospace_decorate	#	#	1	ItemCustom	emerald	0
3874	name_decorate_279.name	g1048_wings_butterfly_shining	#	#	1	ItemArmor	iron&4&g1048_butterfly_shining&armor_wing:g1048_butterfly_shining	0
3875	name_decorate_280.name	g1048_wings_crystal_shining	#	#	1	ItemArmor	iron&4&g1048_crystal_shining&armor_wing:g1048_crystal_shining	0
3876	name_decorate_281.name	g1048_suit_steampunk_head	#	#	1	ItemArmor	iron&0&g1048_steampunk	0
3877	name_decorate_282.name	g1048_suit_steampunk_armor	#	#	1	ItemArmor	iron&1&g1048_steampunk	0
3878	name_decorate_283.name	g1048_suit_steampunk_pants	#	#	1	ItemArmor	iron&2&g1048_steampunk	0
3879	name_decorate_284.name	g1048_suit_steampunk_shoes	#	#	1	ItemArmor	iron&3&g1048_steampunk	0
3880	name_decorate_285.name	g1048_suit_steampunk_wing	#	#	1	ItemArmor	iron&4&g1048_steampunk&armor_wing:g1048_steampunk	0
3881	name_decorate_286.name	g1048_steampunk_sword_1	g1048_steampunk_weapon_1.mesh	g1048_steampunk_weapon_1.effect	1	ItemSword	emerald	0
3882	name_decorate_287.name	g1048_steampunk_sword_2	g1048_steampunk_weapon_2.mesh	#	1	ItemSword	emerald	0
3883	name_decorate_288.name	g1048_steampunk_sword_3	g1048_steampunk_weapon_3.mesh	#	1	ItemSword	emerald	0
3884	name_decorate_289.name	g1048_steampunk_bow	g1048_steampunk_bow.mesh	g1048_steampunk_bow_pulling_02.effect	1	ItemBow	emerald	0
3885	name_decorate_290.name	#	#	g1048_steampunk_arrow.effect	64	ItemArrow	true&g1048_steampunk_arrow.effect	0
3886	name_decorate_291.name	g1048_steampunk_axe	g1048_steampunk_axe.mesh	#	1	ItemPickaxe	emerald	0
3887	name_decorate_292.name	g1048_steampunk_pickaxe	g1048_steampunk_pickaxe.mesh	#	1	ItemPickaxe	emerald	0
3888	name_decorate_293.name	g1048_steampunk_decorate	#	#	1	ItemCustom	emerald	0
3889	name_decorate_294.name	g1048_shield_steampunk	#	#	1	ItemArmor	iron&5&g1048_steampunk_shield&armor_ring:g1048_steampunk_shield	0
3890	item_star_reset1_4.name	g1048_item_armor_refined_purple	#	#	64	ItemCustom	#	0
3891	item_star_reset2_4.name	g1048_item_weapon_refined_purple	#	#	64	ItemCustom	#	0
3892	item_star_reset1_5.name	g1048_item_armor_refined_blue	#	#	64	ItemCustom	#	0
3893	item_star_reset2_5.name	g1048_item_weapon_refined_blue	#	#	64	ItemCustom	#	0
2076	item_transform_1.name	g1048_transform_001	#	#	1	ItemCustom	#	0
2077	item_transform_2.name	g1048_transform_002	#	#	1	ItemCustom	#	0
2078	item_transform_3.name	g1048_transform_999	#	#	1	ItemCustom	#	0
3894	name_decorate_295.name	g1048_suit_zeus_head	#	#	1	ItemArmor	iron&0&g1048_zeus	0
3895	name_decorate_296.name	g1048_suit_zeus_armor	#	#	1	ItemArmor	iron&1&g1048_zeus	0
3896	name_decorate_297.name	g1048_suit_zeus_pants	#	#	1	ItemArmor	iron&2&g1048_zeus	0
3897	name_decorate_298.name	g1048_suit_zeus_shoes	#	#	1	ItemArmor	iron&3&g1048_zeus	0
3898	name_decorate_299.name	g1048_suit_zeus_wing	#	#	1	ItemArmor	iron&4&g1048_zeus&armor_wing:g1048_zeus	0
3899	name_decorate_300.name	g1048_suit_zeus_sword_1	g1048_zeus_weapon_1.mesh	g1048_zeus_weapon_1.effect	1	ItemSword	emerald	0
3900	name_decorate_301.name	g1048_suit_zeus_sword_2	g1048_zeus_weapon_2.mesh	g1048_zeus_weapon_2.effect	1	ItemSword	emerald	0
3901	name_decorate_302.name	g1048_lottery_box	#	#	1	ItemCustom	#	0
3902	name_decorate_303.name	g1048_suit_egypt_head	#	#	1	ItemArmor	iron&0&g1048_egypt	0
3903	name_decorate_304.name	g1048_suit_egypt_armor	#	#	1	ItemArmor	iron&1&g1048_egypt	0
3904	name_decorate_305.name	g1048_suit_egypt_pants	#	#	1	ItemArmor	iron&2&g1048_egypt	0
3905	name_decorate_306.name	g1048_suit_egypt_shoes	#	#	1	ItemArmor	iron&3&g1048_egypt	0
3906	name_decorate_307.name	g1048_suit_egypt_wing	#	#	1	ItemArmor	iron&4&g1048_egypt&armor_wing:g1048_egypt	0
3907	name_decorate_308.name	g1048_egypt_sword_1	g1048_egypt_weapon_1.mesh	g1048_egypt_weapon_1.effect	1	ItemSword	emerald	0
3908	name_decorate_309.name	g1048_egypt_sword_2	g1048_egypt_weapon_2.mesh	#	1	ItemSword	emerald	0
3909	name_decorate_310.name	g1048_egypt_sword_3	g1048_egypt_weapon_3.mesh	#	1	ItemSword	emerald	0
3910	name_decorate_311.name	g1048_egypt_bow	g1048_egypt_bow.mesh	g1048_egypt_bow.effect	1	ItemBow	emerald	0
3911	name_decorate_312.name	#	#	g1048_egypt_arrow.effect	64	ItemArrow	true&g1048_egypt_arrow.effect	0
3912	name_decorate_313.name	g1048_egypt_axe	g1048_egypt_axe.mesh	#	1	ItemPickaxe	emerald	0
3913	name_decorate_314.name	g1048_egypt_pickaxe	g1048_egypt_pickaxe.mesh	#	1	ItemPickaxe	emerald	0
3914	name_decorate_315.name	g1048_egypt_decorate	#	#	1	ItemCustom	emerald	0
3915	item_material_goblin_01.name	g1048_item_material_3_1	#	#	64	ItemCustom	#	0
3916	item_material_goblin_02.name	g1048_item_material_3_2	#	#	64	ItemCustom	#	0
3917	item_material_goblin_03.name	g1048_item_material_3_3	#	#	64	ItemCustom	#	0
3918	item_material_goblin_coin.name	g1048_fools_ggcube	#	#	9999	ItemCustom	#	0
3919	name_decorate_316.name	g1048_suit_goblin_head	#	#	1	ItemArmor	iron&0&g1048_goblin	0
3920	name_decorate_317.name	g1048_suit_goblin_armor	#	#	1	ItemArmor	iron&1&g1048_goblin	0
3921	name_decorate_318.name	g1048_suit_goblin_pants	#	#	1	ItemArmor	iron&2&g1048_goblin	0
3922	name_decorate_319.name	g1048_suit_goblin_shoes	#	#	1	ItemArmor	iron&3&g1048_goblin	0
3923	name_decorate_320.name	g1048_suit_goblin_wing	#	#	1	ItemArmor	iron&4&g1048_goblin&armor_wing:g1048_goblin	0
3924	name_decorate_321.name	g1048_suit_goblinking_head	#	#	1	ItemArmor	iron&0&g1048_goblin_king	0
3925	name_decorate_322.name	g1048_suit_goblinking_armor	#	#	1	ItemArmor	iron&1&g1048_goblin_king	0
3926	name_decorate_323.name	g1048_suit_goblinking_pants	#	#	1	ItemArmor	iron&2&g1048_goblin_king	0
3927	name_decorate_324.name	g1048_suit_goblinking_shoes	#	#	1	ItemArmor	iron&3&g1048_goblin_king	0
3928	name_decorate_325.name	g1048_suit_goblinking_wing	#	#	1	ItemArmor	iron&4&g1048_goblin_king&armor_wing:g1048_goblin_king	0
3929	name_decorate_326.name	g1048_pass_anniversary	#	#	1	ItemArmor	iron&6	0
3930	name_decorate_327.name	g1048_suit_vampire_head	#	#	1	ItemArmor	iron&0&g1048_vampire	0
3931	name_decorate_328.name	g1048_suit_vampire_armor	#	#	1	ItemArmor	iron&1&g1048_vampire	0
3932	name_decorate_329.name	g1048_suit_vampire_pants	#	#	1	ItemArmor	iron&2&g1048_vampire	0
3933	name_decorate_330.name	g1048_suit_vampire_shoes	#	#	1	ItemArmor	iron&3&g1048_vampire	0
3934	name_decorate_331.name	g1048_suit_vampire_wing	#	#	1	ItemArmor	iron&4&g1048_vampire&armor_wing:g1048_vampire	0
3935	name_decorate_332.name	g1048_vampire_sword_1	g1048_vampire_weapon_1.mesh	g1048_vampire_weapon_1.effect	1	ItemSword	emerald	0
3936	name_decorate_333.name	g1048_vampire_sword_2	g1048_vampire_weapon_2.mesh	#	1	ItemSword	emerald	0
3937	name_decorate_334.name	g1048_vampire_sword_3	g1048_vampire_weapon_3.mesh	#	1	ItemSword	emerald	0
3938	name_decorate_335.name	g1048_vampire_bow	g1048_vampire_bow.mesh	g1048_vampire_bow.effect	1	ItemBow	emerald	0
3939	name_decorate_336.name	#	#	g1048_vampire_arrow.effect	64	ItemArrow	true&g1048_vampire_arrow.effect	0
3940	name_decorate_337.name	g1048_vampire_axe	g1048_vampire_axe.mesh	#	1	ItemPickaxe	emerald	0
3941	name_decorate_338.name	g1048_vampire_pickaxe	g1048_vampire_pickaxe.mesh	#	1	ItemPickaxe	emerald	0
3942	name_decorate_339.name	g1048_vampire_decorate	#	#	1	ItemCustom	emerald	0
3943	name_fish_01.name	g1048_show_fish_01	#	#	64	ItemCustom	emerald	0
3944	name_fish_02.name	g1048_show_fish_02	#	#	64	ItemCustom	emerald	0
3945	name_fish_03.name	g1048_show_fish_03	#	#	64	ItemCustom	emerald	0
3946	name_fish_04.name	g1048_show_fish_04	#	#	64	ItemCustom	emerald	0
3947	name_fish_05.name	g1048_show_fish_05	#	#	64	ItemCustom	emerald	0
3948	name_fish_06.name	g1048_show_fish_06	#	#	64	ItemCustom	emerald	0
3949	name_fish_07.name	g1048_show_fish_07	#	#	64	ItemCustom	emerald	0
3950	name_fish_08.name	g1048_show_fish_08	#	#	64	ItemCustom	emerald	0
3951	name_fish_09.name	g1048_show_fish_09	#	#	64	ItemCustom	emerald	0
3952	name_fish_10.name	g1048_show_fish_10	#	#	64	ItemCustom	emerald	0
3953	name_fish_11.name	g1048_show_fish_11	#	#	64	ItemCustom	emerald	0
3954	name_fish_12.name	g1048_show_fish_12	#	#	64	ItemCustom	emerald	0
3955	name_fish_13.name	g1048_show_fish_13	#	#	64	ItemCustom	emerald	0
3956	name_fish_14.name	g1048_show_fish_14	#	#	64	ItemCustom	emerald	0
3957	name_fish_15.name	g1048_show_fish_15	#	#	64	ItemCustom	emerald	0
3958	name_fish_16.name	g1048_show_fish_16	#	#	64	ItemCustom	emerald	0
3959	name_fish_17.name	g1048_show_fish_17	#	#	64	ItemCustom	emerald	0
3960	name_fish_18.name	g1048_show_fish_18	#	#	64	ItemCustom	emerald	0
3961	name_fish_19.name	g1048_show_fish_19	#	#	64	ItemCustom	emerald	0
3962	name_fish_20.name	g1048_show_fish_20	#	#	64	ItemCustom	emerald	0
3963	name_fish_21.name	g1048_show_fish_21	#	#	1	ItemCustom	emerald	0
3964	name_fish_22.name	g1048_show_fish_22	#	#	1	ItemCustom	emerald	0
3965	name_fish_23.name	g1048_show_fish_23	#	#	1	ItemCustom	emerald	0
3966	name_fish_24.name	g1048_show_fish_24	#	#	1	ItemCustom	emerald	0
3967	name_fish_25.name	g1048_show_fish_25	#	#	1	ItemCustom	emerald	0
3968	name_fish_26.name	g1048_show_fish_26	#	#	1	ItemCustom	emerald	0
3969	name_fish_27.name	g1048_show_fish_27	#	#	1	ItemCustom	emerald	0
3970	name_fish_28.name	g1048_show_fish_28	#	#	1	ItemCustom	emerald	0
3971	name_fishing_bait_1.name	g1048_fishing_bait_1	#	#	64	ItemCustom	emerald	0
3972	name_fishing_bait_2.name	g1048_fishing_bait_2	#	#	64	ItemCustom	emerald	0
3973	name_fishing_bait_3.name	g1048_fishing_bait_3	#	#	64	ItemCustom	emerald	0
3974	name_fishing_bait_4.name	g1048_fishing_bait_4	#	#	64	ItemCustom	emerald	0
3975	name_fishing_bait_5.name	g1048_fishing_bait_5	#	#	64	ItemCustom	emerald	0
3976	name_food_01.name	g1048_food_grilled_fish	#	#	64	ItemFood	0&0&false&true	0
3977	name_food_02.name	g1048_food_fries	#	#	64	ItemFood	0&0&false&true	0
3978	name_food_03.name	g1048_food_grilled_corn	#	#	64	ItemFood	0&0&false&true	0
3979	name_food_04.name	g1048_food_shrimp_balls	#	#	64	ItemFood	0&0&false&true	0
3980	name_food_05.name	g1048_food_crab_claws	#	#	64	ItemFood	0&0&false&true	0
3981	name_food_06.name	g1048_food_strawberry_milkshake	#	#	64	ItemFood	0&0&false&true	0
3982	name_food_07.name	g1048_food_tuna_taco	#	#	64	ItemFood	0&0&false&true	0
3983	name_food_08.name	g1048_food_tuna_sashimi	#	#	64	ItemFood	0&0&false&true	0
3984	name_food_09.name	g1048_food_octopus_soup	#	#	64	ItemFood	0&0&false&true	0
3985	name_food_10.name	g1048_food_vegetable_soup	#	#	64	ItemFood	0&0&false&true	0
3986	name_food_11.name	g1048_food_shrimp_dumplings	#	#	64	ItemFood	0&0&false&true	0
3987	name_food_12.name	g1048_food_golden_crab	#	#	64	ItemFood	0&0&false&true	0
3988	name_food_13.name	g1048_food_boiled_fish	#	#	64	ItemFood	0&0&false&true	0
3989	name_food_14.name	g1048_food_grilled_squid	#	#	64	ItemFood	0&0&false&true	0
3990	name_food_15.name	g1048_food_strawberry_cake	#	#	64	ItemFood	0&0&false&true	0
3991	name_food_16.name	g1048_food_seafood_soup	#	#	64	ItemFood	0&0&false&true	0
3992	name_food_17.name	g1048_food_seafood_pasta	#	#	64	ItemFood	0&0&false&true	0
3993	name_food_18.name	g1048_food_sashimi_platter	#	#	64	ItemFood	0&0&false&true	0
3994	name_food_19.name	bread	#	#	64	ItemFood	0&0&false&true	0
3995	name_decorate_340.name	g1048_suit_hades_head	#	#	1	ItemArmor	iron&0&g1048_hades	0
3996	name_decorate_341.name	g1048_suit_hades_armor	#	#	1	ItemArmor	iron&1&g1048_hades	0
3997	name_decorate_342.name	g1048_suit_hades_pants	#	#	1	ItemArmor	iron&2&g1048_hades	0
3998	name_decorate_343.name	g1048_suit_hades_shoes	#	#	1	ItemArmor	iron&3&g1048_hades	0
3999	name_decorate_344.name	g1048_suit_hades_wing	#	#	1	ItemArmor	iron&4&g1048_hades&armor_wing:g1048_hades	0
1258	name_decorate_345.name	g1048_suit_hades_sword_1	g1048_hades_weapon_1.mesh	g1048_hades_weapon_1.effect	1	ItemSword	emerald	0
1259	name_decorate_346.name	g1048_suit_hades_sword_2	g1048_hades_weapon_2.mesh	g1048_hades_weapon_2_03.effect	1	ItemSword	emerald	0
1260	name_decorate_347.name	g1048_suit_warrior_head	#	#	1	ItemArmor	iron&0&g1048_warrior	0
1261	name_decorate_348.name	g1048_suit_warrior_armor	#	#	1	ItemArmor	iron&1&g1048_warrior	0
1262	name_decorate_349.name	g1048_suit_warrior_pants	#	#	1	ItemArmor	iron&2&g1048_warrior	0
1263	name_decorate_350.name	g1048_suit_warrior_shoes	#	#	1	ItemArmor	iron&3&g1048_warrior	0
1264	name_decorate_351.name	g1048_suit_warrior_wing	#	#	1	ItemArmor	iron&4&g1048_warrior&armor_wing:g1048_warrior	0
1265	name_decorate_352.name	g1048_warrior_sword_1	g1048_warrior_weapon_1.mesh	g1048_warrior_weapon_1.effect	1	ItemSword	emerald	0
1266	name_decorate_353.name	g1048_warrior_sword_2	g1048_warrior_weapon_2.mesh	#	1	ItemSword	emerald	0
1267	name_decorate_354.name	g1048_warrior_sword_3	g1048_warrior_weapon_3.mesh	#	1	ItemSword	emerald	0
1268	name_decorate_355.name	g1048_warrior_bow	g1048_warrior_bow.mesh	g1048_warrior_bow.effect	1	ItemBow	emerald	0
1269	name_decorate_356.name	#	#	g1048_warrior_arrow.effect	64	ItemArrow	true&g1048_warrior_arrow.effect	0
1270	name_decorate_357.name	g1048_warrior_axe	g1048_warrior_axe.mesh	#	1	ItemPickaxe	emerald	0
1271	name_decorate_358.name	g1048_warrior_pickaxe	g1048_warrior_pickaxe.mesh	#	1	ItemPickaxe	emerald	0
1272	name_decorate_359.name	g1048_warrior_decorate	#	#	1	ItemCustom	emerald	0
1273	item_star_reset1_6_1.name	g1048_item_armor_refined_rainbow_1	#	#	64	ItemCustom	#	0
1274	item_star_reset1_6_2.name	g1048_item_armor_refined_rainbow_2	#	#	64	ItemCustom	#	0
1275	item_star_reset1_6_3.name	g1048_item_armor_refined_rainbow_3	#	#	64	ItemCustom	#	0
1276	item_star_reset2_6_1.name	g1048_item_weapon_refined_rainbow_2	#	#	64	ItemCustom	#	0
1277	item_star_reset2_6_2.name	g1048_item_weapon_refined_rainbow_1	#	#	64	ItemCustom	#	0
1278	item_star_reset2_6_3.name	g1048_item_weapon_refined_rainbow_3	#	#	64	ItemCustom	#	0
1279	name_decorate_360.name	g1048_fish_tank_small	#	#	1	ItemCustom	emerald	0
1280	name_decorate_361.name	g1048_fish_tank_big	#	#	1	ItemCustom	emerald	0
1281	name_decorate_362.name	g1048_portal_blue	#	#	16	ItemCustom	emerald	0
1282	name_decorate_363.name	g1048_portal_yellow	#	#	16	ItemCustom	emerald	0
1283	name_decorate_364.name	g1048_chest_manager	#	#	1	ItemCustom	emerald	0
1284	name_decorate_365.name	g1048_cross_flying_blade	g1048_cross_sickle.mesh	g1048_cross_flying_blade_1.effect	1	ItemSword	emerald	3#1000#19#1#6#18
1285	name_decorate_366.name	g1048_suit_ares_head	#	#	1	ItemArmor	iron&0&g1048_ares	0
1286	name_decorate_367.name	g1048_suit_ares_armor	#	#	1	ItemArmor	iron&1&g1048_ares	0
1287	name_decorate_368.name	g1048_suit_ares_pants	#	#	1	ItemArmor	iron&2&g1048_ares	0
1288	name_decorate_369.name	g1048_suit_ares_shoes	#	#	1	ItemArmor	iron&3&g1048_ares	0
1289	name_decorate_370.name	g1048_suit_ares_wing	#	#	1	ItemArmor	iron&4&g1048_ares&armor_wing:g1048_ares	0
1290	name_decorate_371.name	g1048_suit_ares_sword_1	g1048_ares_weapon.mesh	g1048_ares_weapon_1.effect	1	ItemSword	emerald	0
1291	name_decorate_372.name	g1048_suit_ares_shield	#	#	1	ItemArmor	iron&5&g1048_ares_shield&armor_ring:g1048_ares_shield	0
1292	name_decorate_373.name	g1048_suit_freeze_head	#	#	1	ItemArmor	iron&0&g1048_freeze	0
1293	name_decorate_374.name	g1048_suit_freeze_armor	#	#	1	ItemArmor	iron&1&g1048_freeze	0
1294	name_decorate_375.name	g1048_suit_freeze_pants	#	#	1	ItemArmor	iron&2&g1048_freeze	0
1295	name_decorate_376.name	g1048_suit_freeze_shoes	#	#	1	ItemArmor	iron&3&g1048_freeze	0
1296	name_decorate_377.name	g1048_suit_freeze_wing	#	#	1	ItemArmor	iron&4&g1048_freeze&armor_wing:g1048_freeze	0
1297	name_decorate_378.name	g1048_freeze_sword_1	g1048_freeze_weapon_1.mesh	g1048_freeze_weapon_1.effect	1	ItemSword	emerald	0
1298	name_decorate_379.name	g1048_freeze_sword_2	g1048_freeze_weapon_2.mesh	#	1	ItemSword	emerald	0
1299	name_decorate_380.name	g1048_freeze_sword_3	g1048_freeze_weapon_3.mesh	#	1	ItemSword	emerald	0
1300	name_decorate_381.name	g1048_freeze_bow	g1048_freeze_bow.mesh	g1048_freeze_bow.effect	1	ItemBow	emerald	0
1301	name_decorate_382.name	#	#	g1048_freeze_arrow.effect	64	ItemArrow	true&g1048_freeze_arrow.effect	0
1302	name_decorate_383.name	g1048_freeze_axe	g1048_freeze_axe.mesh	#	1	ItemPickaxe	emerald	0
1303	name_decorate_384.name	g1048_freeze_pickaxe	g1048_freeze_pickaxe.mesh	#	1	ItemPickaxe	emerald	0
1304	name_decorate_385.name	g1048_freeze_decorate	#	#	1	ItemCustom	emerald	0
1305	name_decorate_386.name	g1048_suit_ares_sword_2	g1048_ares_weapon_1.mesh	g1048_ares_weapon_2.effect	1	ItemSword	emerald	0
1306	name_decorate_387.name	g1048_pixel_christmas_sword	g1048_sword_pixel_christmas.mesh	g1048_sword_pixel_christmas.effect	1	ItemSword	emerald	0
1307	name_decorate_388.name	g1048_christmas_ring	#	g1048_christmas_wing.effect	1	ItemArmor	iron&5&g1048_christmas&armor_ring:g1048_christmas	0
1308	name_decorate_389.name	g1048_item_christmas_event	#	#	9999	ItemCustom	#	0
1309	name_decorate_390.name	g1048_item_material_wither	#	#	64	ItemCustom	#	0
1310	name_decorate_391.name	g1048_item_material_lava	#	#	64	ItemCustom	#	0
1311	name_decorate_392.name	g1048_item_material_samurai	#	#	64	ItemCustom	#	0
1312	name_decorate_393.name	g1048_item_material_warden	#	#	64	ItemCustom	#	0
1313	name_decorate_394.name	g1048_item_material_dragon	#	#	64	ItemCustom	#	0
1314	name_decorate_395.name	g1048_suit_boss_lava_head	#	#	1	ItemArmor	iron&0&g1048_boss_lava	0
1315	name_decorate_396.name	g1048_suit_boss_lava_armor	#	#	1	ItemArmor	iron&1&g1048_boss_lava	0
1316	name_decorate_397.name	g1048_suit_boss_lava_pants	#	#	1	ItemArmor	iron&2&g1048_boss_lava	0
1317	name_decorate_398.name	g1048_suit_boss_lava_shoes	#	#	1	ItemArmor	iron&3&g1048_boss_lava	0
1318	name_decorate_399.name	g1048_suit_boss_lava_wing	#	#	1	ItemArmor	iron&4&g1048_boss_lava&armor_wing:g1048_boss_lava	0
1319	name_decorate_400.name	g1048_suit_boss_samurai_head	#	#	1	ItemArmor	iron&0&g1048_boss_samurai	0
1320	name_decorate_401.name	g1048_suit_boss_samurai_armor	#	#	1	ItemArmor	iron&1&g1048_boss_samurai	0
1321	name_decorate_402.name	g1048_suit_boss_samurai_pants	#	#	1	ItemArmor	iron&2&g1048_boss_samurai	0
1322	name_decorate_403.name	g1048_suit_boss_samurai_shoes	#	#	1	ItemArmor	iron&3&g1048_boss_samurai	0
1323	name_decorate_404.name	g1048_suit_boss_samurai_wing	#	#	1	ItemArmor	iron&4&g1048_boss_samurai&armor_wing:g1048_boss_samurai	0
1324	name_decorate_405.name	g1048_suit_boss_warden_head	#	#	1	ItemArmor	iron&0&g1048_boss_warden	0
1325	name_decorate_406.name	g1048_suit_boss_warden_armor	#	#	1	ItemArmor	iron&1&g1048_boss_warden	0
1326	name_decorate_407.name	g1048_suit_boss_warden_pants	#	#	1	ItemArmor	iron&2&g1048_boss_warden	0
1327	name_decorate_408.name	g1048_suit_boss_warden_shoes	#	#	1	ItemArmor	iron&3&g1048_boss_warden	0
1328	name_decorate_409.name	g1048_suit_boss_warden_wing	#	#	1	ItemArmor	iron&4&g1048_boss_warden&armor_wing:g1048_boss_warden	0
1329	name_decorate_410.name	g1048_suit_boss_dragon_head	#	#	1	ItemArmor	iron&0&g1048_boss_dragon	0
1330	name_decorate_411.name	g1048_suit_boss_dragon_armor	#	#	1	ItemArmor	iron&1&g1048_boss_dragon	0
1331	name_decorate_412.name	g1048_suit_boss_dragon_pants	#	#	1	ItemArmor	iron&2&g1048_boss_dragon	0
1332	name_decorate_413.name	g1048_suit_boss_dragon_shoes	#	#	1	ItemArmor	iron&3&g1048_boss_dragon	0
1333	name_decorate_414.name	g1048_suit_boss_dragon_wing	#	#	1	ItemArmor	iron&4&g1048_boss_dragon&armor_wing:g1048_boss_dragon	0
1334	name_decorate_415.name	g1048_suit_boss_wither_head	#	#	1	ItemArmor	iron&0&g1048_boss_wither	0
1335	name_decorate_416.name	g1048_suit_boss_wither_armor	#	#	1	ItemArmor	iron&1&g1048_boss_wither	0
1336	name_decorate_417.name	g1048_suit_boss_wither_pants	#	#	1	ItemArmor	iron&2&g1048_boss_wither	0
1337	name_decorate_418.name	g1048_suit_boss_wither_shoes	#	#	1	ItemArmor	iron&3&g1048_boss_wither	0
1338	name_decorate_419.name	g1048_suit_boss_wither_wing	#	#	1	ItemArmor	iron&4&g1048_boss_wither&armor_wing:g1048_boss_wither	0
1339	name_decorate_420.name	g1048_suit_cthulhu_head	#	#	1	ItemArmor	iron&0&g1048_cthulhu	0
1340	name_decorate_421.name	g1048_suit_cthulhu_armor	#	#	1	ItemArmor	iron&1&g1048_cthulhu	0
1341	name_decorate_422.name	g1048_suit_cthulhu_pants	#	#	1	ItemArmor	iron&2&g1048_cthulhu	0
1342	name_decorate_423.name	g1048_suit_cthulhu_shoes	#	#	1	ItemArmor	iron&3&g1048_cthulhu	0
1343	name_decorate_424.name	g1048_suit_cthulhu_wing	#	#	1	ItemArmor	iron&4&g1048_cthulhu&armor_wing:g1048_cthulhu	0
1344	name_decorate_425.name	g1048_cthulhu_sword_1	g1048_cthulhu_weapon_1.mesh	g1048_cthulhu_weapon_1.effect	1	ItemSword	emerald	0
1345	name_decorate_426.name	g1048_cthulhu_sword_2	g1048_cthulhu_weapon_2.mesh	#	1	ItemSword	emerald	0
1346	name_decorate_427.name	g1048_cthulhu_sword_3	g1048_cthulhu_weapon_3.mesh	#	1	ItemSword	emerald	0
1347	name_decorate_428.name	g1048_cthulhu_bow	g1048_cthulhu_bow.mesh	g1048_cthulhu_bow.effect	1	ItemBow	emerald	0
1348	name_decorate_429.name	#	#	#	1	ItemArrow	true&g1048_cthulhu_arrow.effect	0
1349	name_decorate_430.name	g1048_cthulhu_axe	g1048_cthulhu_axe.mesh	#	1	ItemPickaxe	emerald	0
1350	name_decorate_431.name	g1048_cthulhu_pickaxe	g1048_cthulhu_pickaxe.mesh	#	1	ItemPickaxe	emerald	0
1351	name_decorate_432.name	g1048_cthulhu_decorate	#	#	1	ItemCustom	emerald	0
1352	name_decorate_433.name	g1048_monster_material_ghost	#	#	64	ItemCustom	#	0
1353	name_decorate_434.name	g1048_monster_material_lava	#	#	64	ItemCustom	#	0
1354	name_decorate_435.name	g1048_monster_material_samurai	#	#	64	ItemCustom	#	0
1355	name_decorate_436.name	g1048_monster_material_warden	#	#	64	ItemCustom	#	0
1356	name_decorate_437.name	g1048_monster_material_icebear	#	#	64	ItemCustom	#	0
1357	name_decorate_438.name	g1048_monster_material_zombie	#	#	64	ItemCustom	#	0
1358	name_decorate_439.name	g1048_monster_material_magma	#	#	64	ItemCustom	#	0
1359	name_decorate_440.name	g1048_monster_material_skeleton	#	#	64	ItemCustom	#	0
1360	name_decorate_441.name	g1048_monster_material_gear	#	#	64	ItemCustom	#	0
1361	name_decorate_442.name	g1048_monster_material_yeti	#	#	64	ItemCustom	#	0
1362	name_decorate_443.name	g1048_boss_material_wither	#	#	64	ItemCustom	#	0
1363	name_decorate_444.name	g1048_boss_material_lava	#	#	64	ItemCustom	#	0
1364	name_decorate_445.name	g1048_boss_material_samurai	#	#	64	ItemCustom	#	0
1365	name_decorate_446.name	g1048_boss_material_warden	#	#	64	ItemCustom	#	0
1366	name_decorate_447.name	g1048_boss_material_dragon	#	#	64	ItemCustom	#	0
1367	name_decorate_448.name	g1048_rare_material_wither	#	#	64	ItemCustom	#	0
1368	name_decorate_449.name	g1048_rare_material_lava	#	#	64	ItemCustom	#	0
1369	name_decorate_450.name	g1048_rare_material_samurai	#	#	64	ItemCustom	#	0
1370	name_decorate_451.name	g1048_rare_material_warden	#	#	64	ItemCustom	#	0
1371	name_decorate_452.name	g1048_rare_material_dragon	#	#	64	ItemCustom	#	0
1372	name_decorate_453.name	g1048_pvp_gem_shards	#	#	1	ItemCustom	#	0
1373	name_decorate_454.name	g1048_pvp_gem	#	#	64	ItemCustom	#	0
1374	name_decorate_455.name	g1048_suit_blackrose_head	#	#	1	ItemArmor	iron&0&g1048_blackrose	0
1375	name_decorate_456.name	g1048_suit_blackrose_armor	#	#	1	ItemArmor	iron&1&g1048_blackrose	0
1376	name_decorate_457.name	g1048_suit_blackrose_pants	#	#	1	ItemArmor	iron&2&g1048_blackrose	0
1377	name_decorate_458.name	g1048_suit_blackrose_shoes	#	#	1	ItemArmor	iron&3&g1048_blackrose	0
1378	name_decorate_459.name	g1048_suit_blackrose_wing	#	#	1	ItemArmor	iron&4&g1048_blackrose&armor_wing:g1048_blackrose	0
1379	name_decorate_460.name	g1048_blackrose_sword_1	g1048_blackrose_weapon_1.mesh	g1048_blackrose_weapon_1.effect	1	ItemSword	emerald	0
1380	name_decorate_461.name	g1048_blackrose_sword_2	g1048_blackrose_weapon_2.mesh	#	1	ItemSword	emerald	0
1381	name_decorate_462.name	g1048_blackrose_sword_3	g1048_blackrose_weapon_3.mesh	#	1	ItemSword	emerald	0
1382	name_decorate_463.name	g1048_blackrose_bow	g1048_blackrose_bow.mesh	g1048_blackrose_bow.effect	1	ItemBow	emerald	0
1383	name_decorate_464.name	#	#	#	1	ItemArrow	true&g1048_blackrose_arrow.effect	0
1384	name_decorate_465.name	g1048_blackrose_axe	g1048_blackrose_axe.mesh	#	1	ItemPickaxe	emerald	0
1385	name_decorate_466.name	g1048_blackrose_pickaxe	g1048_blackrose_pickaxe.mesh	#	1	ItemPickaxe	emerald	0
1386	name_decorate_467.name	g1048_blackrose_decorate	#	#	1	ItemCustom	emerald	0
1387	name_decorate_468.name	g1048_suit_apollo_head	#	#	1	ItemArmor	iron&0&g1048_apollo	0
1388	name_decorate_469.name	g1048_suit_apollo_armor	#	#	1	ItemArmor	iron&1&g1048_apollo	0
1389	name_decorate_470.name	g1048_suit_apollo_pants	#	#	1	ItemArmor	iron&2&g1048_apollo	0
1390	name_decorate_471.name	g1048_suit_apollo_shoes	#	#	1	ItemArmor	iron&3&g1048_apollo	0
1391	name_decorate_472.name	g1048_suit_apollo_wing	#	#	1	ItemArmor	iron&4&g1048_apollo&armor_wing:g1048_apollo	0
1392	name_decorate_473.name	g1048_suit_apollo_sword_1	g1048_apollo_weapon_1.mesh	g1048_apollo_weapon_1.effect	1	ItemSword	emerald	0
1393	name_decorate_474.name	g1048_suit_apollo_sword_2	g1048_apollo_weapon_1_1.mesh	g1048_apollo_weapon_1_1.effect	1	ItemSword	emerald	0
1394	name_decorate_475.name	g1048_suit_ramadan_head	#	#	1	ItemArmor	iron&0&g1048_ramadan	0
1395	name_decorate_476.name	g1048_suit_ramadan_armor	#	#	1	ItemArmor	iron&1&g1048_ramadan	0
1396	name_decorate_477.name	g1048_suit_ramadan_pants	#	#	1	ItemArmor	iron&2&g1048_ramadan	0
1397	name_decorate_478.name	g1048_suit_ramadan_shoes	#	#	1	ItemArmor	iron&3&g1048_ramadan	0
1398	name_decorate_479.name	g1048_suit_ramadan_wing	#	#	1	ItemArmor	iron&4&g1048_ramadan&armor_wing:g1048_ramadan	0
1399	name_decorate_480.name	g1048_ramadan_sword_1	g1048_ramadan_weapon.mesh	g1048_ramadan_weapon.effect	1	ItemSword	emerald	0
1400	name_decorate_481.name	g1048_ramadan_sword_2	g1048_ramadan_weapon_2.mesh	#	1	ItemSword	emerald	0
1401	name_decorate_482.name	g1048_ramadan_sword_3	g1048_ramadan_weapon_3.mesh	#	1	ItemSword	emerald	0
1402	name_decorate_483.name	g1048_ramadan_bow	g1048_ramadan_bow.mesh	g1048_ramadan_bow.effect	1	ItemBow	emerald	0
1403	name_decorate_484.name	#	#	#	1	ItemArrow	true&g1048_ramadan_arrow.effect	0
1404	name_decorate_485.name	g1048_ramadan_axe	g1048_ramadan_axe.mesh	#	1	ItemPickaxe	emerald	0
1405	name_decorate_486.name	g1048_ramadan_pickaxe	g1048_ramadan_pickaxe.mesh	#	1	ItemPickaxe	emerald	0
1406	name_decorate_487.name	g1048_ramadan_decorate	#	#	1	ItemCustom	emerald	0
1407	name_decorate_488.name	g1048_item_ramadan_event	#	#	9999	ItemCustom	#	0
1408	name_decorate_489.name	g1048_wish_ramadan_event	#	#	9999	ItemCustom	#	0
1409	name_decorate_490.name	g1048_item_sword_ramadan_sickle	g1048_ramadan_wish_lottery_weapon.mesh	g1048_ramadan_wish_lottery_weapon.effect	1	ItemSword	emerald	0
1410	name_decorate_491.name	g1048_ramadan_ring	#	#	1	ItemArmor	iron&5&g1048_ramadan&armor_ring:g1048_ramadan	0
1411	name_decorate_492.name	g1048_item_wish_ramadan_sword	g1048_ramadan_wish_free_weapon.mesh	#	1	ItemSword	emerald	0
1412	name_decorate_493.name	g1048_ramadan_decorate_lantern_1	#	#	1	ItemCustom	#	0
1413	name_decorate_494.name	g1048_ramadan_decorate_lantern_2	#	#	1	ItemCustom	#	0
1414	name_decorate_495.name	g1048_ramadan_decorate_lantern_3	#	#	1	ItemCustom	#	0
1415	name_decorate_496.name	g1048_ramadan_decorate_window_1	#	#	1	ItemCustom	#	0
1416	name_decorate_497.name	g1048_ramadan_decorate_window_2	#	#	1	ItemCustom	#	0
1417	name_decorate_498.name	g1048_ramadan_decorate_window_3	#	#	1	ItemCustom	#	0
1418	name_food_20.name	g1048_ramadan_food_1	#	#	64	ItemFood	0&0&false&true	0
1419	name_food_21.name	g1048_ramadan_food_2	#	#	64	ItemFood	0&0&false&true	0
1420	lantu	g1048_item_blueprint_build	#	#	64	ItemCustom	#	0
1421	name_blueprint_custom.name	g1048_item_blueprint_custom	#	#	1	ItemCustom	#	0
1422	name_blueprint_blank.name	g1048_item_blueprint_blank	#	#	64	ItemCustom	#	0
1423	name_decorate_499.name	g1048_fool_punchsword	g1048_item_fool_punchsword.mesh	#	1	ItemSword	emerald	0
1424	name_decorate_500.name	g1048_fool_brokensword	g1048_item_fool_brokensword.mesh	g1048_item_fool_brokensword.effect	1	ItemSword	emerald	0
1425	name_decorate_501.name	g1048_fool_wing_1	#	#	1	ItemArmor	iron&4&g1048_fool_wing_1&armor_wing:g1048_fool_wing_1	0
1426	name_decorate_502.name	g1048_fool_wing_2	#	#	1	ItemArmor	iron&4&g1048_fool_wing_2&armor_wing:g1048_fool_wing_2	0
1427	name_decorate_503.name	g1048_fool_wing_3	#	#	1	ItemArmor	iron&4&g1048_fool_wing_3&armor_wing:g1048_fool_wing_3	0
1428	name_decorate_504.name	g1048_item_blueprint_build	#	#	64	ItemCustom	#	0
1429	name_decorate_505.name	g1048_suit_fenrir_head	#	#	1	ItemArmor	iron&0&g1048_fenrir	0
1430	name_decorate_506.name	g1048_suit_fenrir_armor	#	#	1	ItemArmor	iron&1&g1048_fenrir	0
1431	name_decorate_507.name	g1048_suit_fenrir_pants	#	#	1	ItemArmor	iron&2&g1048_fenrir	0
1432	name_decorate_508.name	g1048_suit_fenrir_shoes	#	#	1	ItemArmor	iron&3&g1048_fenrir	0
1433	name_decorate_509.name	g1048_suit_fenrir_wing	#	#	1	ItemArmor	iron&4&g1048_fenrir&armor_wing:g1048_fenrir	0
1434	name_decorate_510.name	g1048_suit_fenrir_sword_1	g1048_fenrir_sword_1.mesh	g1048_fennir_sword_1.effect	1	ItemSword	emerald	0
1435	name_decorate_511.name	g1048_suit_fenrir_sword_2	g1048_fenrir_sword_2.mesh	g1048_fennir_sword_2.effect	1	ItemSword	emerald	0
1436	name_decorate_512.name	g1048_suit_elf_head	#	#	1	ItemArmor	iron&0&g1048_elf	0
1437	name_decorate_513.name	g1048_suit_elf_armor	#	#	1	ItemArmor	iron&1&g1048_elf	0
1438	name_decorate_514.name	g1048_suit_elf_pants	#	#	1	ItemArmor	iron&2&g1048_elf	0
1439	name_decorate_515.name	g1048_suit_elf_shoes	#	#	1	ItemArmor	iron&3&g1048_elf	0
1440	name_decorate_516.name	g1048_suit_elf_wing	#	#	1	ItemArmor	iron&4&g1048_elf&armor_wing:g1048_elf	0
1441	name_decorate_517.name	g1048_elf_sword_1	g1048_elf_weapon_1.mesh	g1048_elf_weapon_1.effect	1	ItemSword	emerald	0
1442	name_decorate_518.name	g1048_elf_sword_2	g1048_elf_weapon_2.mesh	#	1	ItemSword	emerald	0
1443	name_decorate_519.name	g1048_elf_sword_3	g1048_elf_weapon_3.mesh	#	1	ItemSword	emerald	0
1444	name_decorate_520.name	g1048_elf_bow	g1048_elf_bow.mesh	g1048_elf_bow.effect	1	ItemBow	emerald	0
1445	name_decorate_521.name	#	#	#	1	ItemArrow	true&g1048_elf_arrow.effect	0
1446	name_decorate_522.name	g1048_elf_axe	g1048_elf_axe.mesh	#	1	ItemPickaxe	emerald	0
1447	name_decorate_523.name	g1048_elf_pickaxe	g1048_elf_pickaxe.mesh	#	1	ItemPickaxe	emerald	0
1448	name_decorate_524.name	g1048_elf_decorate	#	#	1	ItemCustom	emerald	0
1449	name_decorate_525.name	g1048_suit_shark_head	#	#	1	ItemArmor	iron&0&g1048_shark	0
1450	name_decorate_526.name	g1048_suit_shark_armor	#	#	1	ItemArmor	iron&1&g1048_shark	0
1451	name_decorate_527.name	g1048_suit_shark_pants	#	#	1	ItemArmor	iron&2&g1048_shark	0
1452	name_decorate_528.name	g1048_suit_shark_shoes	#	#	1	ItemArmor	iron&3&g1048_shark	0
1453	name_decorate_529.name	g1048_suit_shark_wing	#	#	1	ItemArmor	iron&4&g1048_shark&armor_wing:g1048_shark	0
1454	name_decorate_530.name	g1048_shark_sword_1	g1048_shark_weapon_1.mesh	g1048_shark_weapon_1.effect	1	ItemSword	emerald	0
1455	name_decorate_531.name	g1048_shark_sword_2	g1048_shark_weapon_2.mesh	#	1	ItemSword	emerald	0
1456	name_decorate_532.name	g1048_shark_sword_3	g1048_shark_weapon_3.mesh	#	1	ItemSword	emerald	0
1457	name_decorate_533.name	g1048_shark_bow	g1048_shark_bow.mesh	g1048_shark_bow.effect	1	ItemBow	emerald	0
1458	name_decorate_534.name	#	#	#	1	ItemArrow	true&g1048_shark_arrow.effect	0
1459	name_decorate_535.name	g1048_shark_axe	g1048_shark_axe.mesh	#	1	ItemPickaxe	emerald	0
1460	name_decorate_536.name	g1048_shark_pickaxe	g1048_shark_pickaxe.mesh	#	1	ItemPickaxe	emerald	0
1461	name_decorate_537.name	g1048_shark_decorate	#	#	1	ItemCustom	emerald	0
1462	name_decorate_538.name	g1048_item_universal_block	#	#	64	ItemCustom	emerald	0
1463	name_decorate_539.name	g1048_suit_valkyrie_head	#	#	1	ItemArmor	iron&0&g1048_valkyrie	0
1464	name_decorate_540.name	g1048_suit_valkyrie_armor	#	#	1	ItemArmor	iron&1&g1048_valkyrie	0
1465	name_decorate_541.name	g1048_suit_valkyrie_pants	#	#	1	ItemArmor	iron&2&g1048_valkyrie	0
1466	name_decorate_542.name	g1048_suit_valkyrie_shoes	#	#	1	ItemArmor	iron&3&g1048_valkyrie	0
1467	name_decorate_543.name	g1048_suit_valkyrie_wing	#	#	1	ItemArmor	iron&4&g1048_valkyrie&armor_wing:g1048_valkyrie	0
1468	name_decorate_544.name	g1048_suit_valkyrie_sword_1	g1048_valkyrie_weapon_1.mesh	g1048_valkyrie_weapon_1.effect	1	ItemSword	emerald	0
1469	name_decorate_545.name	g1048_suit_valkyrie_sword_2	g1048_valkyrie_weapon_2.mesh	g1048_valkyrie_weapon_2.effect	1	ItemSword	emerald	0
1470	name_decorate_546.name	g1048_suit_cloud_head	#	#	1	ItemArmor	iron&0&g1048_cloud	0
1471	name_decorate_547.name	g1048_suit_cloud_armor	#	#	1	ItemArmor	iron&1&g1048_cloud	0
1472	name_decorate_548.name	g1048_suit_cloud_pants	#	#	1	ItemArmor	iron&2&g1048_cloud	0
1473	name_decorate_549.name	g1048_suit_cloud_shoes	#	#	1	ItemArmor	iron&3&g1048_cloud	0
1474	name_decorate_550.name	g1048_suit_cloud_wing	#	#	1	ItemArmor	iron&4&g1048_cloud&armor_wing:g1048_cloud	0
1475	name_decorate_551.name	g1048_cloud_sword_1	g1048_cloud_weapon_1.mesh	g1048_cloud_weapon_1.effect	1	ItemSword	emerald	0
1476	name_decorate_552.name	g1048_cloud_sword_2	g1048_cloud_weapon_2.mesh	#	1	ItemSword	emerald	0
1477	name_decorate_553.name	g1048_cloud_sword_3	g1048_cloud_weapon_3.mesh	#	1	ItemSword	emerald	0
1478	name_decorate_554.name	g1048_cloud_bow	g1048_cloud_bow.mesh	g1048_cloud_bow.effect	1	ItemBow	emerald	0
1479	name_decorate_555.name	#	#	#	1	ItemArrow	true&g1048_cloud_arrow.effect	0
1480	name_decorate_556.name	g1048_cloud_axe	g1048_cloud_axe.mesh	#	1	ItemPickaxe	emerald	0
1481	name_decorate_557.name	g1048_cloud_pickaxe	g1048_cloud_pickaxe.mesh	#	1	ItemPickaxe	emerald	0
1482	name_decorate_558.name	g1048_cloud_decorate	#	#	1	ItemCustom	emerald	0
1483	name_decorate_559.name	g1048_suit_boss_wither_weapon	g1048_suit_boss_wither_weapon.mesh	#	1	ItemSword	emerald	0
1484	name_decorate_560.name	g1048_suit_boss_lava_weapon	g1048_suit_boss_lava_weapon_r.mesh	#	1	ItemSword	emerald	0
1485	name_decorate_561.name	g1048_suit_boss_samurai_weapon	g1048_samurai_weapon.mesh	#	1	ItemSword	emerald	0
1486	name_decorate_562.name	g1048_suit_boss_dragon_weapon	g1048_suit_boss_dragon_bone_weapon.mesh	#	1	ItemSword	emerald	0
1487	name_decorate_563.name	g1048_suit_boss_warden_weapon	g1048_suit_boss_warden_weapon.mesh	#	1	ItemSword	emerald	0
1488	name_decorate_564.name	g1048_suit_boss_samurai_weapon	g1048_samurai_weapon.mesh	#	1	ItemSword	emerald	0
1489	name_decorate_565.name	g1048_suit_murloc_head	#	#	1	ItemArmor	iron&0&g1048_murloc	0
1490	name_decorate_566.name	g1048_suit_murloc_armor	#	#	1	ItemArmor	iron&1&g1048_murloc	0
1491	name_decorate_567.name	g1048_suit_murloc_pants	#	#	1	ItemArmor	iron&2&g1048_murloc	0
1492	name_decorate_568.name	g1048_suit_murloc_shoes	#	#	1	ItemArmor	iron&3&g1048_murloc	0
1493	name_decorate_569.name	g1048_suit_murloc_wing	#	#	1	ItemArmor	iron&4&g1048_murloc&armor_wing:g1048_murloc	0
1494	name_decorate_570.name	g1048_suit_murloc_king_head	#	#	1	ItemArmor	iron&0&g1048_murloc_king	0
1495	name_decorate_571.name	g1048_suit_murloc_king_armor	#	#	1	ItemArmor	iron&1&g1048_murloc_king	0
1496	name_decorate_572.name	g1048_suit_murloc_king_pants	#	#	1	ItemArmor	iron&2&g1048_murloc_king	0
1497	name_decorate_573.name	g1048_suit_murloc_king_shoes	#	#	1	ItemArmor	iron&3&g1048_murloc_king	0
1498	name_decorate_574.name	g1048_suit_murloc_king_wing	#	#	1	ItemArmor	iron&4&g1048_murloc_king&armor_wing:g1048_murloc_king	0
1499	name_decorate_575.name	g1048_item_summer_coin	#	#	9999	ItemCustom	#	0
1500	name_decorate_576.name	g1048_item_plank	#	#	9999	ItemCustom	#	0
1501	name_decorate_577.name	g1048_item_gold_shell	#	#	9999	ItemCustom	#	0
1502	name_decorate_578.name	g1048_summer_sword_ocean	g1048_summer_sword_ocean.mesh	g1048_summer_sword_ocean.effect	1	ItemSword	emerald	0
1503	name_decorate_579.name	g1048_summer_anchor_pickaxe	g1048_summer_anchor_pickaxe.mesh	#	1	ItemPickaxe	emerald	0
1504	name_decorate_580.name	g1048_summer_toy_sword	g1048_summer_toy_sword.mesh	#	1	ItemSword	emerald	0
1505	name_decorate_581.name	g1048_suit_turtle_wing	#	#	1	ItemArmor	iron&4&g1048_turtle&armor_wing:g1048_turtle	0
1506	name_decorate_582.name	g1048_summer_decorate_mussel	#	#	1	ItemCustom	emerald	0
1507	name_decorate_583.name	g1048_summer_decorate_anchor	#	#	1	ItemCustom	emerald	0
1508	name_decorate_584.name	g1048_summer_decorate_umbrella_1	#	#	1	ItemCustom	emerald	0
1509	name_decorate_585.name	g1048_summer_decorate_umbrella_2	#	#	1	ItemCustom	emerald	0
1510	name_decorate_586.name	g1048_summer_decorate_umbrella_3	#	#	1	ItemCustom	emerald	0
1511	name_decorate_587.name	g1048_summer_decorate_coral_1	#	#	1	ItemCustom	emerald	0
1512	name_decorate_588.name	g1048_summer_decorate_coral_2	#	#	1	ItemCustom	emerald	0
1513	name_decorate_589.name	g1048_summer_decorate_coral_3	#	#	1	ItemCustom	emerald	0
1514	name_decorate_590.name	g1048_aquaman_shield	#	#	1	ItemArmor	iron&5&g1048_aquaman_shield&armor_ring:g1048_aquaman_shield	0
1515	name_decorate_591.name	g1048_item_conch	#	#	64	ItemCustom	#	0
1516	name_decorate_592.name	g1048_item_coral	#	#	64	ItemCustom	#	0
1517	name_decorate_593.name	g1048_item_sea_iron	#	#	64	ItemCustom	#	0
1518	name_decorate_594.name	g1048_item_ocean_heart	#	#	64	ItemCustom	#	0
1519	name_decorate_595.name	g1048_item_compass	#	#	9999	ItemCustom	#	0
1520	name_decorate_596.name	g1048_item_pearl	#	#	9999	ItemCustom	#	0
1521	name_decorate_597.name	g1048_item_fin	#	#	64	ItemCustom	#	0
1522	name_decorate_598.name	g1048_item_murloc_skull	#	#	64	ItemCustom	#	0
1523	name_decorate_599.name	g1048_item_shell_ingot	#	#	64	ItemCustom	#	0
1524	name_decorate_600.name	g1048_item_light_organ	#	#	64	ItemCustom	#	0
1525	name_decorate_601.name	g1048_item_spirit	#	#	64	ItemCustom	#	0
1526	name_decorate_602.name	g1048_item_scales	#	#	64	ItemCustom	#	0
1527	name_decorate_603.name	g1048_murloc_weapon_1	g1048_murloc_weapon_1.mesh	#	1	ItemSword	emerald	0
1528	name_decorate_604.name	g1048_murloc_weapon_2	g1048_murloc_weapon_2.mesh	#	1	ItemSword	emerald	0
1529	name_decorate_605.name	g1048_murloc_weapon_3	g1048_murloc_weapon_3.mesh	#	1	ItemSword	emerald	0
1530	name_decorate_606.name	g1048_summer_title	#	#	1	ItemArmor	iron&6	0
1531	name_decorate_607.name	g1048_suit_raven_head	#	#	1	ItemArmor	iron&0&g1048_raven	0
1532	name_decorate_608.name	g1048_suit_raven_armor	#	#	1	ItemArmor	iron&1&g1048_raven	0
1533	name_decorate_609.name	g1048_suit_raven_pants	#	#	1	ItemArmor	iron&2&g1048_raven	0
1534	name_decorate_610.name	g1048_suit_raven_shoes	#	#	1	ItemArmor	iron&3&g1048_raven	0
1535	name_decorate_611.name	g1048_suit_raven_wing	#	#	1	ItemArmor	iron&4&g1048_raven&armor_wing:g1048_raven	0
1536	name_decorate_612.name	g1048_raven_sword_1	g1048_raven_weapon_1.mesh	g1048_raven_weapon_1.effect	1	ItemSword	emerald	0
1537	name_decorate_613.name	g1048_raven_sword_2	g1048_raven_weapon_2.mesh	#	1	ItemSword	emerald	0
1538	name_decorate_614.name	g1048_raven_sword_3	g1048_raven_weapon_3.mesh	#	1	ItemSword	emerald	0
1539	name_decorate_615.name	g1048_raven_bow	g1048_raven_bow.mesh	g1048_raven_bow.effect	1	ItemBow	emerald	0
1540	name_decorate_616.name	#	#	#	1	ItemArrow	true&g1048_raven_arrow.effect	0
1541	name_decorate_617.name	g1048_raven_axe	g1048_raven_axe.mesh	#	1	ItemPickaxe	emerald	0
1542	name_decorate_618.name	g1048_raven_pickaxe	g1048_raven_pickaxe.mesh	#	1	ItemPickaxe	emerald	0
1543	name_decorate_619.name	g1048_raven_decorate	#	#	1	ItemCustom	emerald	0
1544	name_decorate_620.name	g1048_zeus_title	#	#	1	ItemArmor	iron&6	0
1545	name_decorate_621.name	g1048_summer_treasuremap	#	#	16	ItemCustom	#	0
1546	name_decorate_622.name	g1048_suit_jormungandr_head	#	#	1	ItemArmor	iron&0&g1048_jormungandr	0
1547	name_decorate_623.name	g1048_suit_jormungandr_armor	#	#	1	ItemArmor	iron&1&g1048_jormungandr	0
1548	name_decorate_624.name	g1048_suit_jormungandr_pants	#	#	1	ItemArmor	iron&2&g1048_jormungandr	0
1549	name_decorate_625.name	g1048_suit_jormungandr_shoes	#	#	1	ItemArmor	iron&3&g1048_jormungandr	0
1550	name_decorate_626.name	g1048_suit_jormungandr_wing	#	#	1	ItemArmor	iron&4&g1048_jormungandr&armor_wing:g1048_jormungandr	0
1551	name_decorate_627.name	g1048_suit_jormungandr_sword_1	g1048_jormungandr_weapon_1.mesh	g1048_jormungandr_weapon_1.effect	1	ItemSword	emerald	0
1552	name_decorate_628.name	g1048_suit_jormungandr_sword_2	g1048_jormungandr_weapon_2.mesh	g1048_jormungandr_weapon_2.effect	1	ItemSword	emerald	0
1553	name_decorate_629.name	g1048_jormungandr_title	#	#	1	ItemArmor	iron&6	0
1554	name_decorate_630.name	g1048_suit_beetle_head	#	#	1	ItemArmor	iron&0&g1048_beetle	0
1555	name_decorate_631.name	g1048_suit_beetle_armor	#	#	1	ItemArmor	iron&1&g1048_beetle	0
1556	name_decorate_632.name	g1048_suit_beetle_pants	#	#	1	ItemArmor	iron&2&g1048_beetle	0
1557	name_decorate_633.name	g1048_suit_beetle_shoes	#	#	1	ItemArmor	iron&3&g1048_beetle	0
1558	name_decorate_634.name	g1048_suit_beetle_wing	#	#	1	ItemArmor	iron&4&g1048_beetle&armor_wing:g1048_beetle	0
1559	name_decorate_635.name	g1048_beetle_sword_1	g1048_beetle_weapon_1.mesh	g1048_beetle_weapon_1.effect	1	ItemSword	emerald	0
1560	name_decorate_636.name	g1048_beetle_sword_2	g1048_beetle_weapon_2.mesh	#	1	ItemSword	emerald	0
1561	name_decorate_637.name	g1048_beetle_sword_3	g1048_beetle_weapon_3.mesh	#	1	ItemSword	emerald	0
1562	name_decorate_638.name	g1048_beetle_bow	g1048_beetle_bow.mesh	g1048_beetle_bow.effect	1	ItemBow	emerald	0
1563	name_decorate_639.name	#	#	#	1	ItemArrow	true&g1048_beetle_arrow.effect	0
1564	name_decorate_640.name	g1048_beetle_axe	g1048_beetle_axe.mesh	#	1	ItemPickaxe	emerald	0
1565	name_decorate_641.name	g1048_beetle_pickaxe	g1048_beetle_pickaxe.mesh	#	1	ItemPickaxe	emerald	0
1566	name_decorate_642.name	g1048_beetle_decorate	#	#	1	ItemCustom	emerald	0
1567	name_decorate_643.name	g1048_hades_title	#	#	1	ItemArmor	iron&6	0
1568	name_decorate_644.name	g1048_suit_thor_head	#	#	1	ItemArmor	iron&0&g1048_thor	0
1569	name_decorate_645.name	g1048_suit_thor_armor	#	#	1	ItemArmor	iron&1&g1048_thor	0
1570	name_decorate_646.name	g1048_suit_thor_pants	#	#	1	ItemArmor	iron&2&g1048_thor	0
1571	name_decorate_647.name	g1048_suit_thor_shoes	#	#	1	ItemArmor	iron&3&g1048_thor	0
1572	name_decorate_648.name	g1048_suit_thor_wing	#	#	1	ItemArmor	iron&4&g1048_thor&armor_wing:g1048_thor	0
1573	name_decorate_649.name	g1048_suit_thor_sword_1	g1048_thor_weapon_1.mesh	g1048_thor_weapon_1.effect	1	ItemSword	emerald	0
1574	name_decorate_650.name	g1048_suit_thor_sword_2	g1048_thor_weapon_2.mesh	g1048_thor_weapon_2.effect	1	ItemSword	emerald	0
1575	name_decorate_651.name	g1048_thor_title	#	#	1	ItemArmor	iron&6	0
1576	name_decorate_652.name	pet_egg_1	g1048_pet_egg_lv1.mesh	#	16	ItemCustom	#	0
1577	name_decorate_653.name	pet_egg_2	g1048_pet_egg_lv2.mesh	#	16	ItemCustom	#	0
1578	name_decorate_654.name	pet_egg_3	g1048_pet_egg_lv3.mesh	#	16	ItemCustom	#	0
1579	name_decorate_655.name	pet_incubator_exp_item_1	#	#	64	ItemCustom	#	0
1580	name_decorate_656.name	pet_incubator_exp_item_2	#	#	64	ItemCustom	#	0
1581	name_decorate_657.name	pet_incubator_exp_item_3	#	#	64	ItemCustom	#	0
1582	name_decorate_658.name	pet_incubator_exp_item_4	#	#	64	ItemCustom	#	0
1583	name_decorate_659.name	#	#	#	64	ItemCustom	#	0
1584	name_decorate_660.name	g1048_pet_skill_book_1	#	#	64	ItemCustom	#	0
1585	name_decorate_661.name	g1048_pet_skill_book_2	#	#	64	ItemCustom	#	0
1586	name_decorate_662.name	g1048_pet_whistle_1	#	#	1	ItemCustom	#	0
1587	name_decorate_663.name	g1048_pet_whistle_2	#	#	1	ItemCustom	#	0
1588	name_decorate_664.name	g1048_pet_feed	#	#	64	ItemCustom	#	0
1589	name_decorate_665.name	g1048_pet_treasure_map_01	#	#	16	ItemCustom	#	0
1590	name_decorate_666.name	g1048_pet_treasure_map_02	#	#	16	ItemCustom	#	0
1591	name_decorate_667.name	g1048_suit_nebula_head	#	#	1	ItemArmor	iron&0&g1048_nebula	0
1592	name_decorate_668.name	g1048_suit_nebula_armor	#	#	1	ItemArmor	iron&1&g1048_nebula	0
1593	name_decorate_669.name	g1048_suit_nebula_pants	#	#	1	ItemArmor	iron&2&g1048_nebula	0
1594	name_decorate_670.name	g1048_suit_nebula_shoes	#	#	1	ItemArmor	iron&3&g1048_nebula	0
1595	name_decorate_671.name	g1048_suit_nebula_wing	#	#	1	ItemArmor	iron&4&g1048_nebula&armor_wing:g1048_nebula	0
1596	name_decorate_672.name	g1048_nebula_sword_1	g1048_nebula_weapon_1.mesh	g1048_nebula_weapon_1.effect	1	ItemSword	emerald	0
1597	name_decorate_673.name	g1048_nebula_sword_2	g1048_nebula_weapon_2.mesh	#	1	ItemSword	emerald	0
1598	name_decorate_674.name	g1048_nebula_sword_3	g1048_nebula_weapon_3.mesh	#	1	ItemSword	emerald	0
1599	name_decorate_675.name	g1048_nebula_bow	g1048_nebula_bow.mesh	g1048_nebula_bow.effect	1	ItemBow	emerald	0
1600	name_decorate_676.name	#	#	#	1	ItemArrow	true&g1048_nebula_arrow.effect	0
1601	name_decorate_677.name	g1048_nebula_axe	g1048_nebula_axe.mesh	#	1	ItemPickaxe	emerald	0
1602	name_decorate_678.name	g1048_nebula_pickaxe	g1048_nebula_pickaxe.mesh	#	1	ItemPickaxe	emerald	0
1603	name_decorate_679.name	g1048_nebula_decorate	#	#	1	ItemCustom	emerald	0
1604	name_decorate_680.name	g1048_pass_2nd_decorate	#	#	64	ItemCustom	emerald	0
1605	name_decorate_681.name	g1048_pass_2nd_title	#	#	1	ItemArmor	iron&6	0
1606	name_decorate_682.name	g1048_ares_title	#	#	1	ItemArmor	iron&6	0
1607	name_decorate_683.name	pet_egg_0	g1048_pet_egg_lv0.mesh	#	16	ItemCustom	#	0
1608	name_decorate_684.name	g1048_suit_hel_head	#	#	1	ItemArmor	iron&0&g1048_hel	0
1609	name_decorate_685.name	g1048_suit_hel_armor	#	#	1	ItemArmor	iron&1&g1048_hel	0
1610	name_decorate_686.name	g1048_suit_hel_pants	#	#	1	ItemArmor	iron&2&g1048_hel	0
1611	name_decorate_687.name	g1048_suit_hel_shoes	#	#	1	ItemArmor	iron&3&g1048_hel	0
1612	name_decorate_688.name	g1048_suit_hel_wing	#	#	1	ItemArmor	iron&4&g1048_hel&armor_wing:g1048_hel	0
1613	name_decorate_689.name	g1048_suit_hel_sword_1	g1048_hel_weapon_1.mesh	g1048_hel_weapon_1.effect	1	ItemSword	emerald	0
1614	name_decorate_690.name	g1048_suit_hel_sword_2	g1048_hel_weapon_2.mesh	g1048_hel_weapon_2.effect	1	ItemSword	emerald	0
1615	name_decorate_691.name	g1048_hel_title	#	#	1	ItemArmor	iron&6	0
