SoundId	IsRepeat	RepeatInterval_min	RepeatInterval_max	SoundFile	Type	SubType	Desc
400	0	0	0	Media/Scripts/Game/g1048/res/sound/Newyear_Gatling_Shot		枪械	新年加特林枪声
401	0	0	0	Media/Scripts/Game/g1048/res/sound/g1048_rose_wand		法杖	玫瑰法杖
402	0	0	0	Media/Scripts/Game/g1048/res/sound/g1048_aquaman_weapon		海王戟	海王戟
403	0	0	0	Media/Scripts/Game/g1048/res/sound/g1048_craft_ability_refresh		强化刷新属性音效	强化刷新属性音效
404	0	0	0	Media/Scripts/Game/g1048/res/sound/g1048_craft_hammer_sound		强化锤子三连音	强化锤子三连音
405	0	0	0	Media/Scripts/Game/g1048/res/sound/g1048_pet_egg_hatch		宠物孵化	宠物孵化
1001	0	0	0	Media/Sound/ui/game_complete_win			游戏结束，胜利
1002	0	0	0	Media/Sound/ui/game_complete_lose			游戏结束，失败
10041	1	0	0	Media/Sound/bgm/skyblock_island			空岛生存-主岛BGM
10042	1	0	0	Media/Sound/bgm/skyblock_pvp_mine			空岛生存-矿洞BGM
10043	1	0	0	Media/Scripts/Game/g1048/res/sound/g1048_summer			空岛生存-限时活动BGM
10044	1	0	0	Media/Sound/bgm/skyblock_pvp_mine			空岛生存-夺旗BGM
10045	1	0	0	Media/Scripts/Game/g1048/res/sound/g1048_summer_ship			空岛生成-船只防御BGM
