key	func	type	ch_name	description	ps.
上报key	函数名	数据类型(int、long、double、string、bool)	中文名	描述	补充说明
area_name		string	进入区域的名字	进入区域的名字	
island_lv		int	当前岛屿等级	当前岛屿等级	
owner_id		int	进入其他玩家住宅是记录房主id	进入其他玩家住宅是记录房主id	
currency_id		int	货币类型	货币类型	
update_count		int	本次变化量	本次变化量	
real_count		int	真实变化量	真实变化量
count_before		int	货币更变前数字	货币更变前数字
count_after		int	货币更变后数字	货币更变后数字	
source		string	更变原因	更变原因	
item_id		int	物品itemId	物品itemId	
item_meta		int	物品meta	物品meta	
ui_name		string	ui界面的id或名字	ui界面的id或名字	
show_time		int	显示时间	显示时间	
item_name		string	购买通行证或者挖矿机的名字	购买通行证或者挖矿机的名字	
passport_lv		int	通行证等级	通行证等级	
passport_vip		int	通行证vip等级	通行证vip等级	
gcube_num		int	当前持有金魔方数量	当前持有金魔方数量	
coins_num		int	当前持有金币数量	当前持有金币数量	
gem_num		int	当前持有水晶数量	当前持有水晶数量	
task_group		string	任务分组	任务分组	
task_id		int	任务Id	任务Id	
task_times		int	任务次数	任务次数（第几环）	
player_new		int	新玩家标签	新玩家标签	
button_name		string	按钮名	按钮名	
play_time		int	游戏时长	游戏时长
play_time_sum		int	游戏总时长	游戏总时长
game_jump		bool	跳服标志	跳服标志	
minute_average_fps		int	每分钟平均帧数	每分钟平均帧数
minute_min_fps		int	每分钟最低帧数	每分钟最低帧数
minute_max_fps		int	每分钟最高帧数	每分钟最高帧数
minute_average_ping		int	每分钟平均延迟	每分钟平均延迟
minute_min_ping		int	每分钟最低延迟	每分钟最低延迟
minute_max_ping		int	每分钟最高延迟	每分钟最高延迟
minute_jank		int	每分钟卡顿次数	每分钟卡顿次数
position		string	玩家坐标	玩家坐标
block_id		int	方块Id	方块Id
public_ip		string	房间IP地址	房间IP地址
game_id		string	游戏id	游戏id
net_status		string	该玩家raknet网络状态	该玩家raknet网络状态
report_id		int	玩家类型Id	玩家类型Id
quality		int	品质等级	品质等级
is_free		bool	是否免费	是否免费
