唯一ID	矿机图片	矿机名字	商品货币类型(1魔方，3游戏币	商品货币数量	解锁描述	对应商店商品id	通知内容	通知内容参数
Id	Icon	Name	CoinId	CoinNum	UnlockDetail	ItemId	NotificationContent	NotificationParams
4001	set:task_and_shop.json image:product_1	Item_Name400100	3	50	Item_Unlock_Desc400100	4001	update.notify.content	Item_Name400100
4002	set:task_and_shop.json image:product_2	Item_Name400200	3	4000	Item_Unlock_Desc400200	4002	update.notify.content	Item_Name400200
4003	set:task_and_shop.json image:product_3	Item_Name400300	3	15000	Item_Unlock_Desc400300	4003	update.notify.content	Item_Name400300
4004	set:task_and_shop.json image:product_4	Item_Name400400	1	297	Item_Unlock_Desc400400	4004	update.notify.content	Item_Name400400
4005	set:task_and_shop.json image:product_5	Item_Name400500	1	297	Item_Unlock_Desc400500	4005	update.notify.content	Item_Name400500
4006	set:task_and_shop.json image:product_6	Item_Name400600	1	297	Item_Unlock_Desc400600	4006	update.notify.content	Item_Name400600
