鱼Id	鱼塘Id	水花特效	等鱼时间	钓鱼时机开始	钓鱼时机结束	跑掉时间	权重
fishId	groundId	splashEffect	waitFishTime	startCatchTime	endCatchTime	runAwayTime	weight
1101	1	g1048_fish_move_track_1bit_0_0.effect	8875	150	1000	750	500
1102	1	g1048_fish_move_track_1bit_0_90.effect	8875	150	1000	600	50
1103	1	g1048_fish_move_track_1bit_0_180.effect	8875	150	1000	550	500
1104	1	g1048_fish_move_track_1bit_0_270.effect	8875	150	1000	700	500
1105	1	g1048_fish_move_track_2bit_0_0.effect	11875	150	1000	550	500
1106	1	g1048_fish_move_track_2bit_0_90.effect	11875	150	1000	600	50
1107	1	g1048_fish_move_track_2bit_0_180.effect	11875	150	1000	700	500
1108	1	g1048_fish_move_track_2bit_0_270.effect	11875	150	1000	750	500
1109	1	g1048_fish_move_track_3bit_0_0.effect	14000	150	1000	550	500
1110	1	g1048_fish_move_track_3bit_0_90.effect	14000	150	1000	700	50
1111	1	g1048_fish_move_track_3bit_0_180.effect	14000	150	1000	750	500
1112	1	g1048_fish_move_track_3bit_0_270.effect	14000	150	1000	600	500
1113	1	g1048_fish_move_track_1bit_45_0.effect	9250	150	1000	550	500
1114	1	g1048_fish_move_track_1bit_45_90.effect	9250	150	1000	750	50
1115	1	g1048_fish_move_track_1bit_45_180.effect	9250	150	1000	650	500
1116	1	g1048_fish_move_track_1bit_45_270.effect	9250	150	1000	700	500
1117	1	g1048_fish_move_track_2bit_45_0.effect	10375	150	1000	600	500
1118	1	g1048_fish_move_track_2bit_45_90.effect	10375	150	1000	650	50
1119	1	g1048_fish_move_track_2bit_45_180.effect	10375	150	1000	750	500
1120	1	g1048_fish_move_track_2bit_45_270.effect	10375	150	1000	600	500
1121	1	g1048_fish_move_track_3bit_45_0.effect	13000	150	1000	650	500
1122	1	g1048_fish_move_track_3bit_45_90.effect	13000	150	1000	700	50
1123	1	g1048_fish_move_track_3bit_45_180.effect	13000	150	1000	750	500
1124	1	g1048_fish_move_track_3bit_45_270.effect	13000	150	1000	600	500
1125	1	g1048_fish_move_track_1bit_90_0.effect	10750	150	1000	650	500
1126	1	g1048_fish_move_track_1bit_90_90.effect	10750	150	1000	600	50
1127	1	g1048_fish_move_track_1bit_90_180.effect	10750	150	1000	750	500
1128	1	g1048_fish_move_track_1bit_90_270.effect	10750	150	1000	550	500
1129	1	g1048_fish_move_track_2bit_90_0.effect	13750	150	1000	750	500
1130	1	g1048_fish_move_track_2bit_90_90.effect	13750	150	1000	650	50
1131	1	g1048_fish_move_track_2bit_90_180.effect	13750	150	1000	700	500
1132	1	g1048_fish_move_track_2bit_90_270.effect	13750	150	1000	600	500
1133	1	g1048_fish_move_track_3bit_90_0.effect	16750	150	1000	750	500
1134	1	g1048_fish_move_track_3bit_90_90.effect	16750	150	1000	600	50
1135	1	g1048_fish_move_track_3bit_90_180.effect	16750	150	1000	650	500
1136	1	g1048_fish_move_track_3bit_90_270.effect	16750	150	1000	550	500
1137	1	g1048_fish_move_track_1bit_135_0.effect	11000	150	1000	500	500
1138	1	g1048_fish_move_track_1bit_135_90.effect	11000	150	1000	550	50
1139	1	g1048_fish_move_track_1bit_135_180.effect	11000	150	1000	600	500
1140	1	g1048_fish_move_track_1bit_135_270.effect	11000	150	1000	750	500
1141	1	g1048_fish_move_track_2bit_135_0.effect	13750	150	1000	550	500
1142	1	g1048_fish_move_track_2bit_135_90.effect	13750	150	1000	750	50
1143	1	g1048_fish_move_track_2bit_135_180.effect	13750	150	1000	700	500
1144	1	g1048_fish_move_track_2bit_135_270.effect	13750	150	1000	650	500
1145	1	g1048_fish_move_track_3bit_135_0.effect	16750	150	1000	600	500
1146	1	g1048_fish_move_track_3bit_135_90.effect	16750	150	1000	750	50
1147	1	g1048_fish_move_track_3bit_135_180.effect	16750	150	1000	750	500
1148	1	g1048_fish_move_track_3bit_135_270.effect	16750	150	1000	500	500
1149	1	g1048_fish_move_track_1bit_180_0.effect	12000	150	1000	550	500
1150	1	g1048_fish_move_track_1bit_180_90.effect	12000	150	1000	750	50
1151	1	g1048_fish_move_track_1bit_180_180.effect	12000	150	1000	600	500
1152	1	g1048_fish_move_track_1bit_180_270.effect	12000	150	1000	750	500
1153	1	g1048_fish_move_track_2bit_180_0.effect	15250	150	1000	600	500
1154	1	g1048_fish_move_track_2bit_180_90.effect	15250	150	1000	750	50
1155	1	g1048_fish_move_track_2bit_180_180.effect	15250	150	1000	550	500
1156	1	g1048_fish_move_track_2bit_180_270.effect	15250	150	1000	700	500
1157	1	g1048_fish_move_track_3bit_180_0.effect	20000	150	1000	700	500
1158	1	g1048_fish_move_track_3bit_180_90.effect	20000	150	1000	750	50
1159	1	g1048_fish_move_track_3bit_180_180.effect	20000	150	1000	600	500
1160	1	g1048_fish_move_track_3bit_180_270.effect	20000	150	1000	700	500
2101	2	g1048_fish_move_track_1bit_0_0.effect	8875	150	1000	750	500
2102	2	g1048_fish_move_track_1bit_0_90.effect	8875	150	1000	600	50
2103	2	g1048_fish_move_track_1bit_0_180.effect	8875	150	1000	550	500
2104	2	g1048_fish_move_track_1bit_0_270.effect	8875	150	1000	700	500
2105	2	g1048_fish_move_track_2bit_0_0.effect	11875	150	1000	550	500
2106	2	g1048_fish_move_track_2bit_0_90.effect	11875	150	1000	600	50
2107	2	g1048_fish_move_track_2bit_0_180.effect	11875	150	1000	700	500
2108	2	g1048_fish_move_track_2bit_0_270.effect	11875	150	1000	750	500
2109	2	g1048_fish_move_track_3bit_0_0.effect	14000	150	1000	550	500
2110	2	g1048_fish_move_track_3bit_0_90.effect	14000	150	1000	700	50
2111	2	g1048_fish_move_track_3bit_0_180.effect	14000	150	1000	750	500
2112	2	g1048_fish_move_track_3bit_0_270.effect	14000	150	1000	600	500
2113	2	g1048_fish_move_track_1bit_45_0.effect	9250	150	1000	550	500
2114	2	g1048_fish_move_track_1bit_45_90.effect	9250	150	1000	750	50
2115	2	g1048_fish_move_track_1bit_45_180.effect	9250	150	1000	650	500
2116	2	g1048_fish_move_track_1bit_45_270.effect	9250	150	1000	700	500
2117	2	g1048_fish_move_track_2bit_45_0.effect	10375	150	1000	600	500
2118	2	g1048_fish_move_track_2bit_45_90.effect	10375	150	1000	650	50
2119	2	g1048_fish_move_track_2bit_45_180.effect	10375	150	1000	750	500
2120	2	g1048_fish_move_track_2bit_45_270.effect	10375	150	1000	600	500
2121	2	g1048_fish_move_track_3bit_45_0.effect	13000	150	1000	650	500
2122	2	g1048_fish_move_track_3bit_45_90.effect	13000	150	1000	700	50
2123	2	g1048_fish_move_track_3bit_45_180.effect	13000	150	1000	750	500
2124	2	g1048_fish_move_track_3bit_45_270.effect	13000	150	1000	600	500
2125	2	g1048_fish_move_track_1bit_90_0.effect	10750	150	1000	650	500
2126	2	g1048_fish_move_track_1bit_90_90.effect	10750	150	1000	600	50
2127	2	g1048_fish_move_track_1bit_90_180.effect	10750	150	1000	750	500
2128	2	g1048_fish_move_track_1bit_90_270.effect	10750	150	1000	550	500
2129	2	g1048_fish_move_track_2bit_90_0.effect	13750	150	1000	750	500
2130	2	g1048_fish_move_track_2bit_90_90.effect	13750	150	1000	650	50
2131	2	g1048_fish_move_track_2bit_90_180.effect	13750	150	1000	700	500
2132	2	g1048_fish_move_track_2bit_90_270.effect	13750	150	1000	600	500
2133	2	g1048_fish_move_track_3bit_90_0.effect	16750	150	1000	750	500
2134	2	g1048_fish_move_track_3bit_90_90.effect	16750	150	1000	600	50
2135	2	g1048_fish_move_track_3bit_90_180.effect	16750	150	1000	650	500
2136	2	g1048_fish_move_track_3bit_90_270.effect	16750	150	1000	550	500
2137	2	g1048_fish_move_track_1bit_135_0.effect	11000	150	1000	500	500
2138	2	g1048_fish_move_track_1bit_135_90.effect	11000	150	1000	550	50
2139	2	g1048_fish_move_track_1bit_135_180.effect	11000	150	1000	600	500
2140	2	g1048_fish_move_track_1bit_135_270.effect	11000	150	1000	750	500
2141	2	g1048_fish_move_track_2bit_135_0.effect	13750	150	1000	550	500
2142	2	g1048_fish_move_track_2bit_135_90.effect	13750	150	1000	750	50
2143	2	g1048_fish_move_track_2bit_135_180.effect	13750	150	1000	700	500
2144	2	g1048_fish_move_track_2bit_135_270.effect	13750	150	1000	650	500
2145	2	g1048_fish_move_track_3bit_135_0.effect	16750	150	1000	600	500
2146	2	g1048_fish_move_track_3bit_135_90.effect	16750	150	1000	750	50
2147	2	g1048_fish_move_track_3bit_135_180.effect	16750	150	1000	750	500
2148	2	g1048_fish_move_track_3bit_135_270.effect	16750	150	1000	500	500
2149	2	g1048_fish_move_track_1bit_180_0.effect	12000	150	1000	550	500
2150	2	g1048_fish_move_track_1bit_180_90.effect	12000	150	1000	750	50
2151	2	g1048_fish_move_track_1bit_180_180.effect	12000	150	1000	600	500
2152	2	g1048_fish_move_track_1bit_180_270.effect	12000	150	1000	750	500
2153	2	g1048_fish_move_track_2bit_180_0.effect	15250	150	1000	600	500
2154	2	g1048_fish_move_track_2bit_180_90.effect	15250	150	1000	750	50
2155	2	g1048_fish_move_track_2bit_180_180.effect	15250	150	1000	550	500
2156	2	g1048_fish_move_track_2bit_180_270.effect	15250	150	1000	700	500
2157	2	g1048_fish_move_track_3bit_180_0.effect	20000	150	1000	700	500
2158	2	g1048_fish_move_track_3bit_180_90.effect	20000	150	1000	750	50
2159	2	g1048_fish_move_track_3bit_180_180.effect	20000	150	1000	600	500
2160	2	g1048_fish_move_track_3bit_180_270.effect	20000	150	1000	700	500
