{
  "Class": "Boss",
  "Teams": [
    {
      "teamId": 1
    }
  ],
  "InitPos": {
    "x": -677.5,
    "y": 85,
    "z": 564.5,
    "yaw": 0
  },
  "TeamSize": 100,
  "MinPlayers": 0,
  "WaitTick": 0,
  "BattleTick": 36000,
  "BattleTimeTip": false,
  "RoundGroupId": 1,
  "?RewardPid": "奖励池Id",
  "RewardPid": 1,
  "BossCfg": {
    "position": "-677.5,98,639.5",
    "monsterId": 2107,
    "generateId": 1340
  },
  "StartTip": "poseidon.battle.start",
  "WinTip": "ship.defend.reward.win",
  "LoseTip": "ship.defend.reward.lose",
  "BattleTip": "ship.defend.tips",
  "WaitMainIcon": "set:rank.json image:img_0_battle",
  "BattleMainIcon": "set:rank.json image:img_0_battle"
}