表索引	洗练石Id(小于0为强化池)	洗练的道具类型	额外材料	价格类型	洗练价格	幸运值	幸运池Id	幸运图标
index	itemId	class	extraItem	priceType	price	luckyValue	luckyPid	luckyIcon
1	-1	ItemArmor	0#0#0	0	0	0	0	#
2	-2	ItemSword#ItemAxe#ItemPickaxe#ItemGun	0#0#0	0	0	0	0	#
3	3847	ItemArmor	3846#0#3	3	50000	0	0	#
4	3848	ItemArmor	3846#0#3	3	50000	10	3848	set:game_items_hd_event_3.json image:g1048_item_armor_refined_green
5	3849	ItemArmor	3846#0#3	3	50000	10	3849	set:game_items_hd_event_3.json image:g1048_item_armor_refined_red
6	3850	ItemArmor	3846#0#3	3	50000	10	3850	set:game_items_hd_event_3.json image:g1048_item_armor_refined_yellow
7	3890	ItemArmor	3846#0#3	3	50000	15	3890	set:game_items_hd_event_5.json image:g1048_item_armor_refined_rainbow_1
8	1273	ItemArmor	3846#0#3	3	50000	0	0	#
9	1274	ItemArmor	3846#0#3	3	50000	0	0	#
10	1275	ItemArmor	3846#0#3	3	50000	0	0	#
11	3851	ItemSword#ItemAxe#ItemPickaxe#ItemGun	3846#0#5	3	80000	0	0	#
12	3852	ItemSword#ItemAxe#ItemPickaxe#ItemGun	3846#0#5	3	80000	10	3852	set:game_items_hd_event_3.json image:g1048_item_weapon_refined_green
13	3853	ItemSword#ItemAxe#ItemPickaxe#ItemGun	3846#0#5	3	80000	10	3853	set:game_items_hd_event_3.json image:g1048_item_weapon_refined_red
14	3854	ItemSword#ItemAxe#ItemPickaxe#ItemGun	3846#0#5	3	80000	10	3854	set:game_items_hd_event_3.json image:g1048_item_weapon_refined_yellow
15	3891	ItemSword#ItemAxe#ItemPickaxe#ItemGun	3846#0#5	3	80000	15	3891	set:game_items_hd_event_5.json image:g1048_item_weapon_refined_rainbow_2
16	1276	ItemSword#ItemAxe#ItemPickaxe#ItemGun	3846#0#5	3	80000	0	0	#
17	1277	ItemSword#ItemAxe#ItemPickaxe#ItemGun	3846#0#5	3	80000	0	0	#
18	1278	ItemSword#ItemAxe#ItemPickaxe#ItemGun	3846#0#5	3	80000	0	0	#
