{
  "?lang_list": "语言频道",
  "lang_list": [
    {
      "name": "en",
      "lang": "English"
    },
    {
      "name": "zh",
      "lang": "简体中文"
    },
    {
      "name": "vi",
      "lang": "Tiếng Việt"
    },
    {
      "name": "in",
      "lang": "Indonesia"
    },
    {
      "name": "pt",
      "lang": "Português"
    },
    {
      "name": "ru",
      "lang": "русский"
    },
    {
      "name": "th",
      "lang": "ภาษาไทย"
    },
    {
      "name": "de",
      "lang": "Deutsch"
    },
    {
      "name": "ja",
      "lang": "日本語"
    },
    {
      "name": "ko",
      "lang": "한국어"
    },
    {
      "name": "es",
      "lang": "Español"
    },
    {
      "name": "fr",
      "lang": "Français"
    },
    {
      "name": "it",
      "lang": "Italiano"
    },
    {
      "name": "tr",
      "lang": "Türkiye"
    },
    {
      "name": "pl",
      "lang": "Polski"
    }
  ],
  "#colorful": [
    "红",
    "茄红",
    "金",
    "橙",
    "绿宝石",
    "淡绿色",
    "紫罗兰",
    "粉色",
    "淡蓝色",
    "白"
  ],
  "colorful": [
    "DC143C",
    "FF6347",
    "FFD700",
    "FF8C00",
    "40E0D0",
    "90EE90",
    "EE82EE",
    "FFC0CB",
    "87CEFA",
    "FFFFFF"
  ],
  "?chat_tabs": "聊天页签: 1=世界聊天; 2=附近; 3=通用; 4=好友; 5=队伍; 6=组队; 7=岛屿;",
  "chat_tabs": {
    "g1048": "1,2,7,4",
    "g1049": "1,2,4",
    "g1050": "1,2,4",
    "g1066": "1,2,4,5"
  }
}