顺序	图片	名称	随机数	动画间隔	动画次数
id	icon	name	random	period	times
1	set:emoji.json image:img_0_phiz_angry	gui.emoji.name.1	0	999	1
2	set:emoji.json image:img_0_phiz_cry	gui.emoji.name.2	0	999	1
3	set:emoji.json image:img_0_phiz_darkcircles	gui.emoji.name.3	0	999	1
4	set:emoji.json image:img_0_phiz_daze	gui.emoji.name.4	0	999	1
5	set:emoji.json image:img_0_phiz_funny	gui.emoji.name.5	0	999	1
6	set:emoji.json image:img_0_phiz_good	gui.emoji.name.6	0	999	1
7	set:emoji.json image:img_0_phiz_gosh	gui.emoji.name.7	0	999	1
8	set:emoji.json image:img_0_phiz_hello	gui.emoji.name.8	0	999	1
9	set:emoji.json image:img_0_phiz_love	gui.emoji.name.9	0	999	1
10	set:emoji.json image:img_0_phiz_nosebleed	gui.emoji.name.10	0	999	1
11	set:emoji.json image:img_0_phiz_shutup	gui.emoji.name.11	0	999	1
12	set:emoji.json image:img_0_phiz_shy	gui.emoji.name.12	0	999	1
13	set:emoji.json image:img_0_phiz_speechless	gui.emoji.name.13	0	999	1
14	set:emoji.json image:img_0_phiz_surprised	gui.emoji.name.14	0	999	1
15	set:emoji.json image:img_0_phiz_think	gui.emoji.name.15	0	999	1
16	set:emoji.json image:img_0_phiz_threwup	gui.emoji.name.16	0	999	1
17	set:emoji_dice.json image:dice	#	6	6	24
18	set:emoji_mora.json image:mora	#	3	16	9
