{
    "frames": {
        "btn_0_add01": {
            "frame": {
                "x": 44,
                "y": 36,
                "w": 32,
                "h": 36
            },
            "offset": {
                "x": 0,
                "y": 0,
                "w": 32,
                "h": 36
            },
            "sourceSize": {
                "w": 32,
                "h": 36
            }
        },
        "btn_0_back": {
            "frame": {
                "x": 397,
                "y": 241,
                "w": 68,
                "h": 80
            },
            "offset": {
                "x": 0,
                "y": 0,
                "w": 68,
                "h": 80
            },
            "sourceSize": {
                "w": 68,
                "h": 80
            }
        },
        "btn_0_blue": {
            "frame": {
                "x": 135,
                "y": 241,
                "w": 68,
                "h": 67
            },
            "offset": {
                "x": 0,
                "y": 0,
                "w": 68,
                "h": 67
            },
            "sourceSize": {
                "w": 68,
                "h": 67
            }
        },
        "btn_0_close02": {
            "frame": {
                "x": 153,
                "y": 1,
                "w": 24,
                "h": 24
            },
            "offset": {
                "x": 0,
                "y": 0,
                "w": 24,
                "h": 24
            },
            "sourceSize": {
                "w": 24,
                "h": 24
            }
        },
        "btn_0_delete01": {
            "frame": {
                "x": 204,
                "y": 241,
                "w": 165,
                "h": 73
            },
            "offset": {
                "x": 0,
                "y": 0,
                "w": 165,
                "h": 73
            },
            "sourceSize": {
                "w": 165,
                "h": 73
            }
        },
        "btn_0_description": {
            "frame": {
                "x": 266,
                "y": 178,
                "w": 47,
                "h": 57
            },
            "offset": {
                "x": 0,
                "y": 0,
                "w": 47,
                "h": 57
            },
            "sourceSize": {
                "w": 47,
                "h": 57
            }
        },
        "btn_0_description1": {
            "frame": {
                "x": 64,
                "y": 125,
                "w": 46,
                "h": 48
            },
            "offset": {
                "x": 0,
                "y": 0,
                "w": 46,
                "h": 48
            },
            "sourceSize": {
                "w": 46,
                "h": 48
            }
        },
        "btn_0_description_small": {
            "frame": {
                "x": 278,
                "y": 1,
                "w": 31,
                "h": 33
            },
            "offset": {
                "x": 0,
                "y": 0,
                "w": 31,
                "h": 33
            },
            "sourceSize": {
                "w": 31,
                "h": 33
            }
        },
        "btn_0_detail": {
            "frame": {
                "x": 158,
                "y": 77,
                "w": 224,
                "h": 44
            },
            "offset": {
                "x": 0,
                "y": 0,
                "w": 224,
                "h": 44
            },
            "sourceSize": {
                "w": 224,
                "h": 44
            }
        },
        "btn_0_rule": {
            "frame": {
                "x": 269,
                "y": 36,
                "w": 36,
                "h": 39
            },
            "offset": {
                "x": 0,
                "y": 0,
                "w": 36,
                "h": 39
            },
            "sourceSize": {
                "w": 36,
                "h": 39
            }
        },
        "btn_0_switch": {
            "frame": {
                "x": 306,
                "y": 36,
                "w": 143,
                "h": 40
            },
            "offset": {
                "x": 0,
                "y": 0,
                "w": 143,
                "h": 40
            },
            "sourceSize": {
                "w": 143,
                "h": 40
            }
        },
        "btn_0_yellow": {
            "frame": {
                "x": 66,
                "y": 241,
                "w": 68,
                "h": 67
            },
            "offset": {
                "x": 0,
                "y": 0,
                "w": 68,
                "h": 67
            },
            "sourceSize": {
                "w": 68,
                "h": 67
            }
        },
        "img_0_effect": {
            "frame": {
                "x": 1,
                "y": 433,
                "w": 128,
                "h": 114
            },
            "offset": {
                "x": 0,
                "y": 0,
                "w": 128,
                "h": 114
            },
            "sourceSize": {
                "w": 128,
                "h": 114
            }
        },
        "img_0_events03": {
            "frame": {
                "x": 1,
                "y": 322,
                "w": 79,
                "h": 83
            },
            "offset": {
                "x": 0,
                "y": 0,
                "w": 79,
                "h": 83
            },
            "sourceSize": {
                "w": 79,
                "h": 83
            }
        },
        "img_0_events04": {
            "frame": {
                "x": 310,
                "y": 1,
                "w": 124,
                "h": 34
            },
            "offset": {
                "x": 0,
                "y": 0,
                "w": 124,
                "h": 34
            },
            "sourceSize": {
                "w": 124,
                "h": 34
            }
        },
        "img_0_events08": {
            "frame": {
                "x": 150,
                "y": 569,
                "w": 211,
                "h": 153
            },
            "offset": {
                "x": 0,
                "y": 0,
                "w": 211,
                "h": 153
            },
            "sourceSize": {
                "w": 211,
                "h": 153
            }
        },
        "img_0_events09": {
            "frame": {
                "x": 128,
                "y": 1,
                "w": 24,
                "h": 24
            },
            "offset": {
                "x": 0,
                "y": 0,
                "w": 24,
                "h": 24
            },
            "sourceSize": {
                "w": 24,
                "h": 24
            }
        },
        "img_0_grade_random": {
            "frame": {
                "x": 1,
                "y": 569,
                "w": 148,
                "h": 148
            },
            "offset": {
                "x": 0,
                "y": 0,
                "w": 148,
                "h": 148
            },
            "sourceSize": {
                "w": 148,
                "h": 148
            }
        },
        "img_0_gradient_round": {
            "frame": {
                "x": 198,
                "y": 433,
                "w": 128,
                "h": 129
            },
            "offset": {
                "x": 0,
                "y": 0,
                "w": 128,
                "h": 129
            },
            "sourceSize": {
                "w": 128,
                "h": 129
            }
        },
        "img_0_icon_dan": {
            "frame": {
                "x": 54,
                "y": 178,
                "w": 52,
                "h": 52
            },
            "offset": {
                "x": 0,
                "y": 0,
                "w": 52,
                "h": 52
            },
            "sourceSize": {
                "w": 52,
                "h": 52
            }
        },
        "img_0_icon_key": {
            "frame": {
                "x": 386,
                "y": 125,
                "w": 52,
                "h": 52
            },
            "offset": {
                "x": 0,
                "y": 0,
                "w": 52,
                "h": 52
            },
            "sourceSize": {
                "w": 52,
                "h": 52
            }
        },
        "img_0_icon_kill": {
            "frame": {
                "x": 1,
                "y": 178,
                "w": 52,
                "h": 52
            },
            "offset": {
                "x": 0,
                "y": 0,
                "w": 52,
                "h": 52
            },
            "sourceSize": {
                "w": 52,
                "h": 52
            }
        },
        "img_0_icon_littlegame": {
            "frame": {
                "x": 107,
                "y": 178,
                "w": 52,
                "h": 52
            },
            "offset": {
                "x": 0,
                "y": 0,
                "w": 52,
                "h": 52
            },
            "sourceSize": {
                "w": 52,
                "h": 52
            }
        },
        "img_0_icon_login": {
            "frame": {
                "x": 213,
                "y": 178,
                "w": 52,
                "h": 52
            },
            "offset": {
                "x": 0,
                "y": 0,
                "w": 52,
                "h": 52
            },
            "sourceSize": {
                "w": 52,
                "h": 52
            }
        },
        "img_0_icon_match": {
            "frame": {
                "x": 160,
                "y": 178,
                "w": 52,
                "h": 52
            },
            "offset": {
                "x": 0,
                "y": 0,
                "w": 52,
                "h": 52
            },
            "sourceSize": {
                "w": 52,
                "h": 52
            }
        },
        "img_0_icon_prop": {
            "frame": {
                "x": 333,
                "y": 125,
                "w": 52,
                "h": 52
            },
            "offset": {
                "x": 0,
                "y": 0,
                "w": 52,
                "h": 52
            },
            "sourceSize": {
                "w": 52,
                "h": 52
            }
        },
        "img_0_icon_share": {
            "frame": {
                "x": 227,
                "y": 125,
                "w": 52,
                "h": 52
            },
            "offset": {
                "x": 0,
                "y": 0,
                "w": 52,
                "h": 52
            },
            "sourceSize": {
                "w": 52,
                "h": 52
            }
        },
        "img_0_icon_team": {
            "frame": {
                "x": 280,
                "y": 125,
                "w": 52,
                "h": 52
            },
            "offset": {
                "x": 0,
                "y": 0,
                "w": 52,
                "h": 52
            },
            "sourceSize": {
                "w": 52,
                "h": 52
            }
        },
        "img_0_icon_time": {
            "frame": {
                "x": 174,
                "y": 125,
                "w": 52,
                "h": 52
            },
            "offset": {
                "x": 0,
                "y": 0,
                "w": 52,
                "h": 52
            },
            "sourceSize": {
                "w": 52,
                "h": 52
            }
        },
        "img_0_itembd_blue": {
            "frame": {
                "x": 363,
                "y": 322,
                "w": 106,
                "h": 110
            },
            "offset": {
                "x": 0,
                "y": 0,
                "w": 106,
                "h": 110
            },
            "sourceSize": {
                "w": 106,
                "h": 110
            }
        },
        "img_0_itembd_purple": {
            "frame": {
                "x": 149,
                "y": 322,
                "w": 106,
                "h": 110
            },
            "offset": {
                "x": 0,
                "y": 0,
                "w": 106,
                "h": 110
            },
            "sourceSize": {
                "w": 106,
                "h": 110
            }
        },
        "img_0_itembd_yellow": {
            "frame": {
                "x": 256,
                "y": 322,
                "w": 106,
                "h": 110
            },
            "offset": {
                "x": 0,
                "y": 0,
                "w": 106,
                "h": 110
            },
            "sourceSize": {
                "w": 106,
                "h": 110
            }
        },
        "img_0_key_bg": {
            "frame": {
                "x": 77,
                "y": 36,
                "w": 152,
                "h": 37
            },
            "offset": {
                "x": 0,
                "y": 0,
                "w": 152,
                "h": 37
            },
            "sourceSize": {
                "w": 152,
                "h": 37
            }
        },
        "img_0_lucky02": {
            "frame": {
                "x": 74,
                "y": 1,
                "w": 16,
                "h": 16
            },
            "offset": {
                "x": 0,
                "y": 0,
                "w": 16,
                "h": 16
            },
            "sourceSize": {
                "w": 16,
                "h": 16
            }
        },
        "img_0_lucky03": {
            "frame": {
                "x": 91,
                "y": 1,
                "w": 16,
                "h": 16
            },
            "offset": {
                "x": 0,
                "y": 0,
                "w": 16,
                "h": 16
            },
            "sourceSize": {
                "w": 16,
                "h": 16
            }
        },
        "img_0_red_dot02": {
            "frame": {
                "x": 56,
                "y": 1,
                "w": 17,
                "h": 15
            },
            "offset": {
                "x": 0,
                "y": 0,
                "w": 17,
                "h": 15
            },
            "sourceSize": {
                "w": 17,
                "h": 15
            }
        },
        "img_0_sale_line": {
            "frame": {
                "x": 1,
                "y": 1,
                "w": 54,
                "h": 12
            },
            "offset": {
                "x": 0,
                "y": 0,
                "w": 54,
                "h": 12
            },
            "sourceSize": {
                "w": 54,
                "h": 12
            }
        },
        "img_0_selected01": {
            "frame": {
                "x": 230,
                "y": 36,
                "w": 38,
                "h": 38
            },
            "offset": {
                "x": 0,
                "y": 0,
                "w": 38,
                "h": 38
            },
            "sourceSize": {
                "w": 38,
                "h": 38
            }
        },
        "img_0_selected02": {
            "frame": {
                "x": 1,
                "y": 36,
                "w": 42,
                "h": 34
            },
            "offset": {
                "x": 0,
                "y": 0,
                "w": 42,
                "h": 34
            },
            "sourceSize": {
                "w": 42,
                "h": 34
            }
        },
        "img_0_star_mask": {
            "frame": {
                "x": 362,
                "y": 569,
                "w": 67,
                "h": 164
            },
            "offset": {
                "x": 0,
                "y": 0,
                "w": 67,
                "h": 164
            },
            "sourceSize": {
                "w": 67,
                "h": 164
            }
        },
        "img_0_star_mask_1": {
            "frame": {
                "x": 81,
                "y": 322,
                "w": 67,
                "h": 83
            },
            "offset": {
                "x": 0,
                "y": 0,
                "w": 67,
                "h": 83
            },
            "sourceSize": {
                "w": 67,
                "h": 83
            }
        },
        "img_0_star_mask_2": {
            "frame": {
                "x": 130,
                "y": 433,
                "w": 67,
                "h": 123
            },
            "offset": {
                "x": 0,
                "y": 0,
                "w": 67,
                "h": 123
            },
            "sourceSize": {
                "w": 67,
                "h": 123
            }
        },
        "img_0_star_mask_3": {
            "frame": {
                "x": 362,
                "y": 569,
                "w": 67,
                "h": 164
            },
            "offset": {
                "x": 0,
                "y": 0,
                "w": 67,
                "h": 164
            },
            "sourceSize": {
                "w": 67,
                "h": 164
            }
        },
        "img_0_textbg": {
            "frame": {
                "x": 314,
                "y": 178,
                "w": 30,
                "h": 58
            },
            "offset": {
                "x": 0,
                "y": 0,
                "w": 30,
                "h": 58
            },
            "sourceSize": {
                "w": 30,
                "h": 58
            }
        },
        "img_0_time": {
            "frame": {
                "x": 108,
                "y": 1,
                "w": 19,
                "h": 19
            },
            "offset": {
                "x": 0,
                "y": 0,
                "w": 19,
                "h": 19
            },
            "sourceSize": {
                "w": 19,
                "h": 19
            }
        },
        "img_0_treasure_chest01": {
            "frame": {
                "x": 111,
                "y": 125,
                "w": 62,
                "h": 48
            },
            "offset": {
                "x": 0,
                "y": 0,
                "w": 62,
                "h": 48
            },
            "sourceSize": {
                "w": 62,
                "h": 48
            }
        },
        "img_0_treasure_chest02": {
            "frame": {
                "x": 1,
                "y": 125,
                "w": 62,
                "h": 48
            },
            "offset": {
                "x": 0,
                "y": 0,
                "w": 62,
                "h": 48
            },
            "sourceSize": {
                "w": 62,
                "h": 48
            }
        },
        "img_0_turntable_select": {
            "frame": {
                "x": 327,
                "y": 433,
                "w": 135,
                "h": 135
            },
            "offset": {
                "x": 0,
                "y": 0,
                "w": 135,
                "h": 135
            },
            "sourceSize": {
                "w": 135,
                "h": 135
            }
        },
        "img_0_up": {
            "frame": {
                "x": 1,
                "y": 241,
                "w": 64,
                "h": 64
            },
            "offset": {
                "x": 0,
                "y": 0,
                "w": 64,
                "h": 64
            },
            "sourceSize": {
                "w": 64,
                "h": 64
            }
        },
        "img_9_discount": {
            "frame": {
                "x": 205,
                "y": 1,
                "w": 72,
                "h": 28
            },
            "offset": {
                "x": 0,
                "y": 0,
                "w": 72,
                "h": 28
            },
            "sourceSize": {
                "w": 72,
                "h": 28
            }
        },
        "img_9_fragment_bg": {
            "frame": {
                "x": 383,
                "y": 77,
                "w": 47,
                "h": 47
            },
            "offset": {
                "x": 0,
                "y": 0,
                "w": 47,
                "h": 47
            },
            "sourceSize": {
                "w": 47,
                "h": 47
            }
        },
        "img_9_gradient_bottom": {
            "frame": {
                "x": 436,
                "y": 569,
                "w": 5,
                "h": 233
            },
            "offset": {
                "x": 0,
                "y": 0,
                "w": 5,
                "h": 233
            },
            "sourceSize": {
                "w": 5,
                "h": 233
            }
        },
        "img_9_gradient_top": {
            "frame": {
                "x": 430,
                "y": 569,
                "w": 5,
                "h": 233
            },
            "offset": {
                "x": 0,
                "y": 0,
                "w": 5,
                "h": 233
            },
            "sourceSize": {
                "w": 5,
                "h": 233
            }
        },
        "img_9_obtain_bg": {
            "frame": {
                "x": 370,
                "y": 241,
                "w": 26,
                "h": 74
            },
            "offset": {
                "x": 0,
                "y": 0,
                "w": 26,
                "h": 74
            },
            "sourceSize": {
                "w": 26,
                "h": 74
            }
        },
        "img_9_obtain_bg_1": {
            "frame": {
                "x": 345,
                "y": 178,
                "w": 61,
                "h": 62
            },
            "offset": {
                "x": 0,
                "y": 0,
                "w": 61,
                "h": 62
            },
            "sourceSize": {
                "w": 61,
                "h": 62
            }
        },
        "img_9_resources": {
            "frame": {
                "x": 1,
                "y": 77,
                "w": 156,
                "h": 44
            },
            "offset": {
                "x": 0,
                "y": 0,
                "w": 156,
                "h": 44
            },
            "sourceSize": {
                "w": 156,
                "h": 44
            }
        },
        "img_9_rewardlist_bd": {
            "frame": {
                "x": 178,
                "y": 1,
                "w": 26,
                "h": 28
            },
            "offset": {
                "x": 0,
                "y": 0,
                "w": 26,
                "h": 28
            },
            "sourceSize": {
                "w": 26,
                "h": 28
            }
        }
    },
    "meta": {
        "image": "game_activity.png",
        "format": "RGBA8888",
        "size": {
            "w": 470,
            "h": 831
        },
        "scale": "1",
        "type": "frame"
    }
}