{
    "地图配置说明": {
        "startPos": "起始坐标",
        "endPos": "结束坐标",
        "smallScale": "小地图比例尺",
        "largeScale": "大地图比例尺",
        "mapImage": "地图图片"
    },
    "g1066": {
        "startPos": {
            "x": 0,
            "y": 0,
            "z": 0
        },
        "endPos": {
            "x": 300,
            "y": 255,
            "z": 200
        },
        "smallScale": 1.6,
        "largeScale": 1,
        "mapImage": "set:g1008_minimap.json image:minimap"
    }
}