区域Id	蓝图道具Id	传送坐标	起点坐标	终点坐标	退出NPC模型	退出NPC坐标	保存NPC模型	保存NPC坐标
id	itemId	initPos	startPos	endPos	quitActor	quitPos	saveActor	savePos
101	1422	894,33,189,180	887,33,168	907,53,188	g1050_build_door_1048.actor	890,33,189	g1048_blueprint_save.actor	892,33,189
102	1422	920,33,189,180	913,33,168	933,53,188	g1050_build_door_1048.actor	916,33,189	g1048_blueprint_save.actor	918,33,189
103	1422	946,33,189,180	939,33,168	959,53,188	g1050_build_door_1048.actor	942,33,189	g1048_blueprint_save.actor	944,33,189
104	1422	972,33,189,180	965,33,168	985,53,188	g1050_build_door_1048.actor	968,33,189	g1048_blueprint_save.actor	970,33,189
105	1422	998,33,189,180	991,33,168	1011,53,188	g1050_build_door_1048.actor	994,33,189	g1048_blueprint_save.actor	996,33,189
106	1422	894,33,163,180	887,33,142	907,53,162	g1050_build_door_1048.actor	890,33,163	g1048_blueprint_save.actor	892,33,163
107	1422	920,33,163,180	913,33,142	933,53,162	g1050_build_door_1048.actor	916,33,163	g1048_blueprint_save.actor	918,33,163
108	1422	946,33,163,180	939,33,142	959,53,162	g1050_build_door_1048.actor	942,33,163	g1048_blueprint_save.actor	944,33,163
109	1422	972,33,163,180	965,33,142	985,53,162	g1050_build_door_1048.actor	968,33,163	g1048_blueprint_save.actor	970,33,163
110	1422	998,33,163,180	991,33,142	1011,53,162	g1050_build_door_1048.actor	994,33,163	g1048_blueprint_save.actor	996,33,163
111	1422	894,33,137,180	887,33,116	907,53,136	g1050_build_door_1048.actor	890,33,137	g1048_blueprint_save.actor	892,33,137
112	1422	920,33,137,180	913,33,116	933,53,136	g1050_build_door_1048.actor	916,33,137	g1048_blueprint_save.actor	918,33,137
113	1422	946,33,137,180	939,33,116	959,53,136	g1050_build_door_1048.actor	942,33,137	g1048_blueprint_save.actor	944,33,137
114	1422	972,33,137,180	965,33,116	985,53,136	g1050_build_door_1048.actor	968,33,137	g1048_blueprint_save.actor	970,33,137
115	1422	998,33,137,180	991,33,116	1011,53,136	g1050_build_door_1048.actor	994,33,137	g1048_blueprint_save.actor	996,33,137
116	1422	894,33,111,180	887,33,90	907,53,110	g1050_build_door_1048.actor	890,33,111	g1048_blueprint_save.actor	892,33,111
117	1422	920,33,111,180	913,33,90	933,53,110	g1050_build_door_1048.actor	916,33,111	g1048_blueprint_save.actor	918,33,111
118	1422	946,33,111,180	939,33,90	959,53,110	g1050_build_door_1048.actor	942,33,111	g1048_blueprint_save.actor	944,33,111
119	1422	972,33,111,180	965,33,90	985,53,110	g1050_build_door_1048.actor	968,33,111	g1048_blueprint_save.actor	970,33,111
120	1422	998,33,111,180	991,33,90	1011,53,110	g1050_build_door_1048.actor	994,33,111	g1048_blueprint_save.actor	996,33,111
