表索引	蓝图道具Id	蓝图道具meta	蓝图文件	加载偏移	增加的经验值
index	itemId	meta	file	offsetY	exp
1	1420	0	g1048_blueprint_tree_01.csv	0	775
2	1420	1	g1048_blueprint_tree_02.csv	0	500
3	1420	2	g1048_blueprint_tree_03.csv	0	50
4	1420	3	g1048_blueprint_tree_04.csv	0	845
5	1420	4	g1048_blueprint_tree_05.csv	0	810
6	1420	5	g1048_blueprint_tree_06.csv	0	1510
7	1420	6	g1048_blueprint_tree_07.csv	0	685
8	1420	7	g1048_blueprint_tree_08.csv	0	820
9	1420	8	g1048_blueprint_tree_09.csv	0	235
10	1420	9	g1048_blueprint_tree_10.csv	0	225
11	1420	10	g1048_blueprint_tree_11.csv	0	3180
12	1420	11	g1048_blueprint_rural_build_01.csv	0	32566
13	1420	12	g1048_blueprint_rural_build_02.csv	0	16349
14	1420	13	g1048_blueprint_rural_build_03.csv	0	7013
15	1420	14	g1048_blueprint_rural_build_04.csv	0	13532
16	1420	15	g1048_blueprint_rural_build_05.csv	0	24948
17	1420	16	g1048_blueprint_rural_build_06.csv	0	118380
18	1420	17	g1048_blueprint_rural_build_07.csv	30	113223
19	1420	18	g1048_blueprint_rural_build_08.csv	0	14656
20	1420	19	g1048_blueprint_rural_build_09.csv	0	34136
21	1420	20	g1048_blueprint_rural_build_10.csv	0	201121
22	1420	21	g1048_blueprint_rural_build_11.csv	0	26954
23	1420	22	g1048_blueprint_modern_build_01.csv	0	242415
24	1420	23	g1048_blueprint_modern_build_02.csv	0	541201
25	1420	24	g1048_blueprint_modern_build_03.csv	0	146486
26	1420	25	g1048_blueprint_modern_build_04.csv	0	550830
27	1420	26	g1048_blueprint_modern_build_05.csv	0	231835
28	1420	27	g1048_blueprint_modern_build_06.csv	0	582947
29	1420	28	g1048_blueprint_modern_build_07.csv	0	745070
30	1420	29	g1048_blueprint_decorate_01.csv	30	633584
31	1420	30	g1048_blueprint_decorate_02.csv	30	608764
32	1420	31	g1048_blueprint_decorate_03.csv	0	20970
33	1420	32	g1048_blueprint_decorate_04.csv	0	26590
34	1420	33	g1048_blueprint_decorate_05.csv	0	22825
35	1421	0	custom	0	0
36	1428	0	g1048_noob_blueprint.csv	0	2300